1,1,0.00,8.28,351.31,1061.34,0.9419,-1,-1,-1
1,2,403.76,277.12,108.38,319.52,0.8871,-1,-1,-1
1,3,545.23,271.15,96.08,316.78,0.8846,-1,-1,-1
1,4,874.73,152.86,241.08,625.69,0.8442,-1,-1,-1
2,1,0.17,6.71,345.73,1067.92,0.9475,-1,-1,-1
2,2,397.94,272.27,111.17,322.10,0.8921,-1,-1,-1
2,3,541.47,266.95,97.80,321.72,0.8821,-1,-1,-1
2,4,869.90,149.43,236.52,628.31,0.8476,-1,-1,-1
3,1,-0.10,6.22,340.65,1067.46,0.9500,-1,-1,-1
3,2,391.15,272.28,110.20,323.60,0.9089,-1,-1,-1
3,3,536.12,264.86,98.30,329.20,0.8743,-1,-1,-1
3,4,865.53,152.41,228.74,627.54,0.8588,-1,-1,-1
4,1,0.07,4.31,327.97,1068.02,0.9462,-1,-1,-1
4,2,382.46,267.94,112.50,329.36,0.9157,-1,-1,-1
4,3,531.52,264.79,97.00,331.24,0.8795,-1,-1,-1
4,4,868.63,153.45,219.68,628.47,0.8707,-1,-1,-1
5,1,0.35,2.93,311.94,1064.55,0.9410,-1,-1,-1
5,2,376.15,262.48,111.39,334.00,0.9178,-1,-1,-1
5,3,526.55,262.16,97.06,334.38,0.8844,-1,-1,-1
5,4,876.65,151.99,207.61,633.87,0.8383,-1,-1,-1
6,1,0.57,17.64,292.31,1054.87,0.9103,-1,-1,-1
6,2,371.07,260.20,112.04,336.28,0.9154,-1,-1,-1
6,3,520.65,261.73,99.94,336.14,0.8873,-1,-1,-1
6,4,883.22,151.32,198.36,627.09,0.8324,-1,-1,-1
7,1,0.85,61.78,273.43,1009.50,0.9236,-1,-1,-1
7,2,363.18,259.63,114.17,338.73,0.9087,-1,-1,-1
7,3,516.29,259.29,100.33,343.44,0.8790,-1,-1,-1
7,4,892.72,151.70,187.49,622.11,0.8482,-1,-1,-1
8,1,0.98,83.30,258.69,986.32,0.9122,-1,-1,-1
8,2,353.32,259.40,118.87,343.20,0.9015,-1,-1,-1
8,3,511.17,261.77,100.61,346.82,0.9012,-1,-1,-1
8,4,893.62,151.51,185.17,625.93,0.8147,-1,-1,-1
9,1,0.98,97.48,227.39,972.58,0.8746,-1,-1,-1
9,2,347.51,260.11,120.36,345.00,0.8941,-1,-1,-1
9,3,506.14,261.93,103.13,348.16,0.9065,-1,-1,-1
9,4,889.98,153.51,185.54,625.02,0.7965,-1,-1,-1
9,5,1036.30,302.71,84.82,347.95,0.7265,-1,-1,-1
10,1,1.11,103.70,206.44,963.44,0.7700,-1,-1,-1
10,2,344.26,259.12,119.47,347.35,0.8853,-1,-1,-1
10,3,500.56,263.40,105.60,349.17,0.8799,-1,-1,-1
10,4,883.65,155.98,187.90,623.29,0.8527,-1,-1,-1
10,5,1036.49,297.83,82.26,356.01,0.6750,-1,-1,-1
11,1,1.08,110.64,177.98,956.92,0.7948,-1,-1,-1
11,2,337.56,261.17,121.96,348.90,0.8730,-1,-1,-1
11,3,493.73,262.07,108.96,353.92,0.8844,-1,-1,-1
11,4,880.61,156.04,187.57,628.74,0.8549,-1,-1,-1
11,5,1038.04,292.32,76.17,365.16,0.7497,-1,-1,-1
12,1,0.76,116.13,160.02,763.86,0.8106,-1,-1,-1
12,2,327.50,263.15,126.43,352.03,0.8961,-1,-1,-1
12,3,489.33,258.60,111.10,358.99,0.8730,-1,-1,-1
12,4,872.38,156.34,189.95,632.96,0.8769,-1,-1,-1
12,5,1036.48,290.93,73.17,369.21,0.7575,-1,-1,-1
13,1,1.08,136.76,139.74,628.39,0.7814,-1,-1,-1
13,2,319.71,263.41,131.70,356.74,0.9048,-1,-1,-1
13,3,483.26,255.42,114.31,362.72,0.8837,-1,-1,-1
13,4,864.32,155.38,194.78,636.78,0.8677,-1,-1,-1
13,5,1034.71,294.47,74.40,360.87,0.7552,-1,-1,-1
14,1,0.67,173.40,115.66,578.30,0.6631,-1,-1,-1
14,2,314.22,264.75,134.34,360.19,0.9131,-1,-1,-1
14,3,478.91,254.23,116.13,365.42,0.8926,-1,-1,-1
14,4,855.69,153.84,200.26,640.68,0.8293,-1,-1,-1
14,5,1032.83,290.45,74.49,365.37,0.7521,-1,-1,-1
15,2,314.40,267.46,131.57,361.55,0.9123,-1,-1,-1
15,3,475.58,254.59,118.09,366.53,0.8941,-1,-1,-1
15,4,845.99,152.98,205.59,641.89,0.8430,-1,-1,-1
15,5,1030.07,284.47,76.89,371.60,0.7528,-1,-1,-1
16,2,309.54,269.35,134.81,364.32,0.9181,-1,-1,-1
16,3,473.15,255.46,120.71,368.87,0.8964,-1,-1,-1
16,4,840.54,153.47,210.39,644.52,0.8483,-1,-1,-1
16,5,1027.82,276.86,79.97,380.50,0.6040,-1,-1,-1
17,2,307.95,274.88,135.04,366.22,0.9001,-1,-1,-1
17,3,471.28,256.76,122.69,371.04,0.9016,-1,-1,-1
17,4,837.84,155.05,214.36,647.72,0.8710,-1,-1,-1
17,5,1024.39,274.65,85.42,380.90,0.6875,-1,-1,-1
18,2,308.26,279.45,134.28,367.00,0.8955,-1,-1,-1
18,3,469.04,259.02,126.21,374.30,0.8963,-1,-1,-1
18,4,837.41,158.61,214.14,651.90,0.8930,-1,-1,-1
18,5,1021.71,267.67,88.44,386.12,0.6977,-1,-1,-1
19,2,298.30,283.06,143.42,372.92,0.9018,-1,-1,-1
19,3,466.69,262.27,130.43,378.53,0.8815,-1,-1,-1
19,4,841.26,162.31,205.60,654.71,0.8891,-1,-1,-1
19,5,1016.69,257.11,93.55,397.58,0.7833,-1,-1,-1
20,2,296.15,288.91,146.43,375.99,0.9020,-1,-1,-1
20,3,467.79,271.30,130.66,379.51,0.8833,-1,-1,-1
20,4,846.09,167.50,197.96,655.78,0.8812,-1,-1,-1
20,5,1013.33,251.94,97.65,407.59,0.7966,-1,-1,-1
21,2,303.78,288.68,144.95,383.09,0.9164,-1,-1,-1
21,3,472.68,274.60,133.79,386.88,0.8783,-1,-1,-1
21,4,860.45,169.49,188.61,657.45,0.8599,-1,-1,-1
21,5,1017.58,249.12,104.85,413.60,0.8499,-1,-1,-1
22,2,321.71,288.60,144.89,386.82,0.8898,-1,-1,-1
22,3,493.15,276.70,131.34,392.24,0.8878,-1,-1,-1
22,4,880.71,168.97,187.99,660.52,0.8817,-1,-1,-1
22,5,1032.51,249.08,107.66,418.51,0.8607,-1,-1,-1
23,2,331.92,291.62,145.58,388.01,0.8905,-1,-1,-1
23,3,506.00,280.88,131.17,393.80,0.8937,-1,-1,-1
23,4,886.98,171.77,190.24,661.17,0.8970,-1,-1,-1
23,5,1041.39,252.86,112.23,416.82,0.8769,-1,-1,-1
24,2,341.40,293.49,147.10,391.19,0.9044,-1,-1,-1
24,3,516.02,283.96,132.03,395.59,0.8930,-1,-1,-1
24,4,885.88,173.34,200.99,660.57,0.8995,-1,-1,-1
24,5,1048.58,254.99,118.19,416.08,0.8679,-1,-1,-1
25,2,354.13,294.49,145.57,391.09,0.9079,-1,-1,-1
25,3,525.06,284.67,134.09,404.35,0.8992,-1,-1,-1
25,4,882.55,173.94,209.69,657.93,0.8938,-1,-1,-1
25,5,1058.31,258.08,122.27,416.48,0.8748,-1,-1,-1
26,2,365.96,296.19,148.97,396.27,0.9094,-1,-1,-1
26,3,539.10,292.47,133.10,407.02,0.8862,-1,-1,-1
26,4,884.56,175.26,216.91,654.45,0.9018,-1,-1,-1
26,5,1068.41,261.06,130.78,419.52,0.8763,-1,-1,-1
27,2,381.20,299.39,145.88,398.52,0.8970,-1,-1,-1
27,3,552.57,293.64,134.76,413.52,0.8925,-1,-1,-1
27,4,885.85,177.99,225.55,655.64,0.8935,-1,-1,-1
27,5,1081.09,265.49,137.26,417.97,0.8774,-1,-1,-1
28,2,386.06,305.29,146.86,402.14,0.9021,-1,-1,-1
28,3,560.26,298.45,134.24,416.07,0.8959,-1,-1,-1
28,4,886.42,184.95,230.73,658.27,0.9047,-1,-1,-1
28,5,1086.89,272.76,139.81,417.83,0.8972,-1,-1,-1
29,2,391.37,309.85,143.61,406.01,0.9075,-1,-1,-1
29,3,564.10,299.85,135.15,418.84,0.8898,-1,-1,-1
29,4,885.26,190.61,227.19,660.00,0.9041,-1,-1,-1
29,5,1091.05,278.36,142.39,422.14,0.8950,-1,-1,-1
30,2,397.20,312.85,144.95,412.20,0.9132,-1,-1,-1
30,3,568.91,300.28,137.93,419.16,0.8976,-1,-1,-1
30,4,888.56,195.25,226.10,661.45,0.8960,-1,-1,-1
30,5,1097.65,280.92,150.18,429.43,0.8867,-1,-1,-1
31,2,400.05,318.83,146.14,417.96,0.9191,-1,-1,-1
31,3,573.02,302.80,137.39,420.26,0.8783,-1,-1,-1
31,4,889.15,200.93,227.73,664.82,0.9098,-1,-1,-1
31,5,1102.42,285.03,153.77,433.24,0.8957,-1,-1,-1
32,2,401.72,324.44,146.38,420.77,0.9269,-1,-1,-1
32,3,577.48,305.89,135.50,427.72,0.8931,-1,-1,-1
32,4,889.89,208.03,231.26,668.27,0.9035,-1,-1,-1
32,5,1103.90,290.00,156.14,433.35,0.8951,-1,-1,-1
33,2,403.31,330.15,148.62,422.15,0.9243,-1,-1,-1
33,3,580.75,308.45,138.11,431.76,0.8975,-1,-1,-1
33,4,892.91,213.01,233.20,669.92,0.9045,-1,-1,-1
33,5,1106.38,297.19,161.75,431.61,0.8852,-1,-1,-1
34,2,401.20,333.99,150.27,428.72,0.9146,-1,-1,-1
34,3,584.91,309.99,136.93,435.85,0.9027,-1,-1,-1
34,4,896.07,219.94,237.53,673.00,0.9032,-1,-1,-1
34,5,1108.76,302.23,163.30,427.66,0.8747,-1,-1,-1
35,2,398.16,337.96,153.79,433.38,0.8876,-1,-1,-1
35,3,588.90,313.44,135.18,439.33,0.9021,-1,-1,-1
35,4,901.57,227.43,235.24,677.28,0.8105,-1,-1,-1
35,5,1110.89,306.74,164.68,423.47,0.8866,-1,-1,-1
36,2,394.36,340.99,152.63,439.03,0.9092,-1,-1,-1
36,3,590.96,318.90,138.99,441.82,0.9001,-1,-1,-1
36,4,904.37,233.16,235.24,679.32,0.9057,-1,-1,-1
36,5,1113.15,312.24,163.97,420.67,0.9037,-1,-1,-1
37,2,390.50,343.08,149.92,445.70,0.9174,-1,-1,-1
37,3,592.72,323.32,136.17,445.52,0.8803,-1,-1,-1
37,4,905.19,240.96,235.00,679.84,0.9093,-1,-1,-1
37,5,1116.55,316.19,164.27,423.14,0.9115,-1,-1,-1
38,2,383.87,346.75,152.18,449.07,0.9121,-1,-1,-1
38,3,592.31,329.61,137.07,450.86,0.8890,-1,-1,-1
38,4,910.85,247.55,230.59,679.41,0.9002,-1,-1,-1
38,5,1118.35,321.26,163.92,422.60,0.9051,-1,-1,-1
39,2,377.78,351.20,155.58,453.47,0.9174,-1,-1,-1
39,3,590.71,334.83,138.84,460.92,0.9002,-1,-1,-1
39,4,919.70,254.56,223.35,680.06,0.8999,-1,-1,-1
39,5,1123.17,327.87,160.42,426.87,0.8975,-1,-1,-1
40,2,372.01,356.10,158.26,456.50,0.9074,-1,-1,-1
40,3,586.92,341.98,142.57,467.09,0.8745,-1,-1,-1
40,4,926.03,257.52,217.25,684.95,0.8959,-1,-1,-1
40,5,1126.91,333.94,158.61,429.79,0.8915,-1,-1,-1
41,2,359.59,357.05,165.99,459.21,0.9112,-1,-1,-1
41,3,583.61,343.71,143.60,472.46,0.8799,-1,-1,-1
41,4,927.51,260.22,213.56,683.31,0.9024,-1,-1,-1
41,5,1131.03,338.51,155.26,430.16,0.8923,-1,-1,-1
42,2,347.21,358.83,171.37,464.41,0.9252,-1,-1,-1
42,3,577.88,348.14,145.75,480.54,0.8157,-1,-1,-1
42,4,930.58,266.43,208.91,676.13,0.9082,-1,-1,-1
42,5,1133.03,346.58,151.38,429.01,0.8924,-1,-1,-1
43,2,333.48,363.66,176.50,470.07,0.9172,-1,-1,-1
43,3,572.39,353.35,142.86,485.07,0.8707,-1,-1,-1
43,4,932.29,274.06,202.91,665.09,0.9142,-1,-1,-1
43,5,1131.05,354.00,151.15,429.36,0.9044,-1,-1,-1
44,2,318.44,366.22,182.28,476.23,0.9168,-1,-1,-1
44,3,565.85,354.88,143.52,492.97,0.8831,-1,-1,-1
44,4,931.84,278.57,198.71,662.46,0.6674,-1,-1,-1
44,5,1127.67,360.76,151.99,425.11,0.9042,-1,-1,-1
45,2,304.56,371.47,187.79,486.24,0.9039,-1,-1,-1
45,3,559.82,359.03,141.18,500.92,0.8998,-1,-1,-1
45,4,930.38,283.94,196.48,663.82,0.9308,-1,-1,-1
45,5,1123.86,367.49,151.47,425.40,0.8992,-1,-1,-1
46,2,290.46,378.43,191.24,497.77,0.9040,-1,-1,-1
46,3,553.06,362.12,142.07,509.35,0.9037,-1,-1,-1
46,4,926.55,292.55,196.23,667.67,0.9293,-1,-1,-1
46,5,1120.74,376.04,150.54,429.69,0.9110,-1,-1,-1
47,2,274.21,383.78,198.83,515.81,0.8983,-1,-1,-1
47,3,544.56,368.57,144.51,515.38,0.9087,-1,-1,-1
47,4,922.69,301.96,194.21,671.07,0.9194,-1,-1,-1
47,5,1116.84,382.50,147.98,433.93,0.8935,-1,-1,-1
48,2,257.54,392.10,205.90,525.77,0.9171,-1,-1,-1
48,3,534.67,373.99,148.73,519.59,0.8984,-1,-1,-1
48,4,917.57,309.48,194.09,679.36,0.9145,-1,-1,-1
48,5,1112.35,388.97,142.18,436.86,0.8229,-1,-1,-1
49,2,240.78,399.41,210.40,530.79,0.8671,-1,-1,-1
49,3,525.03,377.50,152.68,529.76,0.9078,-1,-1,-1
49,4,910.16,318.40,193.93,683.08,0.9044,-1,-1,-1
49,5,1105.58,395.81,145.35,435.15,0.8970,-1,-1,-1
50,2,223.72,405.61,218.73,530.78,0.7112,-1,-1,-1
50,3,517.67,381.45,154.47,537.31,0.8942,-1,-1,-1
50,4,904.35,326.94,193.25,684.04,0.9027,-1,-1,-1
50,5,1100.34,401.28,143.32,437.17,0.8906,-1,-1,-1
51,2,208.92,411.53,222.65,522.46,0.8934,-1,-1,-1
51,3,508.63,385.26,156.92,540.21,0.9003,-1,-1,-1
51,4,899.07,334.37,191.20,685.47,0.8973,-1,-1,-1
51,5,1095.31,405.16,144.66,438.64,0.8949,-1,-1,-1
52,2,195.71,415.53,225.97,548.87,0.8684,-1,-1,-1
52,3,499.75,388.58,160.95,541.74,0.9107,-1,-1,-1
52,4,894.01,341.04,189.65,685.16,0.9083,-1,-1,-1
52,5,1091.54,406.33,146.22,442.24,0.9014,-1,-1,-1
53,2,184.93,417.50,224.50,564.97,0.8882,-1,-1,-1
53,3,492.06,396.61,164.47,542.65,0.8794,-1,-1,-1
53,4,889.21,346.97,189.57,683.09,0.9136,-1,-1,-1
53,5,1084.74,408.65,152.67,444.05,0.9078,-1,-1,-1
54,2,174.53,418.68,226.03,575.00,0.9062,-1,-1,-1
54,3,483.31,399.74,170.14,550.26,0.8071,-1,-1,-1
54,4,883.76,350.12,191.78,680.66,0.9188,-1,-1,-1
54,5,1078.77,409.66,158.14,444.43,0.9201,-1,-1,-1
55,2,165.30,418.52,226.25,582.71,0.9199,-1,-1,-1
55,3,474.61,402.20,177.14,557.97,0.8222,-1,-1,-1
55,4,875.49,350.26,195.94,679.63,0.9173,-1,-1,-1
55,5,1074.73,409.78,162.10,445.80,0.9228,-1,-1,-1
56,2,157.18,417.46,225.34,592.60,0.9105,-1,-1,-1
56,3,469.73,402.26,182.23,573.11,0.8742,-1,-1,-1
56,4,870.62,349.77,196.03,681.56,0.9114,-1,-1,-1
56,5,1073.92,409.83,164.06,444.46,0.9220,-1,-1,-1
57,2,146.73,416.94,225.90,603.66,0.9171,-1,-1,-1
57,3,464.02,402.37,189.87,588.67,0.8897,-1,-1,-1
57,4,863.86,348.87,198.04,684.35,0.9050,-1,-1,-1
57,5,1073.23,410.47,166.67,443.88,0.9233,-1,-1,-1
58,2,137.02,415.14,228.59,613.77,0.9104,-1,-1,-1
58,3,458.99,400.34,194.79,605.35,0.8987,-1,-1,-1
58,4,858.47,347.79,200.72,678.32,0.8993,-1,-1,-1
58,5,1071.22,410.46,168.85,445.68,0.9322,-1,-1,-1
59,2,126.70,415.11,233.70,619.32,0.9204,-1,-1,-1
59,3,455.23,397.64,195.02,617.96,0.9338,-1,-1,-1
59,4,848.51,345.30,205.41,670.16,0.9070,-1,-1,-1
59,5,1069.44,410.50,170.67,445.64,0.9321,-1,-1,-1
60,2,115.20,415.13,238.51,624.70,0.9319,-1,-1,-1
60,3,451.84,397.04,193.14,625.57,0.9298,-1,-1,-1
60,4,839.99,345.70,208.21,665.67,0.9146,-1,-1,-1
60,5,1066.67,411.72,174.32,445.91,0.9316,-1,-1,-1
61,2,105.42,414.92,242.08,632.90,0.9308,-1,-1,-1
61,3,446.10,397.82,194.36,637.24,0.9049,-1,-1,-1
61,4,827.80,346.05,217.18,666.44,0.9095,-1,-1,-1
61,5,1064.20,413.23,178.01,446.66,0.9303,-1,-1,-1
62,2,98.84,412.38,243.94,650.83,0.9307,-1,-1,-1
62,3,444.82,396.46,194.60,645.26,0.8928,-1,-1,-1
62,4,822.06,344.84,223.70,667.02,0.8990,-1,-1,-1
62,5,1064.77,412.16,180.85,446.52,0.9288,-1,-1,-1
63,2,96.39,407.79,239.75,665.31,0.9250,-1,-1,-1
63,3,442.68,392.44,198.03,652.90,0.9063,-1,-1,-1
63,4,820.06,341.33,225.22,672.27,0.8976,-1,-1,-1
63,5,1066.38,411.15,185.13,446.78,0.9265,-1,-1,-1
64,2,92.45,404.42,237.81,672.79,0.9242,-1,-1,-1
64,3,446.64,387.19,198.90,661.42,0.9246,-1,-1,-1
64,4,820.86,340.11,223.15,676.34,0.9017,-1,-1,-1
64,5,1068.35,411.45,187.97,447.03,0.9274,-1,-1,-1
65,2,84.11,403.21,239.73,675.45,0.9217,-1,-1,-1
65,3,446.58,380.01,203.03,670.96,0.8998,-1,-1,-1
65,4,818.12,338.28,226.90,680.20,0.9060,-1,-1,-1
65,5,1071.48,408.95,188.57,449.05,0.9071,-1,-1,-1
66,2,76.11,401.03,243.10,676.81,0.9263,-1,-1,-1
66,3,445.01,372.28,209.00,679.92,0.9011,-1,-1,-1
66,4,819.43,336.24,226.00,683.75,0.9053,-1,-1,-1
66,5,1078.28,405.73,190.29,451.60,0.9073,-1,-1,-1
66,8,1023.71,430.94,74.44,312.28,0.7988,-1,-1,-1
67,2,65.89,398.17,245.33,678.51,0.9259,-1,-1,-1
67,3,443.89,366.01,213.97,686.88,0.9072,-1,-1,-1
67,4,819.32,335.86,227.33,685.43,0.9085,-1,-1,-1
67,5,1083.46,403.43,191.51,452.22,0.9084,-1,-1,-1
67,8,1025.40,427.50,76.54,311.04,0.8016,-1,-1,-1
68,2,52.32,393.79,250.93,681.02,0.9186,-1,-1,-1
68,3,442.04,357.11,220.20,694.27,0.9053,-1,-1,-1
68,4,821.11,334.82,227.79,686.42,0.9061,-1,-1,-1
68,5,1089.96,400.24,186.28,451.93,0.9017,-1,-1,-1
68,8,1026.98,422.46,78.60,311.68,0.8075,-1,-1,-1
69,2,38.28,384.94,260.44,686.02,0.9302,-1,-1,-1
69,3,441.47,348.89,224.79,702.10,0.9103,-1,-1,-1
69,4,827.68,330.66,224.41,687.83,0.9040,-1,-1,-1
69,5,1094.57,395.94,184.28,453.83,0.9088,-1,-1,-1
69,8,1030.75,418.97,77.70,311.15,0.8063,-1,-1,-1
70,2,20.96,376.37,270.73,695.43,0.9293,-1,-1,-1
70,3,438.19,342.00,231.03,709.25,0.9229,-1,-1,-1
70,4,829.48,327.81,225.15,685.60,0.9134,-1,-1,-1
70,5,1097.77,392.05,184.86,455.60,0.9023,-1,-1,-1
70,8,1033.24,415.79,77.80,311.44,0.8088,-1,-1,-1
71,2,5.66,368.31,270.40,703.94,0.9308,-1,-1,-1
71,3,433.28,335.33,235.92,720.69,0.9243,-1,-1,-1
71,4,832.03,325.12,224.27,683.65,0.9071,-1,-1,-1
71,5,1100.20,387.30,184.03,454.09,0.9000,-1,-1,-1
71,8,1034.04,412.48,78.73,312.14,0.8294,-1,-1,-1
72,2,-1.88,360.55,263.12,712.21,0.9387,-1,-1,-1
72,3,428.16,326.72,239.94,741.24,0.9308,-1,-1,-1
72,4,832.43,320.23,225.68,683.35,0.9104,-1,-1,-1
72,5,1102.56,384.09,182.64,452.27,0.9058,-1,-1,-1
72,8,1035.24,410.39,77.99,312.45,0.8262,-1,-1,-1
73,2,-4.74,350.81,251.30,722.50,0.9262,-1,-1,-1
73,3,422.02,315.95,243.62,758.50,0.9243,-1,-1,-1
73,4,833.36,314.31,224.77,681.11,0.9083,-1,-1,-1
73,5,1103.77,381.11,181.08,446.97,0.9070,-1,-1,-1
73,8,1036.12,408.85,77.21,313.04,0.6355,-1,-1,-1
74,2,-5.20,343.47,233.14,731.95,0.9151,-1,-1,-1
74,3,414.10,310.15,247.04,765.08,0.9158,-1,-1,-1
74,4,832.77,308.97,224.25,671.96,0.9026,-1,-1,-1
74,5,1105.69,378.17,176.27,443.44,0.9020,-1,-1,-1
74,8,1035.21,408.94,78.43,310.80,0.7917,-1,-1,-1
75,2,-4.35,332.48,214.86,743.39,0.9275,-1,-1,-1
75,3,404.13,303.03,250.63,772.40,0.9220,-1,-1,-1
75,4,834.71,303.90,224.52,662.29,0.8964,-1,-1,-1
75,5,1106.00,375.87,174.94,441.27,0.9041,-1,-1,-1
75,8,1035.44,418.95,75.92,298.27,0.7899,-1,-1,-1
76,2,-3.37,323.20,198.57,751.43,0.9217,-1,-1,-1
76,3,393.81,296.04,254.72,776.21,0.9225,-1,-1,-1
76,4,838.95,299.66,221.93,658.38,0.8900,-1,-1,-1
76,5,1107.58,373.91,170.16,441.05,0.9003,-1,-1,-1
76,8,1036.04,431.44,75.13,282.93,0.8549,-1,-1,-1
77,2,-2.72,317.39,181.53,758.37,0.8395,-1,-1,-1
77,3,383.81,293.04,258.29,777.03,0.9246,-1,-1,-1
77,4,843.86,297.21,214.79,660.75,0.8991,-1,-1,-1
77,5,1108.20,372.65,168.31,443.23,0.9046,-1,-1,-1
77,8,1034.95,435.51,76.10,278.48,0.7523,-1,-1,-1
78,2,-2.58,311.78,163.41,761.93,0.8878,-1,-1,-1
78,3,369.60,289.03,264.41,783.18,0.9263,-1,-1,-1
78,4,848.25,296.04,205.22,663.20,0.8890,-1,-1,-1
78,5,1107.30,371.39,167.65,444.39,0.9038,-1,-1,-1
78,8,1030.89,424.85,76.98,290.95,0.8160,-1,-1,-1
79,2,-2.34,309.28,147.11,762.80,0.8515,-1,-1,-1
79,3,353.75,284.13,267.76,788.94,0.9325,-1,-1,-1
79,4,850.73,293.50,201.19,667.54,0.8802,-1,-1,-1
79,5,1106.82,369.11,166.60,445.13,0.8977,-1,-1,-1
79,8,1026.43,407.38,78.43,307.75,0.8082,-1,-1,-1
80,3,334.84,276.62,274.71,794.63,0.9178,-1,-1,-1
80,4,850.11,290.58,196.32,672.75,0.8745,-1,-1,-1
80,5,1104.74,366.47,164.27,448.64,0.8733,-1,-1,-1
80,8,1022.69,402.49,76.44,312.23,0.7796,-1,-1,-1
81,3,316.88,267.89,279.61,804.19,0.9151,-1,-1,-1
81,4,849.29,291.53,194.05,674.10,0.8666,-1,-1,-1
81,5,1102.55,365.57,159.60,447.32,0.8978,-1,-1,-1
81,8,1017.93,404.27,75.26,309.51,0.7437,-1,-1,-1
82,3,295.52,254.71,292.67,819.19,0.9258,-1,-1,-1
82,4,846.89,291.49,190.48,674.17,0.8763,-1,-1,-1
82,5,1098.98,360.66,156.35,447.86,0.9060,-1,-1,-1
82,8,1014.18,392.93,74.10,310.80,0.5771,-1,-1,-1
82,2,-3.86,420.83,78.52,421.33,0.7874,-1,-1,-1
83,3,272.54,241.86,302.03,831.10,0.9224,-1,-1,-1
83,4,844.99,290.63,181.76,673.87,0.9036,-1,-1,-1
83,5,1094.95,358.61,153.87,450.77,0.9007,-1,-1,-1
83,8,1004.75,383.56,79.05,315.11,0.6166,-1,-1,-1
84,3,244.77,229.53,306.34,844.38,0.9319,-1,-1,-1
84,4,837.51,291.09,178.28,674.85,0.8826,-1,-1,-1
84,5,1086.76,355.70,154.73,455.22,0.9088,-1,-1,-1
84,8,996.05,376.98,79.95,319.79,0.8445,-1,-1,-1
85,3,212.41,217.57,325.90,858.28,0.9257,-1,-1,-1
85,4,827.18,289.81,177.46,672.58,0.8663,-1,-1,-1
85,5,1079.57,353.32,150.80,454.69,0.9053,-1,-1,-1
85,8,984.81,373.68,81.85,318.29,0.8431,-1,-1,-1
86,3,187.41,203.91,326.69,871.53,0.9313,-1,-1,-1
86,4,813.42,284.04,181.21,672.72,0.8643,-1,-1,-1
86,5,1070.52,348.92,151.32,456.71,0.8951,-1,-1,-1
86,8,972.31,368.12,87.08,318.63,0.8776,-1,-1,-1
87,3,157.98,191.01,332.22,883.87,0.9369,-1,-1,-1
87,4,800.00,278.79,187.03,674.68,0.8835,-1,-1,-1
87,5,1062.22,346.06,152.44,455.49,0.8967,-1,-1,-1
87,8,962.02,364.94,91.42,318.37,0.8758,-1,-1,-1
87,9,472.82,409.54,77.49,284.44,0.8035,-1,-1,-1
88,3,132.02,179.67,338.51,895.89,0.9404,-1,-1,-1
88,4,783.09,275.19,197.69,670.08,0.8840,-1,-1,-1
88,5,1053.14,341.34,152.30,454.43,0.9122,-1,-1,-1
88,8,950.97,359.59,93.97,321.01,0.8450,-1,-1,-1
88,9,449.10,407.50,91.63,287.37,0.8083,-1,-1,-1
89,3,104.05,167.47,350.63,907.83,0.9341,-1,-1,-1
89,4,767.79,269.69,204.57,665.84,0.8660,-1,-1,-1
89,5,1043.09,334.25,158.75,455.11,0.9054,-1,-1,-1
89,8,941.89,357.23,96.36,319.21,0.7234,-1,-1,-1
89,9,430.40,397.63,102.45,298.67,0.8270,-1,-1,-1
90,3,75.59,152.47,368.62,922.74,0.9381,-1,-1,-1
90,4,751.51,262.64,216.14,657.05,0.8910,-1,-1,-1
90,5,1037.07,326.71,160.92,460.11,0.9103,-1,-1,-1
90,8,937.50,354.44,95.57,315.76,0.8118,-1,-1,-1
90,9,419.80,389.92,104.73,303.62,0.8471,-1,-1,-1
91,3,51.34,140.90,381.69,932.44,0.9436,-1,-1,-1
91,4,738.04,255.98,222.83,650.73,0.8881,-1,-1,-1
91,5,1030.93,322.45,164.65,457.66,0.9193,-1,-1,-1
91,8,930.05,348.97,99.91,317.65,0.8294,-1,-1,-1
91,9,411.14,384.97,105.59,307.43,0.5465,-1,-1,-1
92,3,23.43,127.81,400.48,944.54,0.9358,-1,-1,-1
92,4,726.04,249.53,227.10,652.32,0.8859,-1,-1,-1
92,5,1025.18,317.38,167.69,454.75,0.9212,-1,-1,-1
92,8,923.97,346.41,99.58,316.66,0.8215,-1,-1,-1
92,9,402.43,382.82,108.64,309.08,0.8599,-1,-1,-1
93,3,1.64,116.49,411.65,956.07,0.9474,-1,-1,-1
93,4,716.47,243.72,234.06,655.76,0.8932,-1,-1,-1
93,5,1018.36,313.67,172.18,453.64,0.9235,-1,-1,-1
93,8,921.25,345.29,99.03,315.16,0.8352,-1,-1,-1
93,9,394.85,378.95,110.95,312.48,0.8682,-1,-1,-1
94,3,-6.60,106.69,409.91,968.03,0.9499,-1,-1,-1
94,4,710.00,240.87,231.32,659.27,0.9036,-1,-1,-1
94,5,1013.53,311.92,175.42,453.22,0.9256,-1,-1,-1
94,8,917.26,344.68,99.91,316.43,0.8544,-1,-1,-1
94,9,387.46,378.17,113.33,312.12,0.8526,-1,-1,-1
95,3,-8.66,97.02,407.87,979.00,0.9549,-1,-1,-1
95,4,702.78,239.70,231.74,664.07,0.9108,-1,-1,-1
95,5,1008.62,310.93,178.78,454.11,0.9155,-1,-1,-1
95,8,914.96,343.15,99.36,317.96,0.8455,-1,-1,-1
95,9,382.19,376.10,113.88,315.58,0.8680,-1,-1,-1
96,3,-8.44,86.21,392.17,990.13,0.9579,-1,-1,-1
96,4,694.90,241.55,232.21,664.66,0.9247,-1,-1,-1
96,5,1004.88,310.36,182.44,456.43,0.9065,-1,-1,-1
96,8,910.86,344.18,101.66,317.58,0.8361,-1,-1,-1
96,9,378.51,375.80,112.24,318.66,0.8510,-1,-1,-1
97,3,-7.07,75.62,378.36,999.85,0.9562,-1,-1,-1
97,4,694.08,240.76,229.49,670.08,0.9208,-1,-1,-1
97,5,1002.75,309.91,186.27,457.98,0.9040,-1,-1,-1
97,8,905.48,344.42,106.61,317.21,0.8144,-1,-1,-1
97,9,375.98,372.41,112.58,323.31,0.8738,-1,-1,-1
98,3,-5.56,60.48,366.25,1012.75,0.9602,-1,-1,-1
98,4,693.65,242.76,227.68,674.64,0.9207,-1,-1,-1
98,5,1001.96,309.88,190.84,460.38,0.9033,-1,-1,-1
98,8,906.18,345.73,106.20,317.98,0.8063,-1,-1,-1
98,9,375.73,370.50,112.37,328.01,0.8790,-1,-1,-1
99,3,-4.09,49.03,354.27,1023.85,0.9553,-1,-1,-1
99,4,693.42,246.24,227.09,677.22,0.9190,-1,-1,-1
99,5,1003.13,310.35,195.75,462.16,0.9062,-1,-1,-1
99,8,907.72,346.71,105.61,317.61,0.7915,-1,-1,-1
99,9,374.80,368.57,113.09,332.30,0.8891,-1,-1,-1
100,3,-3.00,37.48,340.55,1033.93,0.9515,-1,-1,-1
100,4,694.63,248.99,224.33,676.38,0.9215,-1,-1,-1
100,5,1005.66,311.21,198.64,462.04,0.9058,-1,-1,-1
100,8,909.37,348.18,105.88,316.78,0.8473,-1,-1,-1
100,9,373.31,367.93,114.76,334.60,0.8983,-1,-1,-1
101,3,-1.95,19.90,323.07,1053.66,0.9447,-1,-1,-1
101,4,699.95,249.50,218.60,676.18,0.9144,-1,-1,-1
101,5,1008.11,311.17,201.35,462.84,0.8934,-1,-1,-1
101,8,912.65,347.34,105.15,316.98,0.8553,-1,-1,-1
101,9,374.00,366.22,115.26,336.79,0.8943,-1,-1,-1
101,10,632.82,413.53,61.11,166.03,0.7690,-1,-1,-1
102,3,-0.66,11.77,302.87,1060.63,0.9446,-1,-1,-1
102,4,703.85,250.26,219.36,671.28,0.9199,-1,-1,-1
102,5,1014.42,311.36,200.48,464.09,0.8888,-1,-1,-1
102,8,918.80,346.08,104.70,317.51,0.8578,-1,-1,-1
102,9,374.95,365.13,117.40,339.74,0.8912,-1,-1,-1
102,10,637.91,413.80,59.83,166.89,0.5036,-1,-1,-1
103,3,1.43,6.15,284.43,1065.36,0.9377,-1,-1,-1
103,4,715.82,250.12,221.22,669.69,0.9271,-1,-1,-1
103,5,1022.79,311.38,204.35,466.34,0.9009,-1,-1,-1
103,8,929.51,342.22,103.06,320.56,0.8345,-1,-1,-1
103,9,384.70,365.41,115.75,338.73,0.8709,-1,-1,-1
104,3,3.61,7.60,265.09,1057.10,0.8554,-1,-1,-1
104,4,726.81,247.27,223.64,669.51,0.8903,-1,-1,-1
104,5,1040.58,309.62,204.21,466.16,0.9094,-1,-1,-1
104,8,942.29,341.19,104.86,320.82,0.7888,-1,-1,-1
104,9,396.20,368.05,114.93,337.00,0.8879,-1,-1,-1
104,10,658.72,408.26,56.83,167.56,0.7038,-1,-1,-1
105,3,2.60,164.80,243.44,903.99,0.7812,-1,-1,-1
105,4,738.56,245.35,222.69,666.24,0.8926,-1,-1,-1
105,5,1052.59,309.20,202.44,467.84,0.8896,-1,-1,-1
105,8,953.44,337.58,103.50,325.40,0.7955,-1,-1,-1
105,9,404.29,366.06,114.25,338.81,0.7704,-1,-1,-1
106,4,747.28,242.45,218.10,655.60,0.9024,-1,-1,-1
106,5,1064.02,304.24,203.59,471.29,0.8837,-1,-1,-1
106,8,959.86,333.44,103.79,327.50,0.8586,-1,-1,-1
106,9,412.22,363.45,111.18,341.08,0.8843,-1,-1,-1
106,10,668.91,404.57,61.79,168.79,0.7581,-1,-1,-1
107,4,755.73,237.90,215.32,648.53,0.9035,-1,-1,-1
107,5,1072.28,301.58,194.28,472.88,0.8839,-1,-1,-1
107,8,963.94,330.61,107.06,327.08,0.8134,-1,-1,-1
107,9,414.61,360.82,112.55,342.49,0.8841,-1,-1,-1
107,10,670.11,402.96,66.46,170.29,0.6128,-1,-1,-1
107,3,-0.03,232.40,126.94,817.23,0.6844,-1,-1,-1
108,4,761.61,234.40,212.36,646.40,0.9071,-1,-1,-1
108,5,1080.31,299.86,182.44,473.78,0.8933,-1,-1,-1
108,8,968.76,328.30,107.19,328.14,0.8149,-1,-1,-1
108,9,417.26,360.43,112.34,344.45,0.8915,-1,-1,-1
108,10,672.70,402.68,68.28,171.26,0.5687,-1,-1,-1
109,4,769.18,232.12,207.29,645.70,0.9021,-1,-1,-1
109,5,1085.43,298.77,173.79,468.55,0.9215,-1,-1,-1
109,8,972.49,327.14,102.23,326.31,0.6008,-1,-1,-1
109,9,415.79,359.05,114.76,347.31,0.8912,-1,-1,-1
109,10,676.59,400.54,66.46,172.07,0.5778,-1,-1,-1
110,4,771.55,230.75,206.89,646.09,0.9022,-1,-1,-1
110,5,1089.28,295.56,171.50,464.28,0.9263,-1,-1,-1
110,8,975.76,323.96,103.81,327.40,0.7592,-1,-1,-1
110,9,412.26,355.67,117.86,352.69,0.8853,-1,-1,-1
110,10,678.57,398.28,67.49,171.46,0.5897,-1,-1,-1
111,4,775.14,229.78,204.39,648.24,0.8950,-1,-1,-1
111,5,1093.49,292.52,169.57,460.56,0.9160,-1,-1,-1
111,8,975.95,323.10,105.95,326.16,0.6380,-1,-1,-1
111,9,411.45,352.16,118.45,356.57,0.8893,-1,-1,-1
111,10,681.31,395.66,66.85,172.76,0.6322,-1,-1,-1
112,4,776.32,229.40,203.02,649.15,0.8947,-1,-1,-1
112,5,1098.20,288.62,168.59,460.07,0.8423,-1,-1,-1
112,8,975.00,322.80,109.77,326.95,0.6672,-1,-1,-1
112,9,413.06,348.76,116.71,360.39,0.8558,-1,-1,-1
112,10,682.76,395.28,67.39,173.04,0.5870,-1,-1,-1
113,4,778.38,228.78,200.69,649.72,0.8908,-1,-1,-1
113,5,1103.99,285.73,165.27,462.91,0.9065,-1,-1,-1
113,8,979.21,322.64,109.42,326.22,0.6420,-1,-1,-1
113,9,416.01,347.11,113.95,362.62,0.8361,-1,-1,-1
113,10,685.09,392.06,67.93,178.13,0.6525,-1,-1,-1
114,4,783.62,229.84,196.64,650.86,0.8804,-1,-1,-1
114,5,1108.94,284.05,164.49,464.76,0.9120,-1,-1,-1
114,8,987.21,321.19,103.61,322.60,0.6367,-1,-1,-1
114,9,419.12,345.00,111.57,365.18,0.8063,-1,-1,-1
114,10,688.91,392.89,67.37,176.79,0.6503,-1,-1,-1
115,4,790.38,231.39,192.95,651.95,0.8763,-1,-1,-1
115,5,1112.12,284.02,164.34,466.36,0.9167,-1,-1,-1
115,8,995.22,321.08,101.00,321.28,0.8211,-1,-1,-1
115,9,415.81,343.19,115.80,367.91,0.8240,-1,-1,-1
115,10,693.16,391.50,66.60,179.23,0.6407,-1,-1,-1
116,4,793.17,232.29,192.28,652.86,0.8792,-1,-1,-1
116,5,1114.30,284.50,164.98,464.98,0.9171,-1,-1,-1
116,8,994.34,322.67,106.65,319.56,0.7918,-1,-1,-1
116,9,407.74,342.18,124.29,370.02,0.8564,-1,-1,-1
117,4,792.12,232.33,192.20,652.13,0.8788,-1,-1,-1
117,5,1116.43,283.48,165.14,467.05,0.9134,-1,-1,-1
117,8,994.44,327.18,107.88,314.53,0.6561,-1,-1,-1
117,9,408.74,340.18,123.38,371.71,0.7570,-1,-1,-1
117,10,690.26,389.65,73.85,179.57,0.7173,-1,-1,-1
118,4,785.86,234.57,193.13,649.35,0.8815,-1,-1,-1
118,5,1118.09,284.84,165.19,469.71,0.9187,-1,-1,-1
118,8,986.74,324.94,115.44,318.31,0.8159,-1,-1,-1
118,9,406.63,338.65,122.14,374.54,0.7152,-1,-1,-1
118,10,687.95,391.72,75.47,179.52,0.7357,-1,-1,-1
119,4,782.10,235.74,192.66,648.65,0.8941,-1,-1,-1
119,5,1121.33,286.50,162.93,472.29,0.9167,-1,-1,-1
119,8,981.09,325.67,121.49,320.09,0.8342,-1,-1,-1
119,9,394.76,338.44,129.51,376.82,0.8911,-1,-1,-1
119,10,688.88,393.31,74.50,179.42,0.6684,-1,-1,-1
120,4,775.91,233.90,196.19,648.81,0.9046,-1,-1,-1
120,5,1121.89,286.79,161.93,473.98,0.9163,-1,-1,-1
120,8,974.24,325.32,124.39,322.16,0.7060,-1,-1,-1
120,9,387.70,333.75,131.81,383.76,0.8945,-1,-1,-1
120,10,686.01,392.71,76.74,178.94,0.6621,-1,-1,-1
121,4,769.57,230.63,198.24,645.87,0.9022,-1,-1,-1
121,5,1119.98,288.43,162.52,475.24,0.9144,-1,-1,-1
121,8,969.88,326.33,127.19,321.89,0.6866,-1,-1,-1
121,9,380.73,333.43,134.43,388.12,0.8983,-1,-1,-1
121,10,680.08,393.29,83.88,178.81,0.5270,-1,-1,-1
122,4,761.81,228.33,198.63,639.09,0.8993,-1,-1,-1
122,5,1117.56,289.53,162.41,476.77,0.9111,-1,-1,-1
122,8,968.16,326.71,129.13,321.41,0.7248,-1,-1,-1
122,9,370.99,332.70,138.11,394.12,0.9063,-1,-1,-1
123,4,751.13,227.00,203.14,638.00,0.8999,-1,-1,-1
123,5,1114.73,290.26,162.38,478.28,0.9168,-1,-1,-1
123,8,960.38,327.41,134.60,322.36,0.7091,-1,-1,-1
123,9,363.87,332.12,137.53,401.31,0.9144,-1,-1,-1
124,4,740.93,227.44,207.07,639.13,0.8987,-1,-1,-1
124,5,1111.18,290.45,161.71,482.26,0.9137,-1,-1,-1
124,8,956.91,327.53,127.03,324.51,0.6714,-1,-1,-1
124,9,355.77,332.49,138.66,404.60,0.9205,-1,-1,-1
125,4,732.05,228.21,210.13,641.89,0.8924,-1,-1,-1
125,5,1106.87,290.45,161.39,483.72,0.9068,-1,-1,-1
125,8,951.87,325.79,129.24,328.36,0.7721,-1,-1,-1
125,9,345.18,337.35,141.51,402.42,0.9158,-1,-1,-1
126,4,716.85,228.12,219.93,647.50,0.8942,-1,-1,-1
126,5,1101.96,290.04,160.30,481.86,0.9075,-1,-1,-1
126,8,950.37,323.71,130.58,329.53,0.6387,-1,-1,-1
126,9,334.21,337.05,143.46,408.39,0.8962,-1,-1,-1
127,4,709.85,230.22,223.64,649.70,0.9011,-1,-1,-1
127,5,1095.88,290.19,163.61,481.60,0.9150,-1,-1,-1
127,8,942.51,323.62,137.07,331.83,0.8341,-1,-1,-1
127,9,326.67,341.60,142.82,408.66,0.9026,-1,-1,-1
128,4,705.56,230.56,225.26,651.46,0.9082,-1,-1,-1
128,5,1089.48,289.01,167.77,482.06,0.9186,-1,-1,-1
128,8,933.11,323.08,143.49,334.11,0.7460,-1,-1,-1
128,9,318.34,341.37,144.34,411.08,0.8964,-1,-1,-1
129,4,707.05,233.53,221.98,649.57,0.9110,-1,-1,-1
129,5,1084.28,287.16,173.09,482.59,0.9213,-1,-1,-1
129,8,932.91,322.16,120.01,334.90,0.7520,-1,-1,-1
129,9,312.88,338.17,146.16,419.95,0.8864,-1,-1,-1
130,4,706.61,235.41,222.05,649.42,0.9161,-1,-1,-1
130,5,1081.40,285.96,176.44,482.95,0.9226,-1,-1,-1
130,8,933.04,319.99,107.50,336.72,0.8250,-1,-1,-1
130,9,308.67,334.05,148.18,429.72,0.9114,-1,-1,-1
130,10,658.41,389.25,64.50,192.83,0.6329,-1,-1,-1
131,4,707.00,237.10,222.75,649.56,0.9161,-1,-1,-1
131,5,1079.66,284.57,176.97,482.16,0.9251,-1,-1,-1
131,8,929.94,318.98,106.02,335.88,0.8380,-1,-1,-1
131,9,305.79,331.79,147.46,434.99,0.9042,-1,-1,-1
131,10,656.80,388.93,64.94,193.65,0.6858,-1,-1,-1
132,4,708.82,238.01,222.35,650.86,0.9145,-1,-1,-1
132,5,1079.34,283.28,175.93,480.96,0.9233,-1,-1,-1
132,8,927.41,317.46,105.75,336.08,0.8414,-1,-1,-1
132,9,306.59,331.65,144.60,437.13,0.9064,-1,-1,-1
132,10,656.21,388.18,65.50,195.41,0.6375,-1,-1,-1
133,4,711.85,238.91,222.46,650.13,0.9130,-1,-1,-1
133,5,1076.34,283.11,179.13,481.54,0.9289,-1,-1,-1
133,8,926.95,316.53,103.88,337.83,0.8496,-1,-1,-1
133,9,299.14,329.03,150.00,443.69,0.8986,-1,-1,-1
134,4,714.20,238.70,218.29,650.16,0.9159,-1,-1,-1
134,5,1073.79,284.35,183.59,484.13,0.9271,-1,-1,-1
134,8,928.37,317.77,100.13,338.58,0.8440,-1,-1,-1
134,9,290.18,326.14,154.91,452.45,0.9180,-1,-1,-1
134,10,655.03,391.20,67.92,195.75,0.6120,-1,-1,-1
135,4,717.12,239.95,215.75,650.33,0.9183,-1,-1,-1
135,5,1072.08,285.75,185.51,486.34,0.9262,-1,-1,-1
135,8,929.05,318.69,97.51,339.36,0.8260,-1,-1,-1
135,9,286.30,327.37,155.14,455.60,0.9028,-1,-1,-1
135,11,1010.21,367.45,76.69,222.19,0.7860,-1,-1,-1
135,10,652.73,393.04,70.61,196.64,0.6601,-1,-1,-1
136,4,722.72,240.08,212.17,647.37,0.9121,-1,-1,-1
136,5,1071.12,288.17,189.11,487.83,0.9274,-1,-1,-1
136,8,928.93,319.73,97.65,337.91,0.8429,-1,-1,-1
136,9,281.16,325.49,158.80,461.66,0.8941,-1,-1,-1
136,11,1011.81,366.73,76.50,225.36,0.8172,-1,-1,-1
136,10,647.06,394.69,78.57,196.99,0.7806,-1,-1,-1
137,4,725.24,240.33,211.68,635.36,0.9214,-1,-1,-1
137,5,1071.84,290.35,191.96,489.74,0.9195,-1,-1,-1
137,8,930.27,319.84,95.55,338.25,0.8536,-1,-1,-1
137,9,281.01,323.94,157.26,465.92,0.8965,-1,-1,-1
137,10,648.49,394.93,78.38,200.41,0.7808,-1,-1,-1
138,4,725.66,242.42,215.54,628.76,0.9214,-1,-1,-1
138,5,1076.99,293.74,192.55,490.41,0.9090,-1,-1,-1
138,8,931.65,321.63,94.49,339.58,0.8611,-1,-1,-1
138,9,274.75,323.55,162.26,469.66,0.8903,-1,-1,-1
138,10,651.33,397.13,74.51,200.97,0.7637,-1,-1,-1
138,11,1018.55,368.68,74.16,227.97,0.8326,-1,-1,-1
139,4,729.69,242.03,214.08,626.63,0.9156,-1,-1,-1
139,5,1080.83,294.19,194.38,490.76,0.8802,-1,-1,-1
139,8,933.20,321.14,93.92,340.40,0.8402,-1,-1,-1
139,9,266.60,320.26,167.99,474.55,0.8951,-1,-1,-1
139,10,652.21,395.53,72.48,204.02,0.7441,-1,-1,-1
139,11,1021.59,365.53,73.69,229.02,0.8449,-1,-1,-1
140,4,740.70,241.32,205.16,630.27,0.8530,-1,-1,-1
140,5,1087.45,296.23,190.17,489.47,0.8888,-1,-1,-1
140,8,938.31,320.85,91.74,342.16,0.8276,-1,-1,-1
140,9,263.80,318.76,170.91,482.02,0.9003,-1,-1,-1
140,10,650.87,396.07,74.53,205.10,0.7777,-1,-1,-1
140,11,1022.58,364.92,75.55,230.88,0.8620,-1,-1,-1
141,5,1091.65,296.42,190.91,494.50,0.5936,-1,-1,-1
141,8,936.19,322.16,96.27,343.08,0.8357,-1,-1,-1
141,9,264.84,319.22,170.84,491.59,0.8958,-1,-1,-1
141,10,649.93,396.99,78.17,205.23,0.8497,-1,-1,-1
141,11,1024.86,366.99,77.32,229.18,0.8484,-1,-1,-1
142,5,1098.33,296.04,190.15,499.56,0.9083,-1,-1,-1
142,8,934.43,324.21,100.02,342.27,0.8366,-1,-1,-1
142,9,268.59,322.10,169.27,498.53,0.8810,-1,-1,-1
142,10,650.27,399.38,82.36,203.29,0.8059,-1,-1,-1
142,11,1028.80,371.60,78.55,227.09,0.8728,-1,-1,-1
142,4,754.00,247.99,194.63,632.17,0.8867,-1,-1,-1
143,5,1105.37,297.26,190.67,501.05,0.9203,-1,-1,-1
143,8,949.75,325.97,88.08,340.77,0.8065,-1,-1,-1
143,9,268.98,325.28,171.27,501.95,0.9048,-1,-1,-1
143,10,653.84,400.40,83.17,203.84,0.7400,-1,-1,-1
143,11,1037.14,374.81,75.00,225.97,0.8718,-1,-1,-1
143,4,765.57,250.68,189.33,636.40,0.9161,-1,-1,-1
144,5,1111.73,297.06,189.23,499.83,0.9061,-1,-1,-1
144,8,956.68,328.37,85.44,338.57,0.8627,-1,-1,-1
144,9,268.01,325.56,174.27,508.58,0.8773,-1,-1,-1
144,10,661.21,397.91,77.95,207.15,0.8106,-1,-1,-1
144,11,1041.80,375.72,75.96,225.38,0.8548,-1,-1,-1
144,4,770.96,253.23,189.06,636.50,0.6129,-1,-1,-1
145,5,1120.34,297.09,188.16,499.34,0.8742,-1,-1,-1
145,8,961.16,327.26,83.94,341.02,0.7999,-1,-1,-1
145,9,266.11,325.26,177.95,511.89,0.8448,-1,-1,-1
145,10,664.57,397.01,79.74,209.55,0.8079,-1,-1,-1
145,11,1044.31,377.59,78.40,222.26,0.8434,-1,-1,-1
145,4,777.36,255.44,188.12,637.40,0.9057,-1,-1,-1
146,5,1127.85,299.17,185.98,494.74,0.8607,-1,-1,-1
146,8,969.28,331.17,83.10,335.72,0.7756,-1,-1,-1
146,9,267.35,325.17,178.92,520.79,0.8655,-1,-1,-1
146,10,669.44,397.90,80.08,210.29,0.8045,-1,-1,-1
146,11,1048.38,380.71,78.89,218.29,0.8023,-1,-1,-1
146,4,782.07,259.65,188.99,638.42,0.8979,-1,-1,-1
147,5,1134.02,299.88,186.23,492.16,0.9161,-1,-1,-1
147,8,968.19,332.09,87.58,336.75,0.8076,-1,-1,-1
147,9,263.57,326.38,182.20,526.52,0.8866,-1,-1,-1
147,10,670.86,397.30,81.07,214.32,0.8263,-1,-1,-1
147,11,1049.78,383.00,80.38,219.44,0.7481,-1,-1,-1
147,4,784.61,263.13,189.22,638.98,0.8963,-1,-1,-1
148,5,1140.12,300.43,182.27,490.50,0.9179,-1,-1,-1
148,8,969.71,332.13,88.99,338.14,0.8504,-1,-1,-1
148,9,258.97,326.64,185.67,537.03,0.8869,-1,-1,-1
148,10,673.05,396.24,78.06,217.50,0.8170,-1,-1,-1
148,11,1052.57,381.23,78.89,223.64,0.8180,-1,-1,-1
148,4,789.84,265.30,186.45,637.36,0.8909,-1,-1,-1
149,5,1146.23,298.87,180.12,490.84,0.8996,-1,-1,-1
149,8,973.61,336.40,85.84,336.63,0.8527,-1,-1,-1
149,9,253.28,324.89,184.32,546.11,0.8826,-1,-1,-1
149,10,674.32,399.90,77.57,217.93,0.6596,-1,-1,-1
149,11,1054.74,379.90,78.02,227.92,0.7417,-1,-1,-1
149,4,793.74,266.13,184.74,639.02,0.8991,-1,-1,-1
150,5,1150.11,298.88,179.56,493.01,0.9168,-1,-1,-1
150,8,976.32,340.51,85.95,336.74,0.8713,-1,-1,-1
150,9,247.90,321.28,181.52,556.18,0.8602,-1,-1,-1
150,10,673.36,404.68,79.95,216.72,0.6436,-1,-1,-1
150,11,1056.08,374.36,77.06,235.64,0.8253,-1,-1,-1
150,4,794.27,266.66,185.23,638.97,0.8855,-1,-1,-1
151,5,1152.69,299.48,180.78,498.87,0.9208,-1,-1,-1
151,8,978.34,342.06,85.40,338.39,0.8573,-1,-1,-1
151,9,236.59,318.30,184.48,566.19,0.8880,-1,-1,-1
151,10,673.80,409.02,79.32,214.33,0.7194,-1,-1,-1
151,11,1056.22,369.54,77.31,243.05,0.7377,-1,-1,-1
151,4,793.70,266.73,187.87,635.95,0.8759,-1,-1,-1
152,5,1154.06,300.16,182.64,498.55,0.9281,-1,-1,-1
152,8,979.40,342.72,85.42,339.90,0.8485,-1,-1,-1
152,9,227.35,315.23,187.56,575.22,0.6647,-1,-1,-1
152,10,673.88,410.12,80.86,215.79,0.7872,-1,-1,-1
152,11,1054.86,371.72,78.88,240.70,0.7564,-1,-1,-1
152,4,791.25,265.30,191.30,629.00,0.8840,-1,-1,-1
153,5,1157.83,302.17,181.31,497.87,0.9280,-1,-1,-1
153,8,980.89,343.16,84.51,341.64,0.8613,-1,-1,-1
153,9,215.61,311.11,194.06,583.40,0.8737,-1,-1,-1
153,10,674.38,410.68,82.69,219.13,0.7760,-1,-1,-1
153,11,1055.35,372.64,79.01,241.13,0.7787,-1,-1,-1
153,4,785.56,263.82,199.37,621.10,0.8840,-1,-1,-1
154,5,1159.47,303.42,180.28,495.76,0.9267,-1,-1,-1
154,8,981.61,343.35,83.11,342.36,0.8621,-1,-1,-1
154,9,203.52,308.19,200.94,589.72,0.8875,-1,-1,-1
154,10,674.79,411.69,86.30,220.18,0.7059,-1,-1,-1
154,11,1054.47,374.15,79.63,240.93,0.7965,-1,-1,-1
154,4,778.89,262.35,207.85,618.31,0.8899,-1,-1,-1
155,5,1159.89,302.09,180.04,498.09,0.9295,-1,-1,-1
155,8,981.17,341.90,82.20,340.41,0.8673,-1,-1,-1
155,9,191.99,304.74,206.45,594.17,0.8905,-1,-1,-1
155,10,671.91,407.84,95.16,222.48,0.7825,-1,-1,-1
155,11,1053.73,373.59,79.26,240.01,0.8391,-1,-1,-1
155,4,771.15,259.79,215.43,618.18,0.9041,-1,-1,-1
156,5,1158.96,303.94,180.97,504.35,0.9282,-1,-1,-1
156,8,979.02,341.76,84.21,341.50,0.8498,-1,-1,-1
156,9,180.20,303.28,209.25,598.40,0.8908,-1,-1,-1
156,10,670.91,406.02,98.28,224.91,0.8153,-1,-1,-1
156,11,1052.34,372.01,79.28,243.26,0.8277,-1,-1,-1
156,4,765.49,258.91,223.08,620.73,0.9046,-1,-1,-1
157,5,1156.02,306.35,180.33,507.51,0.9263,-1,-1,-1
157,8,971.96,341.68,91.41,346.06,0.8379,-1,-1,-1
157,9,169.87,302.08,211.68,604.31,0.8952,-1,-1,-1
157,10,667.42,407.26,99.28,225.47,0.7289,-1,-1,-1
157,11,1049.70,371.43,80.86,245.09,0.8141,-1,-1,-1
157,4,759.44,259.88,229.45,624.83,0.9101,-1,-1,-1
158,5,1151.29,305.07,178.50,508.96,0.9253,-1,-1,-1
158,8,967.52,341.15,91.32,344.81,0.8538,-1,-1,-1
158,9,156.27,297.88,214.71,611.19,0.8992,-1,-1,-1
158,10,662.53,406.09,85.98,227.14,0.7852,-1,-1,-1
158,11,1045.50,371.51,83.24,244.06,0.8487,-1,-1,-1
158,4,758.29,257.87,227.51,628.80,0.9056,-1,-1,-1
159,5,1146.99,306.14,175.71,506.54,0.9234,-1,-1,-1
159,8,967.58,340.90,84.56,335.82,0.7726,-1,-1,-1
159,9,139.74,294.36,218.28,621.06,0.9002,-1,-1,-1
159,10,658.37,402.76,85.35,230.22,0.7657,-1,-1,-1
159,11,1040.12,376.02,85.01,238.58,0.8199,-1,-1,-1
159,4,760.74,259.73,223.42,629.26,0.8990,-1,-1,-1
160,5,1142.53,305.27,173.42,507.93,0.9284,-1,-1,-1
160,8,961.98,339.77,88.79,338.80,0.5717,-1,-1,-1
160,9,126.65,290.53,221.86,637.76,0.8752,-1,-1,-1
160,10,651.50,401.87,90.94,230.22,0.7690,-1,-1,-1
160,11,1036.79,378.53,83.67,236.04,0.8257,-1,-1,-1
160,4,763.41,261.80,218.16,630.66,0.8934,-1,-1,-1
161,5,1138.34,305.43,172.37,508.59,0.9277,-1,-1,-1
161,8,956.19,336.15,86.58,346.95,0.7365,-1,-1,-1
161,9,112.25,289.65,225.97,655.17,0.8710,-1,-1,-1
161,10,645.57,399.46,90.20,234.84,0.8042,-1,-1,-1
161,11,1032.71,380.41,84.20,234.61,0.8441,-1,-1,-1
161,4,764.59,266.57,216.23,630.55,0.8987,-1,-1,-1
162,5,1133.81,302.95,170.19,510.52,0.9227,-1,-1,-1
162,8,950.94,334.90,86.08,347.28,0.6516,-1,-1,-1
162,9,95.62,285.06,229.50,662.16,0.8883,-1,-1,-1
162,10,637.80,396.60,82.15,238.20,0.8364,-1,-1,-1
162,11,1025.86,384.91,83.29,227.94,0.8330,-1,-1,-1
162,4,766.20,268.33,212.55,630.12,0.9070,-1,-1,-1
163,5,1124.22,302.08,173.71,510.37,0.9201,-1,-1,-1
163,8,947.30,332.00,82.14,350.44,0.7038,-1,-1,-1
163,9,82.01,282.75,224.90,676.46,0.8821,-1,-1,-1
163,10,629.28,394.96,82.84,239.12,0.8224,-1,-1,-1
163,11,1019.35,386.26,84.79,225.60,0.8360,-1,-1,-1
163,4,767.20,268.22,207.39,632.02,0.9154,-1,-1,-1
164,5,1114.45,299.86,179.82,509.39,0.9254,-1,-1,-1
164,8,943.02,331.77,81.21,350.86,0.7722,-1,-1,-1
164,9,60.62,281.70,238.49,694.05,0.8951,-1,-1,-1
164,10,620.63,392.34,86.17,243.35,0.7989,-1,-1,-1
164,11,1016.41,389.87,82.15,220.81,0.8419,-1,-1,-1
164,4,764.53,266.97,206.59,628.52,0.9258,-1,-1,-1
164,13,713.50,362.25,77.84,277.28,0.7248,-1,-1,-1
165,5,1106.61,298.89,183.75,505.62,0.9270,-1,-1,-1
165,8,940.83,331.72,80.34,348.88,0.8206,-1,-1,-1
165,9,41.50,279.23,245.19,712.16,0.8756,-1,-1,-1
165,10,612.79,391.57,84.57,245.43,0.7915,-1,-1,-1
165,11,1013.44,387.59,81.02,221.87,0.7704,-1,-1,-1
165,4,762.15,263.13,201.40,629.80,0.9229,-1,-1,-1
165,13,706.76,363.29,79.07,278.00,0.7994,-1,-1,-1
166,5,1100.69,296.83,187.03,502.42,0.9345,-1,-1,-1
166,8,936.04,327.22,80.36,350.10,0.8210,-1,-1,-1
166,9,21.99,277.16,257.73,725.67,0.9095,-1,-1,-1
166,10,606.35,390.47,86.50,246.94,0.7971,-1,-1,-1
166,11,1009.47,381.14,80.76,226.37,0.6421,-1,-1,-1
166,4,763.49,259.47,196.90,631.92,0.9196,-1,-1,-1
166,13,701.42,364.48,78.88,277.83,0.8216,-1,-1,-1
167,5,1094.11,293.07,191.98,503.83,0.9278,-1,-1,-1
167,8,934.41,326.27,80.67,348.87,0.8088,-1,-1,-1
167,9,6.01,273.32,258.74,737.68,0.8928,-1,-1,-1
167,10,602.02,388.62,86.49,249.25,0.8230,-1,-1,-1
167,4,765.10,256.29,193.98,632.52,0.9092,-1,-1,-1
167,13,693.55,362.21,86.18,279.75,0.8343,-1,-1,-1
168,5,1089.45,290.89,194.78,504.07,0.9253,-1,-1,-1
168,8,931.65,327.35,82.19,345.66,0.7849,-1,-1,-1
168,9,-2.57,265.68,259.41,751.36,0.9054,-1,-1,-1
168,10,596.08,388.93,88.15,250.38,0.7803,-1,-1,-1
168,4,770.03,253.13,187.71,625.40,0.8832,-1,-1,-1
168,13,684.15,358.82,93.59,282.11,0.8629,-1,-1,-1
169,5,1085.88,289.89,197.26,504.81,0.9286,-1,-1,-1
169,8,930.13,327.96,81.85,343.66,0.7962,-1,-1,-1
169,9,-5.47,258.07,249.63,764.02,0.9159,-1,-1,-1
169,10,589.77,387.44,91.00,252.56,0.8234,-1,-1,-1
169,4,774.28,249.41,185.28,617.49,0.8966,-1,-1,-1
169,13,679.66,356.12,95.57,284.08,0.8768,-1,-1,-1
169,11,1003.24,377.59,80.26,224.90,0.6470,-1,-1,-1
170,5,1081.10,291.08,199.48,504.62,0.9245,-1,-1,-1
170,8,929.43,327.99,79.93,342.99,0.7633,-1,-1,-1
170,9,-5.79,251.22,237.22,777.20,0.9238,-1,-1,-1
170,10,587.08,387.21,85.71,252.58,0.7711,-1,-1,-1
170,4,776.95,247.40,182.78,613.95,0.8723,-1,-1,-1
170,13,673.86,352.65,101.54,289.34,0.8608,-1,-1,-1
170,11,1002.59,374.81,81.14,227.99,0.6180,-1,-1,-1
171,5,1078.11,291.43,201.92,507.29,0.9221,-1,-1,-1
171,8,929.11,327.33,80.20,343.46,0.8000,-1,-1,-1
171,9,-5.08,245.58,224.57,790.34,0.9338,-1,-1,-1
171,10,581.30,383.94,90.02,257.57,0.7312,-1,-1,-1
171,4,777.65,246.08,181.46,614.59,0.8736,-1,-1,-1
171,13,666.65,350.63,109.63,293.95,0.8554,-1,-1,-1
171,11,1004.01,369.96,79.21,228.95,0.6841,-1,-1,-1
172,5,1075.04,291.32,204.84,507.84,0.9281,-1,-1,-1
172,8,928.73,334.14,79.49,337.07,0.7362,-1,-1,-1
172,9,-4.39,240.49,211.16,801.65,0.9288,-1,-1,-1
172,10,574.75,384.98,96.59,259.39,0.7724,-1,-1,-1
172,4,776.76,246.31,183.52,618.40,0.8853,-1,-1,-1
172,13,660.44,349.34,116.17,296.69,0.8887,-1,-1,-1
172,11,1002.07,368.86,79.79,228.90,0.7027,-1,-1,-1
173,5,1073.12,290.17,205.02,509.44,0.9246,-1,-1,-1
173,8,928.08,334.53,77.47,335.47,0.7164,-1,-1,-1
173,9,-3.77,235.18,199.70,816.00,0.9193,-1,-1,-1
173,10,567.33,386.14,101.34,260.14,0.7947,-1,-1,-1
173,4,777.44,245.08,181.35,621.19,0.8839,-1,-1,-1
173,13,656.19,346.79,122.38,299.55,0.8888,-1,-1,-1
173,11,1001.30,370.75,79.47,223.91,0.7315,-1,-1,-1
174,5,1073.59,290.04,206.51,513.11,0.9263,-1,-1,-1
174,8,929.15,333.93,76.77,336.42,0.6982,-1,-1,-1
174,9,-2.38,231.29,190.41,828.55,0.9159,-1,-1,-1
174,10,563.68,382.26,98.99,267.57,0.7780,-1,-1,-1
174,4,777.57,245.87,182.31,622.50,0.8960,-1,-1,-1
174,13,654.56,345.16,126.07,300.95,0.8852,-1,-1,-1
174,11,1002.19,369.20,78.32,226.27,0.7329,-1,-1,-1
175,5,1076.41,290.86,206.25,516.05,0.9245,-1,-1,-1
175,8,930.78,330.78,76.75,341.24,0.6968,-1,-1,-1
175,9,-1.60,226.79,182.04,838.98,0.9184,-1,-1,-1
175,10,560.43,380.09,98.61,271.97,0.7813,-1,-1,-1
175,4,780.60,246.68,179.47,627.11,0.8915,-1,-1,-1
175,13,653.29,344.34,129.00,302.91,0.8665,-1,-1,-1
175,11,1003.21,369.14,77.77,228.61,0.7351,-1,-1,-1
176,5,1079.54,290.07,208.34,519.55,0.9193,-1,-1,-1
176,8,933.74,327.48,74.20,346.23,0.7098,-1,-1,-1
176,9,-0.80,226.76,175.04,846.80,0.9154,-1,-1,-1
176,10,557.37,380.27,100.33,275.50,0.8122,-1,-1,-1
176,4,785.07,253.23,177.18,627.57,0.8917,-1,-1,-1
176,13,653.16,345.24,131.19,306.74,0.8672,-1,-1,-1
176,11,1007.14,368.01,75.89,230.86,0.7665,-1,-1,-1
177,5,1083.70,289.79,207.50,517.94,0.9190,-1,-1,-1
177,8,935.20,322.56,69.38,348.25,0.6735,-1,-1,-1
177,9,-0.29,224.27,165.20,853.17,0.9123,-1,-1,-1
177,10,555.04,379.79,101.87,275.36,0.8096,-1,-1,-1
177,4,787.69,255.90,176.34,627.41,0.8981,-1,-1,-1
177,13,653.59,344.39,130.56,310.13,0.8721,-1,-1,-1
177,11,1008.33,368.26,75.90,228.63,0.7862,-1,-1,-1
178,5,1088.33,289.82,208.94,522.56,0.9089,-1,-1,-1
178,9,0.23,222.37,156.79,856.74,0.8999,-1,-1,-1
178,10,554.57,380.44,101.14,276.92,0.8273,-1,-1,-1
178,4,791.12,260.18,176.99,626.73,0.9074,-1,-1,-1
178,13,653.77,346.58,133.68,313.84,0.8722,-1,-1,-1
178,11,1012.35,370.45,75.60,228.04,0.7171,-1,-1,-1
179,5,1095.61,288.33,205.87,525.41,0.8965,-1,-1,-1
179,9,0.40,224.29,146.04,855.13,0.7002,-1,-1,-1
179,10,553.64,380.28,102.00,279.27,0.7988,-1,-1,-1
179,4,793.42,262.05,177.00,625.98,0.9052,-1,-1,-1
179,13,653.01,347.66,138.38,316.94,0.8748,-1,-1,-1
179,11,1014.60,374.49,75.35,222.99,0.7201,-1,-1,-1
180,5,1102.02,289.43,204.03,523.98,0.8350,-1,-1,-1
180,9,0.94,227.45,135.85,854.41,0.8063,-1,-1,-1
180,10,553.46,379.81,104.25,283.02,0.8384,-1,-1,-1
180,4,796.77,265.26,179.40,620.68,0.9097,-1,-1,-1
180,13,655.11,349.42,136.02,318.57,0.8688,-1,-1,-1
180,11,1019.19,381.34,74.43,217.36,0.6980,-1,-1,-1
181,5,1111.51,286.45,199.91,526.81,0.9066,-1,-1,-1
181,9,1.20,248.57,127.99,832.38,0.8657,-1,-1,-1
181,10,554.59,381.74,103.98,284.16,0.7975,-1,-1,-1
181,4,798.45,265.38,182.64,620.03,0.9078,-1,-1,-1
181,13,656.90,350.01,135.88,322.25,0.8809,-1,-1,-1
181,11,1020.26,374.50,77.30,224.42,0.7788,-1,-1,-1
182,5,1118.30,285.53,197.90,526.03,0.9059,-1,-1,-1
182,9,1.18,274.15,119.23,806.62,0.8584,-1,-1,-1
182,10,555.20,382.38,106.38,286.83,0.8184,-1,-1,-1
182,4,798.95,264.71,184.71,619.22,0.8932,-1,-1,-1
182,13,657.03,349.02,137.38,324.95,0.8916,-1,-1,-1
182,11,1023.54,377.00,78.64,220.93,0.8658,-1,-1,-1
183,5,1129.01,283.86,193.91,521.32,0.9154,-1,-1,-1
183,9,1.32,300.11,107.19,780.68,0.8555,-1,-1,-1
183,10,555.91,384.97,107.86,287.04,0.8021,-1,-1,-1
183,4,800.92,263.32,190.10,614.28,0.8973,-1,-1,-1
183,13,657.60,347.81,139.39,328.02,0.8944,-1,-1,-1
183,11,1025.12,382.31,81.36,216.55,0.8124,-1,-1,-1
184,5,1134.12,283.20,193.65,516.79,0.9202,-1,-1,-1
184,9,1.49,357.88,95.13,721.59,0.8369,-1,-1,-1
184,10,555.78,388.79,112.26,285.64,0.5904,-1,-1,-1
184,4,803.43,264.10,192.95,603.37,0.9109,-1,-1,-1
184,13,661.11,346.72,142.17,328.77,0.8915,-1,-1,-1
184,11,1029.41,382.15,82.11,219.41,0.7516,-1,-1,-1
185,5,1138.95,282.65,195.75,514.46,0.8119,-1,-1,-1
185,9,1.17,383.17,86.43,695.19,0.7844,-1,-1,-1
185,10,557.00,391.28,117.67,285.56,0.7924,-1,-1,-1
185,4,804.07,262.26,194.85,600.66,0.8824,-1,-1,-1
185,13,668.18,334.42,138.57,342.71,0.9040,-1,-1,-1
185,11,1035.21,384.11,79.56,218.18,0.7938,-1,-1,-1
186,5,1148.04,283.70,190.40,514.61,0.9164,-1,-1,-1
186,9,1.01,396.02,83.46,682.10,0.7306,-1,-1,-1
186,10,557.88,391.96,119.79,287.28,0.8206,-1,-1,-1
186,4,805.31,258.41,194.65,604.42,0.8849,-1,-1,-1
186,13,670.92,327.06,137.96,351.33,0.9031,-1,-1,-1
186,11,1037.26,383.98,82.16,218.23,0.7772,-1,-1,-1
187,5,1153.89,279.91,188.02,518.60,0.9107,-1,-1,-1
187,10,557.72,387.95,123.73,292.58,0.8428,-1,-1,-1
187,4,806.62,254.67,196.06,605.18,0.8893,-1,-1,-1
187,13,671.92,327.63,137.55,350.88,0.8833,-1,-1,-1
187,11,1041.76,379.97,80.24,219.66,0.7951,-1,-1,-1
188,5,1156.56,278.35,186.67,518.36,0.9129,-1,-1,-1
188,10,556.58,386.20,126.24,294.25,0.8530,-1,-1,-1
188,4,803.32,252.37,201.89,607.18,0.8888,-1,-1,-1
188,13,669.73,325.82,139.31,350.84,0.8696,-1,-1,-1
188,11,1038.59,377.49,84.48,222.07,0.7973,-1,-1,-1
189,5,1159.64,275.63,183.52,521.86,0.9041,-1,-1,-1
189,10,554.10,382.24,130.28,299.29,0.5912,-1,-1,-1
189,4,800.66,252.00,204.19,610.33,0.8925,-1,-1,-1
189,13,668.15,324.52,140.36,353.45,0.9045,-1,-1,-1
189,11,1037.58,375.65,85.72,223.04,0.8012,-1,-1,-1
190,5,1161.48,274.61,182.09,523.90,0.9014,-1,-1,-1
190,10,548.79,380.44,138.27,302.00,0.7413,-1,-1,-1
190,4,802.31,251.18,202.36,613.24,0.6004,-1,-1,-1
190,13,670.98,323.12,137.09,356.82,0.9005,-1,-1,-1
190,11,1033.25,375.87,90.42,221.99,0.7764,-1,-1,-1
191,5,1162.79,276.51,181.70,526.15,0.7156,-1,-1,-1
191,10,545.88,379.28,137.55,305.55,0.7531,-1,-1,-1
191,4,804.60,251.58,200.05,618.77,0.8758,-1,-1,-1
191,13,672.06,324.12,135.16,359.47,0.8864,-1,-1,-1
191,11,1033.31,374.86,90.73,225.11,0.7823,-1,-1,-1
192,5,1162.61,283.95,180.91,525.67,0.9257,-1,-1,-1
192,10,541.94,378.94,114.59,307.20,0.8078,-1,-1,-1
192,4,808.78,257.71,195.63,620.20,0.8980,-1,-1,-1
192,13,667.87,326.00,137.84,361.43,0.8720,-1,-1,-1
192,11,1031.55,377.98,90.68,224.29,0.7889,-1,-1,-1
193,5,1161.55,286.15,178.11,526.64,0.9286,-1,-1,-1
193,10,536.10,378.26,124.57,309.90,0.7673,-1,-1,-1
193,4,809.35,262.50,195.28,620.02,0.9063,-1,-1,-1
193,13,658.83,328.46,144.40,362.60,0.8631,-1,-1,-1
193,11,1030.08,376.82,89.58,226.70,0.8090,-1,-1,-1
194,5,1159.66,289.68,176.18,527.67,0.9293,-1,-1,-1
194,10,530.06,378.48,129.84,313.20,0.8463,-1,-1,-1
194,4,807.12,267.07,197.48,616.73,0.8918,-1,-1,-1
194,13,654.99,331.16,145.60,365.11,0.8931,-1,-1,-1
194,11,1031.74,379.15,86.63,226.47,0.8177,-1,-1,-1
195,5,1155.62,292.88,175.73,528.79,0.9299,-1,-1,-1
195,10,522.28,379.81,121.21,317.51,0.8502,-1,-1,-1
195,4,802.88,273.01,203.37,612.75,0.8958,-1,-1,-1
195,13,646.73,336.15,150.86,367.37,0.8963,-1,-1,-1
195,11,1026.32,381.85,90.56,225.42,0.8289,-1,-1,-1
196,5,1150.15,294.53,175.22,530.54,0.9206,-1,-1,-1
196,10,514.27,380.42,121.34,322.91,0.8526,-1,-1,-1
196,4,799.10,271.55,205.66,615.66,0.8969,-1,-1,-1
196,13,641.48,340.47,152.30,367.57,0.8870,-1,-1,-1
196,11,1020.97,383.79,93.36,224.32,0.8251,-1,-1,-1
197,5,1145.58,295.03,174.18,533.15,0.9217,-1,-1,-1
197,10,506.84,382.37,117.10,325.34,0.7738,-1,-1,-1
197,4,796.21,271.21,208.37,616.36,0.9030,-1,-1,-1
197,13,634.63,341.72,153.39,370.12,0.8738,-1,-1,-1
197,11,1017.36,386.75,93.77,222.44,0.8754,-1,-1,-1
198,5,1139.77,297.78,175.28,530.64,0.9111,-1,-1,-1
198,10,497.18,385.55,118.79,329.89,0.8546,-1,-1,-1
198,4,796.20,273.09,208.33,616.74,0.8927,-1,-1,-1
198,13,622.42,343.71,156.69,373.97,0.8940,-1,-1,-1
198,11,1014.44,390.74,92.53,221.16,0.8596,-1,-1,-1
199,5,1133.99,298.80,176.67,539.57,0.8887,-1,-1,-1
199,10,488.79,388.87,120.91,332.67,0.8629,-1,-1,-1
199,4,801.81,275.83,200.59,602.16,0.9056,-1,-1,-1
199,13,607.81,346.16,162.80,379.27,0.9023,-1,-1,-1
199,11,1010.23,396.50,90.87,216.85,0.8554,-1,-1,-1
200,5,1126.36,301.48,180.37,538.13,0.8801,-1,-1,-1
200,10,478.83,393.03,127.10,335.18,0.7965,-1,-1,-1
200,4,800.13,279.94,201.64,590.91,0.9075,-1,-1,-1
200,13,605.40,347.55,156.04,382.88,0.9089,-1,-1,-1
200,11,1008.62,404.60,87.58,211.23,0.7728,-1,-1,-1
201,5,1117.46,303.95,184.48,532.06,0.6209,-1,-1,-1
201,10,467.72,395.66,125.29,336.62,0.8521,-1,-1,-1
201,4,799.57,281.20,197.74,589.23,0.9069,-1,-1,-1
201,13,586.14,348.33,163.80,383.96,0.8673,-1,-1,-1
201,11,1007.73,397.25,82.33,220.13,0.8175,-1,-1,-1
202,5,1111.47,304.61,187.94,532.40,0.7494,-1,-1,-1
202,10,458.07,400.04,131.07,335.28,0.8623,-1,-1,-1
202,4,796.56,281.49,195.64,592.19,0.9141,-1,-1,-1
202,13,582.39,347.91,158.22,388.74,0.8861,-1,-1,-1
202,11,1005.09,403.13,79.41,217.07,0.7771,-1,-1,-1
203,5,1107.02,304.88,191.31,532.68,0.8335,-1,-1,-1
203,10,446.82,398.54,119.63,342.25,0.7224,-1,-1,-1
203,4,798.56,281.85,189.78,594.80,0.9080,-1,-1,-1
203,13,577.07,345.47,156.60,396.16,0.8972,-1,-1,-1
203,11,1001.48,407.21,80.20,216.64,0.8005,-1,-1,-1
204,5,1104.13,305.84,193.11,531.26,0.6446,-1,-1,-1
204,10,435.65,399.08,132.98,345.41,0.8168,-1,-1,-1
204,4,805.10,283.89,180.39,596.26,0.8996,-1,-1,-1
204,13,572.15,344.58,155.72,398.57,0.8941,-1,-1,-1
204,11,1002.97,411.63,77.74,217.06,0.7992,-1,-1,-1
205,5,1102.14,305.30,195.17,530.57,0.8772,-1,-1,-1
205,10,425.22,398.19,142.17,349.30,0.8645,-1,-1,-1
205,4,807.63,285.21,176.23,597.98,0.8991,-1,-1,-1
205,13,564.99,343.58,154.74,400.20,0.8861,-1,-1,-1
205,11,1001.99,413.31,77.02,215.83,0.7537,-1,-1,-1
205,14,758.53,396.96,66.36,245.47,0.7774,-1,-1,-1
206,5,1098.81,305.19,199.18,532.81,0.7902,-1,-1,-1
206,10,417.80,396.39,148.42,353.12,0.8841,-1,-1,-1
206,4,808.97,286.84,173.45,599.76,0.9007,-1,-1,-1
206,13,558.95,341.78,155.56,402.90,0.9075,-1,-1,-1
206,11,999.95,415.20,78.49,213.81,0.7594,-1,-1,-1
206,14,756.43,396.07,67.83,248.00,0.8052,-1,-1,-1
207,5,1095.49,305.55,203.69,534.45,0.7337,-1,-1,-1
207,10,411.61,394.86,149.90,356.45,0.9082,-1,-1,-1
207,4,809.56,288.28,171.62,599.42,0.8866,-1,-1,-1
207,13,552.34,341.81,159.72,404.55,0.9217,-1,-1,-1
207,11,999.48,414.66,78.63,214.93,0.7677,-1,-1,-1
207,14,754.59,395.51,69.49,249.38,0.8004,-1,-1,-1
208,5,1093.02,302.51,207.65,539.09,0.7072,-1,-1,-1
208,10,404.45,394.02,146.25,358.28,0.9118,-1,-1,-1
208,4,810.13,288.95,169.70,599.08,0.8573,-1,-1,-1
208,13,544.57,336.24,165.03,413.45,0.9076,-1,-1,-1
208,11,1001.64,410.90,76.11,213.84,0.7980,-1,-1,-1
208,14,754.39,393.49,70.03,251.77,0.7958,-1,-1,-1
209,5,1093.98,303.82,210.00,542.27,0.8459,-1,-1,-1
209,10,398.48,391.22,146.22,361.85,0.8414,-1,-1,-1
209,4,809.18,290.39,169.65,599.10,0.8711,-1,-1,-1
209,13,535.94,335.56,175.07,418.19,0.9125,-1,-1,-1
209,11,1002.16,405.65,75.50,216.27,0.7910,-1,-1,-1
209,14,753.97,393.71,68.22,252.83,0.7046,-1,-1,-1
209,15,1093.54,302.96,210.00,543.26,0.7109,-1,-1,-1
210,10,392.61,390.16,146.91,364.53,0.8930,-1,-1,-1
210,4,806.79,293.23,171.68,598.63,0.8919,-1,-1,-1
210,13,531.11,337.96,180.40,422.19,0.8853,-1,-1,-1
210,11,1001.69,405.30,77.24,216.11,0.5756,-1,-1,-1
210,14,749.92,392.85,71.21,256.20,0.7518,-1,-1,-1
211,10,385.71,388.86,147.19,368.61,0.8926,-1,-1,-1
211,4,805.08,293.43,173.76,601.09,0.8921,-1,-1,-1
211,13,520.89,331.73,186.48,437.74,0.8758,-1,-1,-1
211,11,1002.73,415.51,75.22,206.08,0.5750,-1,-1,-1
211,14,747.33,393.34,71.26,259.72,0.7544,-1,-1,-1
211,5,1095.85,308.90,211.06,546.01,0.9098,-1,-1,-1
212,10,377.82,388.58,145.13,375.94,0.8861,-1,-1,-1
212,4,800.22,292.02,180.76,601.58,0.8841,-1,-1,-1
212,13,506.93,330.85,197.41,447.13,0.8832,-1,-1,-1
212,11,1000.02,408.08,77.29,215.23,0.7425,-1,-1,-1
212,14,743.82,394.23,73.13,261.54,0.7536,-1,-1,-1
212,5,1096.22,313.08,212.53,543.25,0.9118,-1,-1,-1
213,10,369.81,389.73,148.66,384.70,0.9103,-1,-1,-1
213,4,795.86,292.84,182.95,601.51,0.8864,-1,-1,-1
213,13,504.83,336.81,194.99,447.55,0.8905,-1,-1,-1
213,11,996.79,404.71,79.83,220.23,0.8085,-1,-1,-1
213,14,740.95,396.35,70.74,263.27,0.7682,-1,-1,-1
213,5,1096.91,314.23,212.61,544.48,0.9111,-1,-1,-1
214,10,364.66,395.53,150.25,390.39,0.9235,-1,-1,-1
214,4,793.16,297.51,184.71,594.32,0.8850,-1,-1,-1
214,13,504.21,342.43,194.17,446.51,0.8846,-1,-1,-1
214,11,995.92,410.26,81.71,219.47,0.8236,-1,-1,-1
214,14,739.83,402.26,68.85,261.32,0.7708,-1,-1,-1
214,5,1098.12,320.64,213.24,544.94,0.9181,-1,-1,-1
215,10,361.10,395.55,150.52,395.59,0.9249,-1,-1,-1
215,4,790.89,293.30,187.80,587.01,0.8854,-1,-1,-1
215,13,502.94,340.64,194.86,451.78,0.8997,-1,-1,-1
215,11,995.74,406.59,83.46,222.11,0.7874,-1,-1,-1
215,14,739.69,401.10,67.31,260.82,0.7846,-1,-1,-1
215,5,1103.05,317.08,210.37,550.90,0.9177,-1,-1,-1
216,10,358.73,396.72,150.13,401.40,0.9206,-1,-1,-1
216,4,788.97,291.54,191.72,588.38,0.8864,-1,-1,-1
216,13,501.36,337.52,194.01,461.45,0.9170,-1,-1,-1
216,11,1002.08,412.00,80.97,217.52,0.8275,-1,-1,-1
216,14,741.80,400.79,65.65,260.97,0.7164,-1,-1,-1
216,5,1111.17,315.49,204.50,554.56,0.9037,-1,-1,-1
217,10,356.57,397.51,150.52,402.85,0.9227,-1,-1,-1
217,4,788.19,289.89,194.52,589.65,0.8913,-1,-1,-1
217,13,500.86,333.87,193.11,470.04,0.9182,-1,-1,-1
217,11,1007.21,416.16,79.78,214.34,0.8512,-1,-1,-1
217,14,743.60,398.70,66.10,267.46,0.6962,-1,-1,-1
217,5,1117.34,312.54,202.61,556.79,0.8870,-1,-1,-1
218,10,355.20,397.65,155.82,408.12,0.9232,-1,-1,-1
218,4,791.55,289.23,194.82,592.24,0.8924,-1,-1,-1
218,13,502.84,327.52,190.87,481.95,0.9202,-1,-1,-1
218,11,1012.15,422.38,78.65,208.76,0.8191,-1,-1,-1
218,14,748.02,397.17,65.62,272.28,0.7273,-1,-1,-1
218,5,1125.96,312.83,197.96,552.95,0.7109,-1,-1,-1
219,10,354.43,399.35,162.99,410.99,0.9140,-1,-1,-1
219,4,795.75,289.92,195.39,593.24,0.8991,-1,-1,-1
219,13,506.51,323.54,189.87,488.37,0.9222,-1,-1,-1
219,11,1016.79,421.36,80.56,213.91,0.8278,-1,-1,-1
219,14,750.90,397.37,67.29,275.22,0.7587,-1,-1,-1
219,5,1131.88,314.07,196.64,547.12,0.8229,-1,-1,-1
220,10,354.32,398.54,167.08,413.58,0.9281,-1,-1,-1
220,4,796.32,293.27,197.85,594.04,0.8980,-1,-1,-1
220,13,509.87,321.16,189.66,491.80,0.9142,-1,-1,-1
220,11,1020.20,420.58,81.31,215.16,0.8459,-1,-1,-1
220,14,751.64,397.67,70.81,275.82,0.7438,-1,-1,-1
220,5,1136.59,314.24,198.66,547.11,0.8437,-1,-1,-1
221,10,353.78,395.26,170.59,418.53,0.9253,-1,-1,-1
221,4,801.70,296.15,199.42,595.96,0.8945,-1,-1,-1
221,13,510.95,317.75,190.59,496.19,0.9180,-1,-1,-1
221,11,1025.15,422.97,80.62,213.76,0.8406,-1,-1,-1
221,14,753.35,396.49,74.73,277.41,0.7595,-1,-1,-1
221,5,1145.37,314.76,198.17,546.14,0.7160,-1,-1,-1
222,10,352.92,391.98,172.66,423.52,0.9267,-1,-1,-1
222,4,807.49,298.58,197.77,598.26,0.8990,-1,-1,-1
222,13,512.09,313.04,190.44,503.48,0.9221,-1,-1,-1
222,11,1025.18,424.16,85.36,214.51,0.8179,-1,-1,-1
222,14,756.48,396.27,76.49,278.68,0.7934,-1,-1,-1
222,5,1153.97,317.23,194.06,545.86,0.6157,-1,-1,-1
223,10,350.42,389.87,175.18,426.51,0.9231,-1,-1,-1
223,4,815.61,301.02,194.50,597.68,0.9031,-1,-1,-1
223,13,512.21,309.45,192.49,506.85,0.9207,-1,-1,-1
223,11,1033.13,422.04,80.36,217.36,0.7898,-1,-1,-1
223,5,1162.24,316.11,190.94,548.44,0.8081,-1,-1,-1
224,10,349.15,388.81,174.70,427.96,0.9157,-1,-1,-1
224,4,821.89,303.57,194.67,595.70,0.9137,-1,-1,-1
224,13,510.21,305.44,195.55,513.13,0.9178,-1,-1,-1
224,11,1038.14,420.07,80.49,217.96,0.8325,-1,-1,-1
224,5,1168.87,314.05,189.39,552.32,0.8177,-1,-1,-1
224,14,761.02,393.05,82.13,285.09,0.8863,-1,-1,-1
225,10,347.93,387.98,170.88,431.40,0.9235,-1,-1,-1
225,4,827.54,303.96,197.55,593.83,0.9194,-1,-1,-1
225,13,507.72,300.93,199.85,523.16,0.8984,-1,-1,-1
225,11,1040.26,420.69,80.91,216.06,0.8380,-1,-1,-1
225,5,1176.07,313.08,188.78,555.26,0.8803,-1,-1,-1
225,14,761.68,393.87,87.10,285.99,0.9056,-1,-1,-1
226,10,341.55,385.19,171.46,435.86,0.9164,-1,-1,-1
226,4,835.57,302.43,195.52,589.34,0.9132,-1,-1,-1
226,13,501.32,298.89,207.17,531.99,0.8347,-1,-1,-1
226,11,1040.28,422.07,81.33,213.62,0.8299,-1,-1,-1
226,5,1179.91,313.97,187.18,556.04,0.7902,-1,-1,-1
227,10,336.21,382.10,169.99,443.73,0.9008,-1,-1,-1
227,4,838.07,301.11,196.95,582.92,0.9005,-1,-1,-1
227,13,494.14,295.47,212.52,544.59,0.8988,-1,-1,-1
227,11,1040.55,425.32,85.07,210.58,0.8346,-1,-1,-1
227,5,1182.61,315.51,186.63,554.37,0.6860,-1,-1,-1
227,14,756.81,393.40,99.30,290.95,0.8788,-1,-1,-1
228,10,329.76,374.72,166.11,459.45,0.9047,-1,-1,-1
228,4,840.73,298.36,195.40,592.95,0.7353,-1,-1,-1
228,13,479.51,292.10,224.86,552.47,0.8934,-1,-1,-1
228,11,1041.69,421.77,85.93,213.81,0.8459,-1,-1,-1
228,5,1184.11,315.66,185.81,558.21,0.7476,-1,-1,-1
228,16,669.58,400.49,76.23,225.83,0.7240,-1,-1,-1
228,14,754.73,393.03,103.92,293.53,0.8969,-1,-1,-1
229,10,321.79,370.66,164.33,471.59,0.9013,-1,-1,-1
229,4,847.12,296.43,190.28,594.00,0.6721,-1,-1,-1
229,13,473.89,291.42,227.42,555.23,0.8883,-1,-1,-1
229,11,1044.72,421.52,84.13,214.26,0.8438,-1,-1,-1
229,5,1185.06,317.33,186.21,561.15,0.8293,-1,-1,-1
229,16,666.11,401.01,78.87,226.59,0.7540,-1,-1,-1
229,14,754.12,393.35,104.45,296.36,0.9064,-1,-1,-1
230,10,310.04,372.22,171.92,479.42,0.9129,-1,-1,-1
230,4,853.48,296.66,187.50,587.35,0.8468,-1,-1,-1
230,13,458.56,291.62,238.41,564.74,0.8839,-1,-1,-1
230,11,1047.54,420.62,81.45,215.13,0.8706,-1,-1,-1
230,5,1186.26,318.00,185.94,562.22,0.8774,-1,-1,-1
230,16,660.92,399.16,83.60,230.89,0.7487,-1,-1,-1
230,14,754.17,395.29,103.91,297.97,0.9056,-1,-1,-1
231,10,295.49,373.82,177.14,483.35,0.9096,-1,-1,-1
231,4,860.36,296.83,183.08,583.60,0.8091,-1,-1,-1
231,13,447.45,289.66,245.49,578.25,0.8890,-1,-1,-1
231,11,1047.49,418.72,80.71,217.44,0.8700,-1,-1,-1
231,5,1185.48,317.45,186.02,564.33,0.8763,-1,-1,-1
231,16,654.37,397.76,88.63,245.49,0.8101,-1,-1,-1
231,14,753.27,395.60,103.79,300.11,0.8915,-1,-1,-1
232,10,278.05,372.69,179.46,492.97,0.8923,-1,-1,-1
232,4,862.30,297.56,181.41,582.59,0.7400,-1,-1,-1
232,13,437.47,287.60,246.17,589.71,0.8843,-1,-1,-1
232,11,1045.00,421.17,79.99,217.00,0.8498,-1,-1,-1
232,5,1183.33,317.81,185.90,567.64,0.8533,-1,-1,-1
232,16,645.01,398.34,93.00,262.90,0.8374,-1,-1,-1
232,14,749.04,399.31,103.79,301.22,0.9128,-1,-1,-1
233,10,254.31,371.48,193.32,505.14,0.8285,-1,-1,-1
233,4,858.48,301.45,181.26,573.70,0.6406,-1,-1,-1
233,13,425.15,285.53,249.61,604.59,0.9235,-1,-1,-1
233,11,1041.53,422.45,80.13,220.40,0.8405,-1,-1,-1
233,5,1178.86,318.99,187.77,574.67,0.6844,-1,-1,-1
233,16,636.67,403.98,95.68,276.73,0.8499,-1,-1,-1
233,14,736.80,397.25,110.52,306.19,0.8875,-1,-1,-1
234,10,244.20,369.47,193.20,519.23,0.8779,-1,-1,-1
234,4,856.57,302.35,183.12,582.01,0.9033,-1,-1,-1
234,13,412.51,282.17,246.41,615.58,0.9230,-1,-1,-1
234,11,1036.73,425.43,80.96,221.02,0.8171,-1,-1,-1
234,5,1174.30,320.75,191.81,576.20,0.9051,-1,-1,-1
234,16,629.53,404.76,97.22,285.64,0.8669,-1,-1,-1
234,14,732.43,393.50,109.99,311.18,0.8910,-1,-1,-1
234,18,1848.76,412.21,63.00,84.91,0.6509,-1,-1,-1
235,10,231.83,364.65,192.94,534.31,0.9025,-1,-1,-1
235,4,855.51,302.95,184.56,587.40,0.9112,-1,-1,-1
235,13,397.89,275.35,247.82,625.02,0.9106,-1,-1,-1
235,11,1035.95,425.72,79.32,219.49,0.8155,-1,-1,-1
235,5,1166.56,320.27,196.40,578.06,0.9120,-1,-1,-1
235,16,623.45,404.68,96.58,291.14,0.8923,-1,-1,-1
235,14,723.91,391.90,111.66,314.14,0.8674,-1,-1,-1
235,18,1848.94,413.99,62.66,84.78,0.5560,-1,-1,-1
236,10,214.14,361.99,201.18,539.27,0.8298,-1,-1,-1
236,4,856.29,306.00,182.40,589.98,0.9056,-1,-1,-1
236,13,385.83,271.43,246.03,634.91,0.9091,-1,-1,-1
236,11,1032.51,428.17,80.88,216.48,0.7784,-1,-1,-1
236,5,1159.76,322.14,201.57,578.37,0.9091,-1,-1,-1
236,16,615.39,405.85,98.67,301.86,0.8608,-1,-1,-1
236,14,721.16,392.18,110.04,317.94,0.8730,-1,-1,-1
236,18,1850.25,416.07,62.99,84.82,0.6484,-1,-1,-1
237,10,201.94,359.00,202.13,544.38,0.9144,-1,-1,-1
237,4,857.36,309.85,179.10,590.01,0.9249,-1,-1,-1
237,13,374.91,266.83,245.31,643.56,0.9045,-1,-1,-1
237,11,1033.28,428.17,77.82,219.51,0.8204,-1,-1,-1
237,5,1155.10,324.05,205.91,573.96,0.9158,-1,-1,-1
237,16,607.43,406.82,99.73,306.28,0.8715,-1,-1,-1
237,14,711.69,390.29,116.68,323.74,0.8742,-1,-1,-1
237,18,1849.69,416.85,64.66,86.92,0.6404,-1,-1,-1
238,10,189.10,352.18,202.59,555.78,0.9193,-1,-1,-1
238,4,857.08,311.64,175.97,592.71,0.9210,-1,-1,-1
238,13,359.26,261.70,245.86,653.85,0.8998,-1,-1,-1
238,11,1032.68,426.29,77.54,225.35,0.5782,-1,-1,-1
238,5,1149.78,327.66,210.72,567.30,0.9108,-1,-1,-1
238,16,598.81,407.38,102.74,307.95,0.8847,-1,-1,-1
238,14,711.26,389.32,114.26,325.78,0.8978,-1,-1,-1
238,18,1847.61,417.04,66.72,90.06,0.6423,-1,-1,-1
239,10,175.72,352.50,198.65,561.10,0.7688,-1,-1,-1
239,4,855.59,316.08,174.33,592.05,0.9140,-1,-1,-1
239,13,339.94,258.31,253.89,661.54,0.8948,-1,-1,-1
239,11,1032.23,427.08,74.68,229.41,0.6230,-1,-1,-1
239,5,1145.25,328.13,213.07,564.86,0.9133,-1,-1,-1
239,16,590.86,406.57,103.39,311.97,0.8557,-1,-1,-1
239,14,703.00,388.50,117.35,329.16,0.9079,-1,-1,-1
239,18,1847.38,419.06,65.31,90.00,0.6451,-1,-1,-1
240,10,153.81,350.05,205.63,568.08,0.8451,-1,-1,-1
240,4,851.11,320.68,171.35,591.02,0.9079,-1,-1,-1
240,13,314.82,253.85,273.41,670.41,0.8956,-1,-1,-1
240,11,1029.56,431.50,73.79,230.73,0.6488,-1,-1,-1
240,5,1137.60,329.68,216.86,564.82,0.9165,-1,-1,-1
240,16,585.49,407.95,103.16,314.06,0.8423,-1,-1,-1
240,14,696.39,388.27,119.52,333.27,0.8984,-1,-1,-1
240,18,1843.53,422.05,65.37,90.05,0.5670,-1,-1,-1
241,10,136.03,347.12,208.33,574.16,0.8969,-1,-1,-1
241,4,845.42,322.26,169.40,590.84,0.9118,-1,-1,-1
241,13,303.18,250.62,269.66,678.06,0.9275,-1,-1,-1
241,11,1020.17,426.41,79.48,233.35,0.5635,-1,-1,-1
241,5,1132.44,329.75,216.73,566.30,0.9080,-1,-1,-1
241,16,577.28,407.81,102.44,322.04,0.8689,-1,-1,-1
241,14,690.81,389.44,120.77,333.86,0.8751,-1,-1,-1
242,10,105.83,340.59,225.30,585.31,0.8894,-1,-1,-1
242,4,836.52,323.64,168.61,583.89,0.8196,-1,-1,-1
242,13,283.86,246.12,279.40,694.21,0.9141,-1,-1,-1
242,5,1128.38,329.16,215.97,568.46,0.8970,-1,-1,-1
242,16,569.77,404.84,101.50,329.23,0.8744,-1,-1,-1
242,14,683.33,388.77,121.87,338.38,0.8462,-1,-1,-1
243,10,83.65,337.28,231.59,595.43,0.8688,-1,-1,-1
243,4,828.30,322.84,171.13,578.57,0.6559,-1,-1,-1
243,13,254.26,241.78,298.21,714.11,0.9132,-1,-1,-1
243,5,1123.38,330.53,215.07,568.98,0.8881,-1,-1,-1
243,16,556.73,403.44,109.13,332.24,0.8715,-1,-1,-1
243,14,679.01,388.28,118.05,343.24,0.8652,-1,-1,-1
243,18,1827.80,420.87,68.85,94.68,0.7077,-1,-1,-1
244,10,64.38,334.90,233.48,622.17,0.8697,-1,-1,-1
244,4,818.43,320.28,175.84,587.09,0.8367,-1,-1,-1
244,13,222.31,237.46,319.21,747.24,0.8942,-1,-1,-1
244,5,1117.55,331.36,216.00,571.22,0.8090,-1,-1,-1
244,16,544.30,401.40,113.53,338.25,0.8584,-1,-1,-1
244,14,674.55,390.85,114.73,344.21,0.8888,-1,-1,-1
244,18,1824.15,421.25,69.54,93.04,0.6663,-1,-1,-1
244,11,1004.91,425.80,78.54,235.34,0.7695,-1,-1,-1
245,10,30.26,334.22,249.88,635.01,0.8802,-1,-1,-1
245,4,805.42,317.69,182.68,587.40,0.8719,-1,-1,-1
245,13,202.68,235.54,327.82,751.76,0.8910,-1,-1,-1
245,5,1113.50,331.83,215.82,572.60,0.9251,-1,-1,-1
245,16,531.98,400.11,115.41,344.17,0.8748,-1,-1,-1
245,14,666.31,392.37,116.51,346.90,0.8819,-1,-1,-1
245,18,1821.14,421.82,68.15,92.42,0.6435,-1,-1,-1
245,11,1000.74,417.23,78.75,241.47,0.6215,-1,-1,-1
246,10,12.67,332.74,248.17,644.19,0.8792,-1,-1,-1
246,4,795.17,316.15,189.87,581.64,0.8856,-1,-1,-1
246,13,183.45,232.37,338.28,787.26,0.9009,-1,-1,-1
246,5,1109.23,332.16,217.58,574.29,0.9226,-1,-1,-1
246,16,521.20,398.46,120.13,350.60,0.8712,-1,-1,-1
246,14,654.87,391.72,121.55,352.28,0.8811,-1,-1,-1
246,18,1817.83,422.43,66.83,91.65,0.5601,-1,-1,-1
246,11,997.38,417.40,76.36,237.17,0.6721,-1,-1,-1
247,10,-2.44,333.48,248.21,657.53,0.9031,-1,-1,-1
247,4,788.91,315.93,194.09,578.98,0.8813,-1,-1,-1
247,13,154.76,230.97,356.20,806.55,0.7828,-1,-1,-1
247,5,1104.77,334.29,220.15,574.75,0.9184,-1,-1,-1
247,16,513.40,398.50,118.42,357.94,0.8604,-1,-1,-1
247,14,647.47,392.18,124.00,356.35,0.8814,-1,-1,-1
247,18,1811.62,421.17,69.44,93.02,0.5965,-1,-1,-1
247,11,993.65,426.74,75.29,226.87,0.5468,-1,-1,-1
248,10,-7.82,333.06,240.91,678.05,0.8955,-1,-1,-1
248,4,782.88,318.62,201.02,578.60,0.8603,-1,-1,-1
248,13,121.03,228.55,377.13,814.44,0.9103,-1,-1,-1
248,5,1099.84,335.67,221.78,581.87,0.9167,-1,-1,-1
248,16,504.48,401.09,117.54,365.39,0.8907,-1,-1,-1
248,14,640.33,396.68,124.98,358.46,0.8655,-1,-1,-1
249,10,-8.29,347.00,216.73,686.76,0.8521,-1,-1,-1
249,4,778.38,321.36,197.84,579.07,0.8675,-1,-1,-1
249,13,101.40,225.71,379.33,835.20,0.9213,-1,-1,-1
249,5,1099.55,338.10,220.56,586.16,0.9179,-1,-1,-1
249,16,496.39,402.59,121.93,375.56,0.8897,-1,-1,-1
249,14,633.80,397.64,128.07,365.30,0.8709,-1,-1,-1
250,10,-6.30,344.20,195.12,713.84,0.8519,-1,-1,-1
250,4,775.51,320.97,197.65,583.00,0.8815,-1,-1,-1
250,13,82.30,221.11,384.85,849.66,0.9061,-1,-1,-1
250,5,1100.82,339.19,220.10,589.24,0.9228,-1,-1,-1
250,16,492.08,405.14,121.98,380.18,0.8800,-1,-1,-1
250,14,628.72,397.06,131.21,371.32,0.8891,-1,-1,-1
251,10,-4.93,341.28,179.73,728.84,0.8666,-1,-1,-1
251,4,774.00,325.05,196.87,586.17,0.8904,-1,-1,-1
251,13,70.15,218.02,381.02,859.05,0.9023,-1,-1,-1
251,5,1102.65,339.56,218.66,592.97,0.9245,-1,-1,-1
251,16,485.91,411.04,126.40,382.20,0.8937,-1,-1,-1
251,14,625.22,398.62,133.38,375.63,0.8874,-1,-1,-1
252,10,-3.94,339.02,162.33,736.32,0.8577,-1,-1,-1
252,4,773.30,328.71,192.96,589.71,0.8630,-1,-1,-1
252,13,63.59,212.53,373.37,866.36,0.9096,-1,-1,-1
252,5,1103.90,341.35,217.95,593.89,0.9259,-1,-1,-1
252,16,478.44,414.28,131.52,384.69,0.8928,-1,-1,-1
252,14,614.12,399.33,142.21,377.66,0.8946,-1,-1,-1
253,10,-2.84,333.43,143.46,746.66,0.8625,-1,-1,-1
253,4,773.04,329.30,192.29,594.69,0.8769,-1,-1,-1
253,13,64.08,203.92,358.53,870.52,0.9377,-1,-1,-1
253,5,1107.57,340.03,216.04,596.34,0.9209,-1,-1,-1
253,16,472.61,413.50,135.50,389.41,0.9050,-1,-1,-1
253,14,605.17,397.30,148.92,379.28,0.9069,-1,-1,-1
254,10,-1.24,332.85,127.66,748.44,0.8453,-1,-1,-1
254,4,774.38,333.19,195.07,595.64,0.8879,-1,-1,-1
254,13,52.14,199.40,356.65,873.89,0.9336,-1,-1,-1
254,5,1112.21,341.55,214.17,595.46,0.9186,-1,-1,-1
254,16,470.17,416.59,135.30,394.88,0.9081,-1,-1,-1
254,14,602.90,398.26,151.95,380.32,0.9115,-1,-1,-1
254,11,943.16,388.24,109.47,368.12,0.6148,-1,-1,-1
255,10,-0.47,330.27,110.09,751.31,0.7794,-1,-1,-1
255,4,777.06,337.06,198.27,595.01,0.9001,-1,-1,-1
255,13,36.07,193.48,363.34,879.64,0.9318,-1,-1,-1
255,5,1116.98,339.84,214.62,594.14,0.9189,-1,-1,-1
255,16,468.67,417.09,135.07,399.76,0.9124,-1,-1,-1
255,14,600.65,398.35,155.65,384.68,0.9106,-1,-1,-1
255,11,944.52,410.21,116.83,354.04,0.7393,-1,-1,-1
256,10,0.01,331.42,95.64,748.02,0.6560,-1,-1,-1
256,4,784.05,343.79,195.39,591.69,0.9053,-1,-1,-1
256,13,19.20,185.80,372.20,887.60,0.9349,-1,-1,-1
256,5,1120.49,341.32,216.11,586.66,0.9025,-1,-1,-1
256,16,466.39,417.37,139.56,405.78,0.9107,-1,-1,-1
256,14,597.74,400.69,161.50,388.35,0.9151,-1,-1,-1
256,11,948.32,422.38,123.32,346.98,0.6991,-1,-1,-1
257,4,789.89,349.32,194.56,586.99,0.9129,-1,-1,-1
257,13,7.83,179.78,374.13,892.16,0.9360,-1,-1,-1
257,5,1126.90,341.75,214.11,580.95,0.9047,-1,-1,-1
257,16,464.20,416.73,141.51,410.55,0.9091,-1,-1,-1
257,14,595.46,401.00,165.22,394.25,0.9092,-1,-1,-1
257,11,952.39,422.69,125.93,348.93,0.5743,-1,-1,-1
258,4,795.90,348.81,191.92,587.02,0.8337,-1,-1,-1
258,13,-0.02,173.48,375.28,897.19,0.9388,-1,-1,-1
258,5,1134.11,341.56,211.13,578.51,0.9041,-1,-1,-1
258,16,462.36,414.13,141.08,414.91,0.9112,-1,-1,-1
258,14,592.66,399.83,167.97,404.43,0.8927,-1,-1,-1
259,4,800.29,351.37,191.30,582.90,0.7352,-1,-1,-1
259,13,-3.84,167.53,373.81,903.66,0.9354,-1,-1,-1
259,5,1139.22,341.91,209.00,577.89,0.9140,-1,-1,-1
259,16,458.37,411.85,140.67,415.61,0.9004,-1,-1,-1
259,14,588.10,403.40,172.63,405.55,0.9024,-1,-1,-1
260,4,803.70,348.11,192.43,587.83,0.5729,-1,-1,-1
260,13,-5.09,159.83,370.14,912.47,0.9469,-1,-1,-1
260,5,1145.01,341.18,206.38,583.46,0.9225,-1,-1,-1
260,16,452.54,410.09,144.43,420.27,0.9039,-1,-1,-1
260,14,584.65,408.24,175.82,405.72,0.9029,-1,-1,-1
261,4,814.54,346.49,185.06,574.79,0.8162,-1,-1,-1
261,13,-5.08,151.23,363.70,922.50,0.9520,-1,-1,-1
261,5,1148.83,340.42,204.76,587.23,0.9275,-1,-1,-1
261,16,448.60,407.26,146.87,424.60,0.8950,-1,-1,-1
261,14,584.74,410.69,173.46,408.64,0.8941,-1,-1,-1
261,11,973.56,428.59,120.84,348.68,0.6699,-1,-1,-1
262,4,820.94,343.81,181.11,568.54,0.8194,-1,-1,-1
262,13,-4.75,143.30,354.32,931.24,0.9545,-1,-1,-1
262,5,1152.34,339.40,203.79,589.79,0.9311,-1,-1,-1
262,16,444.99,403.94,145.98,432.86,0.9235,-1,-1,-1
262,14,587.96,412.07,165.23,410.91,0.8704,-1,-1,-1
262,11,976.93,425.08,120.89,351.83,0.5317,-1,-1,-1
263,4,825.40,342.58,178.33,558.41,0.7432,-1,-1,-1
263,13,-4.15,131.80,342.21,942.25,0.9515,-1,-1,-1
263,5,1156.22,337.24,203.03,592.34,0.9330,-1,-1,-1
263,16,439.94,400.38,145.72,441.42,0.9067,-1,-1,-1
263,14,589.87,409.25,155.55,417.36,0.8315,-1,-1,-1
263,11,984.12,426.22,119.67,347.05,0.7433,-1,-1,-1
264,4,826.50,340.68,177.63,555.68,0.7985,-1,-1,-1
264,13,-3.18,122.62,328.28,949.74,0.9417,-1,-1,-1
264,5,1158.98,335.42,203.12,595.48,0.9281,-1,-1,-1
264,16,430.91,396.45,151.79,451.81,0.9020,-1,-1,-1
264,14,588.41,405.00,150.93,423.39,0.8648,-1,-1,-1
264,11,991.77,423.60,120.94,346.70,0.7159,-1,-1,-1
265,4,828.45,331.64,172.50,564.87,0.7902,-1,-1,-1
265,13,-2.70,113.97,310.55,956.93,0.9320,-1,-1,-1
265,5,1160.17,333.05,203.54,598.30,0.9298,-1,-1,-1
265,16,417.50,394.63,160.98,455.31,0.9129,-1,-1,-1
265,14,585.35,396.50,146.49,430.29,0.8561,-1,-1,-1
265,11,995.72,417.63,123.31,350.13,0.8237,-1,-1,-1
266,4,830.84,326.53,169.27,572.12,0.8334,-1,-1,-1
266,13,-2.29,115.59,288.01,951.00,0.8702,-1,-1,-1
266,5,1161.31,330.87,203.65,601.55,0.9309,-1,-1,-1
266,16,406.64,393.96,165.24,457.75,0.9028,-1,-1,-1
266,14,576.57,389.87,149.93,435.64,0.8530,-1,-1,-1
266,11,995.48,411.37,135.79,354.77,0.8067,-1,-1,-1
267,4,835.03,324.73,164.27,575.40,0.8313,-1,-1,-1
267,13,-1.93,194.47,260.33,866.40,0.8605,-1,-1,-1
267,5,1163.07,329.39,203.57,603.94,0.9290,-1,-1,-1
267,16,401.99,391.61,161.15,463.55,0.9200,-1,-1,-1
267,14,554.00,381.81,169.66,443.65,0.9040,-1,-1,-1
267,11,1003.99,407.19,133.97,357.06,0.8282,-1,-1,-1
267,20,786.13,443.59,68.67,233.61,0.8099,-1,-1,-1
268,4,840.87,323.47,157.04,578.04,0.8724,-1,-1,-1
268,13,-1.55,225.25,220.28,789.00,0.8521,-1,-1,-1
268,5,1163.81,327.38,203.75,605.69,0.9288,-1,-1,-1
268,16,399.03,390.90,158.99,468.48,0.9271,-1,-1,-1
268,14,550.29,377.12,172.01,448.72,0.9113,-1,-1,-1
268,11,1010.31,404.54,130.71,360.17,0.8692,-1,-1,-1
268,20,785.42,442.43,71.82,235.15,0.8539,-1,-1,-1
269,4,844.49,322.30,151.62,579.85,0.8557,-1,-1,-1
269,13,-1.70,223.46,188.30,813.08,0.8612,-1,-1,-1
269,5,1163.02,324.14,204.55,611.56,0.9239,-1,-1,-1
269,16,392.80,383.07,158.48,478.66,0.9208,-1,-1,-1
269,14,545.20,367.61,172.88,458.16,0.8839,-1,-1,-1
269,11,1003.74,400.99,140.01,366.92,0.8008,-1,-1,-1
269,20,784.26,439.80,72.34,234.71,0.8450,-1,-1,-1
270,5,1161.91,318.21,204.28,615.57,0.9193,-1,-1,-1
270,16,384.78,374.62,163.38,485.69,0.9143,-1,-1,-1
270,14,540.49,354.90,176.73,468.22,0.8969,-1,-1,-1
270,11,1009.43,396.08,136.91,372.77,0.6972,-1,-1,-1
270,20,782.59,435.92,72.73,231.82,0.8316,-1,-1,-1
271,5,1161.08,315.24,203.53,614.13,0.9225,-1,-1,-1
271,16,374.99,366.41,169.31,494.08,0.9222,-1,-1,-1
271,14,534.64,348.10,179.71,472.75,0.9008,-1,-1,-1
271,11,1010.45,394.80,136.89,374.25,0.8329,-1,-1,-1
271,20,780.58,432.14,73.18,230.47,0.8343,-1,-1,-1
271,4,839.70,322.45,152.11,569.36,0.7121,-1,-1,-1
272,5,1159.01,308.68,201.97,613.14,0.9268,-1,-1,-1
272,16,358.74,355.25,172.70,504.15,0.9281,-1,-1,-1
272,14,528.20,341.57,179.97,478.30,0.8969,-1,-1,-1
272,11,1010.63,392.19,136.67,372.83,0.8497,-1,-1,-1
272,20,775.77,426.30,72.62,231.42,0.8607,-1,-1,-1
272,4,837.66,319.68,148.45,570.48,0.8940,-1,-1,-1
273,5,1155.32,303.63,201.50,611.83,0.9290,-1,-1,-1
273,16,343.85,345.53,173.31,511.25,0.9275,-1,-1,-1
273,14,523.44,337.87,176.47,479.92,0.9146,-1,-1,-1
273,11,1009.00,390.08,136.36,374.57,0.8654,-1,-1,-1
273,20,770.19,419.99,73.24,230.84,0.8451,-1,-1,-1
273,4,830.85,316.88,152.29,569.98,0.9089,-1,-1,-1
274,5,1150.64,299.49,203.42,607.91,0.9280,-1,-1,-1
274,16,331.02,334.93,169.70,518.00,0.9186,-1,-1,-1
274,14,517.00,333.35,180.43,488.79,0.9083,-1,-1,-1
274,11,1001.75,386.49,141.79,377.99,0.8713,-1,-1,-1
274,20,765.60,414.05,71.02,238.54,0.8042,-1,-1,-1
274,4,825.90,309.27,152.99,572.39,0.9164,-1,-1,-1
275,5,1141.66,293.18,209.69,602.96,0.9292,-1,-1,-1
275,16,316.52,324.06,175.27,525.20,0.9021,-1,-1,-1
275,14,506.46,326.08,186.24,496.20,0.9132,-1,-1,-1
275,11,992.31,380.77,148.62,382.11,0.8865,-1,-1,-1
275,20,758.44,404.15,71.21,247.90,0.7515,-1,-1,-1
275,4,814.56,301.02,162.32,576.34,0.6931,-1,-1,-1
276,5,1135.70,287.07,212.44,598.46,0.9296,-1,-1,-1
276,16,301.50,316.89,181.34,530.98,0.9019,-1,-1,-1
276,14,497.46,319.80,188.43,501.83,0.9088,-1,-1,-1
276,11,986.19,372.88,150.80,388.20,0.8983,-1,-1,-1
276,20,752.27,398.01,70.15,251.78,0.7231,-1,-1,-1
276,4,805.90,289.94,164.90,581.36,0.6286,-1,-1,-1
277,5,1129.87,279.03,215.28,598.21,0.9259,-1,-1,-1
277,16,288.24,306.89,180.44,541.24,0.9026,-1,-1,-1
277,14,489.10,309.53,189.01,505.12,0.8785,-1,-1,-1
277,11,990.34,366.76,143.65,392.22,0.8548,-1,-1,-1
277,20,744.25,391.79,69.41,250.24,0.7158,-1,-1,-1
277,4,796.61,283.59,166.67,569.35,0.8058,-1,-1,-1
278,5,1123.85,273.19,216.48,597.90,0.9007,-1,-1,-1
278,16,273.94,299.63,179.12,551.76,0.8349,-1,-1,-1
278,14,479.50,297.65,188.10,519.69,0.8961,-1,-1,-1
278,11,981.49,357.33,149.73,397.23,0.8186,-1,-1,-1
278,20,740.26,386.66,64.77,243.32,0.6118,-1,-1,-1
278,4,786.47,277.09,170.61,562.52,0.8784,-1,-1,-1
279,5,1120.78,264.67,218.24,599.86,0.9085,-1,-1,-1
279,16,259.01,291.38,186.03,566.30,0.9098,-1,-1,-1
279,14,471.62,292.06,186.46,525.99,0.9110,-1,-1,-1
279,11,977.38,347.60,152.76,401.59,0.8748,-1,-1,-1
279,20,734.35,377.75,65.60,241.87,0.6678,-1,-1,-1
279,4,775.56,268.81,178.31,559.36,0.8906,-1,-1,-1
280,5,1117.51,255.32,221.19,603.96,0.9089,-1,-1,-1
280,16,247.14,278.19,188.42,579.93,0.8409,-1,-1,-1
280,14,468.52,280.72,185.78,537.60,0.8697,-1,-1,-1
280,11,979.87,335.93,150.40,406.37,0.8605,-1,-1,-1
280,20,731.23,370.96,65.35,244.23,0.7965,-1,-1,-1
280,4,769.84,260.09,180.57,556.44,0.9089,-1,-1,-1
281,5,1117.92,248.34,221.45,603.65,0.9112,-1,-1,-1
281,16,235.63,268.98,196.57,590.43,0.9109,-1,-1,-1
281,14,462.95,272.21,188.81,547.26,0.5930,-1,-1,-1
281,11,981.89,322.40,148.84,416.05,0.8910,-1,-1,-1
281,20,729.80,366.31,61.43,239.74,0.7203,-1,-1,-1
281,4,771.19,251.28,177.48,555.54,0.8577,-1,-1,-1
282,5,1115.65,239.09,222.96,607.05,0.9061,-1,-1,-1
282,16,225.16,253.63,203.83,600.49,0.9156,-1,-1,-1
282,14,459.02,250.59,192.19,566.41,0.9103,-1,-1,-1
282,11,984.85,308.77,146.57,421.51,0.8729,-1,-1,-1
282,20,727.69,355.35,61.57,244.76,0.6588,-1,-1,-1
282,4,761.72,242.09,189.98,557.83,0.8514,-1,-1,-1
283,5,1116.68,229.04,224.24,609.45,0.9127,-1,-1,-1
283,16,214.23,240.10,211.46,611.31,0.9165,-1,-1,-1
283,14,453.26,231.68,198.87,576.98,0.9127,-1,-1,-1
283,11,985.24,298.45,148.17,428.30,0.8764,-1,-1,-1
283,20,726.75,346.06,62.20,251.70,0.6519,-1,-1,-1
283,4,757.91,233.39,195.00,561.47,0.8468,-1,-1,-1
284,5,1118.48,220.63,225.58,614.87,0.9135,-1,-1,-1
284,16,204.92,226.54,217.54,626.39,0.9138,-1,-1,-1
284,14,444.35,219.87,209.12,578.59,0.9130,-1,-1,-1
284,11,981.43,288.45,156.88,435.21,0.8599,-1,-1,-1
284,20,725.14,340.68,63.18,245.65,0.6919,-1,-1,-1
284,4,759.45,226.21,196.29,561.11,0.8499,-1,-1,-1
285,5,1120.43,213.15,227.45,618.51,0.9185,-1,-1,-1
285,16,195.35,212.24,222.99,638.16,0.9161,-1,-1,-1
285,14,437.66,205.23,216.58,592.51,0.9298,-1,-1,-1
285,11,981.58,280.28,162.93,440.88,0.8166,-1,-1,-1
285,20,725.18,332.71,64.72,247.55,0.7381,-1,-1,-1
285,4,760.88,217.86,195.23,562.91,0.8676,-1,-1,-1
286,5,1122.85,207.00,228.21,622.89,0.9151,-1,-1,-1
286,16,183.22,199.32,226.47,649.30,0.9109,-1,-1,-1
286,14,435.14,192.65,219.18,599.12,0.9208,-1,-1,-1
286,11,979.01,272.41,171.86,449.62,0.8655,-1,-1,-1
286,20,724.81,325.60,67.35,248.10,0.8023,-1,-1,-1
286,4,764.49,213.63,194.01,562.37,0.8882,-1,-1,-1
287,5,1124.72,201.56,232.73,621.78,0.9187,-1,-1,-1
287,16,173.15,185.82,229.96,658.30,0.9213,-1,-1,-1
287,14,432.85,179.94,222.08,607.38,0.9179,-1,-1,-1
287,11,977.84,262.01,180.27,456.19,0.8417,-1,-1,-1
287,20,726.14,317.50,71.12,251.94,0.8329,-1,-1,-1
287,4,769.83,208.80,189.78,559.10,0.8872,-1,-1,-1
288,5,1136.09,193.72,229.79,623.82,0.9107,-1,-1,-1
288,16,165.57,174.78,231.20,665.17,0.9303,-1,-1,-1
288,14,431.05,168.25,224.17,618.83,0.9119,-1,-1,-1
288,11,984.44,254.87,181.87,461.60,0.7740,-1,-1,-1
288,20,729.35,309.84,72.01,253.19,0.8099,-1,-1,-1
288,4,773.68,201.72,186.61,561.16,0.8618,-1,-1,-1
289,5,1146.17,185.59,229.77,627.46,0.9044,-1,-1,-1
289,16,155.30,164.32,235.56,674.78,0.9334,-1,-1,-1
289,14,423.58,160.91,233.93,633.57,0.9360,-1,-1,-1
289,11,994.65,250.85,176.32,465.75,0.7162,-1,-1,-1
289,20,731.18,300.73,75.07,264.01,0.5328,-1,-1,-1
289,4,779.47,193.82,185.70,562.28,0.5100,-1,-1,-1
290,5,1158.15,182.09,225.21,625.93,0.9077,-1,-1,-1
290,16,149.37,151.77,234.68,686.05,0.9338,-1,-1,-1
290,14,417.75,153.45,241.79,651.94,0.9365,-1,-1,-1
290,11,1015.02,246.96,165.96,475.75,0.8824,-1,-1,-1
290,20,734.22,295.95,75.68,265.94,0.8230,-1,-1,-1
290,4,787.34,188.61,189.57,568.41,0.8731,-1,-1,-1
291,5,1171.20,178.20,218.95,623.10,0.8552,-1,-1,-1
291,16,138.24,141.56,240.47,696.62,0.9340,-1,-1,-1
291,14,411.30,148.74,250.08,661.43,0.9332,-1,-1,-1
291,11,1027.54,238.84,161.98,484.71,0.8620,-1,-1,-1
291,20,737.62,288.94,76.93,269.77,0.8301,-1,-1,-1
292,5,1180.39,173.90,218.01,619.43,0.9240,-1,-1,-1
292,16,130.60,135.09,237.70,710.34,0.9256,-1,-1,-1
292,14,405.96,147.98,257.36,672.43,0.9316,-1,-1,-1
292,11,1032.88,234.29,167.48,489.09,0.8903,-1,-1,-1
292,20,739.54,283.56,80.38,273.17,0.8432,-1,-1,-1
292,4,796.33,181.20,190.45,559.86,0.7909,-1,-1,-1
293,5,1190.74,171.53,214.27,613.28,0.9357,-1,-1,-1
293,16,114.60,131.80,245.64,731.55,0.9257,-1,-1,-1
293,14,401.38,145.39,261.02,687.57,0.9292,-1,-1,-1
293,11,1037.54,230.96,176.47,494.32,0.8966,-1,-1,-1
293,20,743.60,279.50,83.90,274.61,0.8276,-1,-1,-1
293,4,808.37,180.73,182.82,552.54,0.8769,-1,-1,-1
294,5,1206.56,171.01,209.18,611.23,0.8949,-1,-1,-1
294,16,88.90,131.24,265.98,752.73,0.9312,-1,-1,-1
294,14,399.66,144.15,262.39,700.84,0.9292,-1,-1,-1
294,11,1045.65,226.84,180.04,500.55,0.9043,-1,-1,-1
294,20,750.04,278.77,87.29,275.76,0.8280,-1,-1,-1
294,4,819.76,179.34,177.42,549.15,0.9131,-1,-1,-1
295,5,1222.01,171.70,203.14,613.36,0.9130,-1,-1,-1
295,16,64.93,132.47,284.83,763.65,0.9264,-1,-1,-1
295,14,395.98,142.12,266.63,726.04,0.9314,-1,-1,-1
295,11,1053.26,221.39,183.53,513.91,0.9040,-1,-1,-1
295,20,756.30,279.01,88.66,276.35,0.8756,-1,-1,-1
295,4,828.85,180.14,176.83,549.08,0.9027,-1,-1,-1
296,5,1236.75,170.80,195.99,616.19,0.9137,-1,-1,-1
296,16,43.09,130.81,298.27,777.13,0.9275,-1,-1,-1
296,14,390.17,137.73,272.87,745.23,0.9263,-1,-1,-1
296,11,1061.04,214.51,185.98,527.12,0.9220,-1,-1,-1
296,20,760.12,277.50,91.18,277.67,0.8689,-1,-1,-1
296,4,837.09,177.49,174.63,551.89,0.8873,-1,-1,-1
297,5,1251.42,171.33,191.32,622.17,0.9165,-1,-1,-1
297,16,30.30,129.52,303.71,794.51,0.9315,-1,-1,-1
297,14,383.70,131.62,277.64,761.17,0.9306,-1,-1,-1
297,11,1068.58,211.08,192.54,535.44,0.8989,-1,-1,-1
297,20,767.07,276.84,91.35,278.70,0.8743,-1,-1,-1
297,4,848.08,178.39,167.47,553.59,0.8655,-1,-1,-1
298,5,1262.03,171.11,187.87,629.19,0.9115,-1,-1,-1
298,16,24.59,126.79,302.19,811.33,0.9308,-1,-1,-1
298,14,376.35,121.68,281.81,776.17,0.9003,-1,-1,-1
298,11,1074.82,205.93,197.24,545.19,0.8294,-1,-1,-1
298,20,771.98,278.14,91.51,275.42,0.8876,-1,-1,-1
298,4,855.84,180.04,164.36,554.29,0.8565,-1,-1,-1
298,21,984.60,213.49,105.79,418.35,0.7863,-1,-1,-1
299,5,1268.03,170.82,188.26,634.97,0.9035,-1,-1,-1
299,16,18.40,117.61,303.28,835.77,0.9212,-1,-1,-1
299,14,367.85,109.53,285.65,794.36,0.9264,-1,-1,-1
299,11,1079.65,203.48,205.06,553.97,0.9278,-1,-1,-1
299,20,776.56,277.57,92.77,278.23,0.8741,-1,-1,-1
299,4,865.18,181.04,157.90,554.25,0.8499,-1,-1,-1
299,21,990.96,205.24,99.07,428.02,0.8008,-1,-1,-1
300,5,1264.52,171.21,198.32,638.80,0.9041,-1,-1,-1
300,16,7.47,109.17,309.98,865.33,0.9133,-1,-1,-1
300,14,355.12,98.42,295.93,810.86,0.9238,-1,-1,-1
300,11,1085.88,201.02,212.03,568.89,0.9165,-1,-1,-1
300,20,780.18,276.80,94.75,279.48,0.8457,-1,-1,-1
300,21,997.61,202.60,93.60,426.14,0.8097,-1,-1,-1
301,5,1259.79,170.27,209.33,643.96,0.9067,-1,-1,-1
301,16,-1.59,98.66,311.04,889.24,0.9362,-1,-1,-1
301,14,342.37,84.70,305.38,829.92,0.9280,-1,-1,-1
301,11,1090.71,199.68,216.53,583.67,0.9067,-1,-1,-1
301,20,782.29,276.96,96.69,279.23,0.8505,-1,-1,-1
301,21,1003.34,204.78,102.30,420.98,0.8041,-1,-1,-1
301,4,872.53,184.40,155.04,559.14,0.9015,-1,-1,-1
302,5,1261.16,169.76,211.60,648.47,0.8966,-1,-1,-1
302,16,-5.34,84.65,301.20,914.16,0.9357,-1,-1,-1
302,14,326.94,74.76,316.48,843.08,0.9233,-1,-1,-1
302,11,1094.46,197.97,217.90,593.92,0.8861,-1,-1,-1
302,20,781.47,276.33,99.50,281.00,0.8549,-1,-1,-1
302,21,1006.62,204.14,102.19,421.67,0.8101,-1,-1,-1
302,4,875.38,186.61,153.39,560.32,0.9040,-1,-1,-1
303,5,1264.05,171.08,208.82,649.95,0.8531,-1,-1,-1
303,16,-6.55,66.73,285.59,940.44,0.9485,-1,-1,-1
303,14,312.81,59.81,325.91,861.44,0.9283,-1,-1,-1
303,11,1100.10,196.99,213.15,604.52,0.8621,-1,-1,-1
303,20,781.00,276.00,100.89,281.92,0.8480,-1,-1,-1
303,21,1008.50,204.39,99.22,422.57,0.8042,-1,-1,-1
303,4,878.62,187.89,150.00,558.11,0.9122,-1,-1,-1
304,5,1270.80,171.48,201.00,652.89,0.8220,-1,-1,-1
304,16,-6.15,52.59,258.06,957.09,0.9235,-1,-1,-1
304,14,299.27,53.39,335.86,876.94,0.9319,-1,-1,-1
304,11,1107.61,196.95,205.62,615.64,0.8588,-1,-1,-1
304,20,782.64,277.18,98.30,281.76,0.8686,-1,-1,-1
304,21,1009.23,207.62,99.17,420.36,0.8368,-1,-1,-1
304,4,876.65,188.66,150.16,558.12,0.9111,-1,-1,-1
305,5,1281.32,172.33,189.45,654.00,0.8373,-1,-1,-1
305,16,-5.29,37.09,226.77,980.15,0.8541,-1,-1,-1
305,14,289.52,47.24,340.11,909.61,0.9429,-1,-1,-1
305,11,1110.16,197.36,203.85,624.77,0.8730,-1,-1,-1
305,20,782.32,278.71,96.86,282.13,0.8678,-1,-1,-1
305,21,1008.68,212.32,98.58,417.17,0.8582,-1,-1,-1
305,4,871.15,188.92,153.27,558.75,0.8962,-1,-1,-1
306,5,1284.98,172.65,185.11,651.45,0.8788,-1,-1,-1
306,16,-4.59,33.29,202.56,997.93,0.9214,-1,-1,-1
306,14,273.83,42.73,349.55,944.76,0.9415,-1,-1,-1
306,11,1109.66,196.57,204.84,643.12,0.8876,-1,-1,-1
306,20,781.79,278.38,96.83,285.50,0.8732,-1,-1,-1
306,21,1007.25,212.66,99.27,418.32,0.8609,-1,-1,-1
306,4,864.22,187.67,158.08,555.96,0.8833,-1,-1,-1
307,16,-3.77,30.90,180.36,1027.58,0.9121,-1,-1,-1
307,14,253.88,36.92,364.10,975.08,0.9333,-1,-1,-1
307,11,1109.39,194.08,208.20,655.63,0.8962,-1,-1,-1
307,20,780.50,275.85,95.41,290.13,0.8393,-1,-1,-1
307,21,1003.57,211.50,102.41,418.39,0.8846,-1,-1,-1
307,4,858.91,184.72,160.72,549.45,0.8902,-1,-1,-1
308,16,-2.89,97.89,153.45,965.45,0.8072,-1,-1,-1
308,14,239.06,32.32,368.45,1003.53,0.9345,-1,-1,-1
308,11,1107.86,190.52,214.01,671.06,0.8898,-1,-1,-1
308,20,777.64,275.09,94.18,290.66,0.8500,-1,-1,-1
308,21,1000.01,212.89,106.01,420.57,0.8713,-1,-1,-1
308,4,855.44,182.88,162.99,547.54,0.8825,-1,-1,-1
308,5,1292.10,167.34,174.42,658.50,0.8586,-1,-1,-1
309,16,-2.25,150.68,130.23,906.26,0.8504,-1,-1,-1
309,14,219.82,32.78,375.60,1022.47,0.9339,-1,-1,-1
309,11,1102.52,188.65,219.68,682.07,0.8534,-1,-1,-1
309,20,775.60,278.22,89.19,285.47,0.8396,-1,-1,-1
309,21,996.96,215.57,108.33,421.04,0.8693,-1,-1,-1
309,4,848.99,183.76,167.20,547.16,0.8234,-1,-1,-1
309,5,1292.75,169.32,168.92,655.73,0.8649,-1,-1,-1
310,16,-1.73,174.41,111.48,640.24,0.6753,-1,-1,-1
310,14,200.38,26.99,385.20,1032.58,0.9398,-1,-1,-1
310,11,1100.44,179.75,225.94,697.25,0.7698,-1,-1,-1
310,20,774.45,276.68,86.71,286.86,0.6554,-1,-1,-1
310,21,996.12,213.42,109.56,423.65,0.8751,-1,-1,-1
310,4,844.06,182.28,171.10,544.94,0.7395,-1,-1,-1
310,5,1294.18,166.02,166.59,661.10,0.7870,-1,-1,-1
311,16,-0.32,197.31,90.95,526.41,0.8097,-1,-1,-1
311,14,183.51,16.70,391.60,1057.34,0.9400,-1,-1,-1
311,11,1098.65,174.80,234.31,704.84,0.7838,-1,-1,-1
311,20,774.03,272.63,85.04,288.88,0.7783,-1,-1,-1
311,21,996.44,210.73,107.15,426.78,0.8715,-1,-1,-1
311,4,833.10,183.23,182.73,547.20,0.7775,-1,-1,-1
311,5,1297.65,165.49,165.61,659.41,0.8513,-1,-1,-1
312,14,165.27,6.27,400.44,1073.23,0.9497,-1,-1,-1
312,11,1102.47,164.18,237.94,718.66,0.9130,-1,-1,-1
312,20,772.48,270.88,83.87,290.99,0.7637,-1,-1,-1
312,21,996.93,208.40,107.41,430.72,0.8669,-1,-1,-1
312,4,826.12,183.36,190.30,550.56,0.8181,-1,-1,-1
312,5,1304.63,164.53,162.15,654.25,0.8616,-1,-1,-1
313,14,143.70,2.19,413.27,1075.42,0.9458,-1,-1,-1
313,11,1104.52,150.12,242.76,738.76,0.9254,-1,-1,-1
313,20,769.69,271.86,82.91,289.10,0.8271,-1,-1,-1
313,21,997.24,210.28,107.28,429.74,0.8641,-1,-1,-1
313,4,818.88,183.50,197.02,553.55,0.8376,-1,-1,-1
314,14,121.33,-0.04,428.42,1077.07,0.9488,-1,-1,-1
314,11,1103.69,140.68,248.57,755.26,0.9112,-1,-1,-1
314,20,766.29,271.63,84.54,291.61,0.8458,-1,-1,-1
314,21,996.11,212.10,104.11,428.01,0.8567,-1,-1,-1
314,4,814.66,182.30,198.13,552.89,0.8161,-1,-1,-1
314,5,1305.53,160.60,158.70,660.00,0.8850,-1,-1,-1
315,14,91.81,-2.10,449.10,1078.82,0.9550,-1,-1,-1
315,11,1106.06,133.45,249.68,778.38,0.9189,-1,-1,-1
315,20,764.60,269.32,84.47,295.18,0.8750,-1,-1,-1
315,21,995.65,214.77,103.72,425.04,0.8760,-1,-1,-1
315,4,815.56,182.49,194.68,551.11,0.8846,-1,-1,-1
315,5,1310.34,157.15,155.41,648.89,0.8467,-1,-1,-1
316,14,58.43,-3.00,470.97,1079.09,0.9565,-1,-1,-1
316,11,1109.73,128.11,252.43,803.69,0.9195,-1,-1,-1
316,20,761.81,266.32,85.81,297.68,0.8640,-1,-1,-1
316,21,994.94,216.09,101.21,424.26,0.8421,-1,-1,-1
316,4,814.58,183.17,194.38,551.30,0.8757,-1,-1,-1
316,5,1310.46,154.24,156.02,646.80,0.8334,-1,-1,-1
317,14,27.25,-1.56,491.86,1079.71,0.9327,-1,-1,-1
317,11,1111.73,118.68,258.97,828.96,0.9135,-1,-1,-1
317,20,760.66,263.25,84.65,299.21,0.8801,-1,-1,-1
317,21,992.75,214.79,99.97,425.66,0.8847,-1,-1,-1
317,4,813.32,181.57,194.83,552.18,0.9034,-1,-1,-1
317,5,1315.03,151.13,150.83,644.78,0.8560,-1,-1,-1
318,14,3.72,-0.90,500.09,1076.79,0.9534,-1,-1,-1
318,11,1113.35,110.36,268.37,849.72,0.9048,-1,-1,-1
318,20,756.71,260.37,87.85,300.78,0.8700,-1,-1,-1
318,21,991.21,213.22,99.86,424.52,0.8846,-1,-1,-1
318,4,813.50,179.86,193.62,550.94,0.8414,-1,-1,-1
318,5,1318.20,148.39,146.08,646.50,0.8476,-1,-1,-1
319,14,-6.29,0.65,495.00,1073.13,0.9619,-1,-1,-1
319,11,1116.11,99.85,276.63,877.47,0.8772,-1,-1,-1
319,20,745.45,258.55,97.65,302.47,0.8703,-1,-1,-1
319,21,988.24,210.65,102.01,424.81,0.8832,-1,-1,-1
319,4,812.32,177.09,193.04,555.51,0.8967,-1,-1,-1
319,5,1322.78,144.73,140.55,651.92,0.7595,-1,-1,-1
320,14,-9.22,1.09,478.91,1070.54,0.9623,-1,-1,-1
320,11,1119.01,96.15,283.70,892.93,0.6184,-1,-1,-1
320,20,740.94,256.36,100.39,305.33,0.8727,-1,-1,-1
320,21,985.21,206.46,105.14,426.84,0.8760,-1,-1,-1
320,4,810.12,172.58,193.63,553.27,0.9014,-1,-1,-1
320,5,1329.36,142.90,138.15,654.05,0.6796,-1,-1,-1
321,14,-9.49,-0.38,456.13,1073.28,0.9622,-1,-1,-1
321,11,1127.19,89.24,287.26,926.89,0.9161,-1,-1,-1
321,20,736.87,253.33,101.68,307.46,0.7979,-1,-1,-1
321,21,981.89,203.67,108.50,426.96,0.8776,-1,-1,-1
321,4,806.99,167.95,194.08,556.63,0.8627,-1,-1,-1
322,14,-8.26,1.02,432.15,1071.17,0.9523,-1,-1,-1
322,11,1135.98,80.76,311.37,958.63,0.9234,-1,-1,-1
322,20,733.30,250.97,103.18,309.39,0.8273,-1,-1,-1
322,21,978.55,199.33,110.31,427.96,0.8505,-1,-1,-1
322,4,814.62,166.11,185.10,553.86,0.8993,-1,-1,-1
323,14,-6.59,3.49,402.88,1066.48,0.8748,-1,-1,-1
323,11,1140.62,70.94,328.04,982.56,0.9331,-1,-1,-1
323,20,730.34,249.28,103.77,312.41,0.8342,-1,-1,-1
323,21,975.38,197.12,112.39,424.63,0.8466,-1,-1,-1
323,4,818.20,164.40,179.82,546.83,0.9157,-1,-1,-1
324,14,-5.19,5.53,368.98,1064.91,0.9442,-1,-1,-1
324,11,1150.53,61.65,328.85,1007.04,0.9355,-1,-1,-1
324,20,726.45,250.25,103.57,314.84,0.8495,-1,-1,-1
324,21,973.84,196.50,113.44,422.84,0.8405,-1,-1,-1
324,4,820.03,165.44,177.07,538.56,0.9178,-1,-1,-1
325,14,-3.76,6.15,331.63,1063.28,0.9321,-1,-1,-1
325,11,1159.23,50.14,326.99,1026.71,0.9312,-1,-1,-1
325,20,722.16,250.46,104.45,318.34,0.8376,-1,-1,-1
325,21,974.45,196.21,113.56,424.34,0.8435,-1,-1,-1
325,4,825.77,163.52,170.83,539.09,0.9120,-1,-1,-1
326,14,-2.77,6.96,318.88,1063.62,0.9049,-1,-1,-1
326,11,1165.70,34.96,330.56,1044.52,0.9319,-1,-1,-1
326,20,714.97,250.20,109.84,320.26,0.8743,-1,-1,-1
326,21,974.81,194.83,113.79,427.84,0.8400,-1,-1,-1
326,4,828.62,162.52,168.31,540.37,0.8981,-1,-1,-1
327,14,-1.64,8.84,258.81,1062.82,0.8177,-1,-1,-1
327,11,1174.75,24.51,338.17,1055.49,0.9299,-1,-1,-1
327,20,712.19,251.53,111.78,322.06,0.8789,-1,-1,-1
327,21,975.78,196.88,112.51,428.66,0.8556,-1,-1,-1
327,4,830.66,165.14,166.80,541.45,0.8811,-1,-1,-1
328,14,-0.61,8.01,193.43,1060.76,0.6376,-1,-1,-1
328,11,1181.31,9.94,355.01,1069.36,0.9191,-1,-1,-1
328,20,712.16,249.79,110.33,321.14,0.8853,-1,-1,-1
328,21,975.95,195.31,111.59,429.81,0.8508,-1,-1,-1
328,4,831.69,165.01,165.28,542.25,0.8736,-1,-1,-1
329,11,1192.88,0.87,365.33,1077.06,0.9144,-1,-1,-1
329,20,710.58,248.89,112.23,323.51,0.8766,-1,-1,-1
329,21,977.14,197.22,111.09,430.04,0.8414,-1,-1,-1
329,4,838.67,166.60,161.02,547.60,0.8694,-1,-1,-1
330,11,1208.45,-1.32,369.83,1075.72,0.9323,-1,-1,-1
330,20,710.59,249.35,112.82,328.72,0.8633,-1,-1,-1
330,21,980.07,197.98,113.08,431.84,0.8657,-1,-1,-1
330,4,843.18,166.49,159.13,556.61,0.8907,-1,-1,-1
331,11,1225.21,-1.87,383.78,1073.94,0.9326,-1,-1,-1
331,20,711.99,250.43,111.71,332.76,0.8608,-1,-1,-1
331,21,984.46,202.94,113.80,431.62,0.8951,-1,-1,-1
331,4,847.31,170.73,158.55,559.58,0.8792,-1,-1,-1
332,11,1240.00,-1.11,394.78,1073.17,0.9231,-1,-1,-1
332,20,711.55,251.99,112.26,333.59,0.8838,-1,-1,-1
332,21,986.99,206.89,114.28,432.04,0.8915,-1,-1,-1
332,4,851.60,177.57,158.27,559.10,0.8866,-1,-1,-1
333,11,1258.81,-1.01,403.95,1076.92,0.9212,-1,-1,-1
333,20,709.15,254.06,114.48,333.57,0.8839,-1,-1,-1
333,21,988.40,209.70,113.75,432.98,0.8877,-1,-1,-1
333,4,851.74,182.31,158.89,559.97,0.8762,-1,-1,-1
334,11,1269.46,0.71,424.86,1075.05,0.9126,-1,-1,-1
334,20,705.58,255.63,117.41,337.68,0.8904,-1,-1,-1
334,21,988.44,214.51,114.77,433.21,0.8878,-1,-1,-1
334,4,849.28,188.14,161.48,560.86,0.8530,-1,-1,-1
335,11,1275.21,1.78,455.90,1072.08,0.9025,-1,-1,-1
335,20,702.62,257.55,119.07,339.73,0.8983,-1,-1,-1
335,21,990.19,218.51,114.54,433.96,0.8884,-1,-1,-1
335,4,848.23,193.35,160.14,557.19,0.8778,-1,-1,-1
336,11,1302.56,2.21,470.83,1070.88,0.9082,-1,-1,-1
336,20,698.89,259.91,120.16,340.94,0.8992,-1,-1,-1
336,21,987.88,220.48,118.00,436.53,0.8804,-1,-1,-1
336,4,844.12,196.27,160.13,557.52,0.8667,-1,-1,-1
337,11,1322.85,2.15,504.73,1071.87,0.9139,-1,-1,-1
337,20,693.53,260.44,121.76,346.35,0.8932,-1,-1,-1
337,21,984.61,223.87,118.81,436.85,0.8580,-1,-1,-1
337,4,840.15,197.43,161.86,559.12,0.8759,-1,-1,-1
337,23,1243.74,166.52,192.49,642.15,0.8578,-1,-1,-1
338,11,1310.82,1.99,571.43,1071.34,0.9118,-1,-1,-1
338,20,688.93,264.08,122.98,346.48,0.8950,-1,-1,-1
338,21,980.33,226.92,122.62,438.12,0.8622,-1,-1,-1
338,4,834.31,199.95,165.54,557.50,0.8433,-1,-1,-1
338,23,1237.46,166.40,198.35,650.11,0.8512,-1,-1,-1
339,11,1308.99,2.72,597.29,1067.38,0.9019,-1,-1,-1
339,20,684.87,266.60,123.63,350.62,0.9097,-1,-1,-1
339,21,978.35,229.85,123.97,439.09,0.8708,-1,-1,-1
339,4,828.12,197.92,168.51,551.72,0.8498,-1,-1,-1
339,23,1233.37,168.62,203.35,679.97,0.8129,-1,-1,-1
340,11,1310.14,2.29,614.54,1066.47,0.9329,-1,-1,-1
340,20,682.36,267.51,122.06,352.36,0.8961,-1,-1,-1
340,21,978.10,229.34,124.55,439.04,0.8699,-1,-1,-1
340,4,823.34,195.15,172.53,547.06,0.8878,-1,-1,-1
340,23,1235.10,169.05,193.95,687.27,0.8182,-1,-1,-1
341,11,1311.85,-0.26,619.18,1068.69,0.8266,-1,-1,-1
341,20,678.70,265.40,123.09,357.25,0.8897,-1,-1,-1
341,21,979.06,226.83,125.45,440.29,0.8738,-1,-1,-1
341,4,821.62,191.78,174.50,546.30,0.8893,-1,-1,-1
341,23,1235.79,165.22,206.55,697.53,0.8875,-1,-1,-1
342,11,1320.26,-0.61,612.21,1068.17,0.7279,-1,-1,-1
342,20,674.04,262.10,124.75,362.71,0.8820,-1,-1,-1
342,21,980.36,224.81,124.24,440.74,0.8715,-1,-1,-1
342,4,816.38,188.91,181.02,548.24,0.8845,-1,-1,-1
342,23,1235.18,163.48,209.96,697.90,0.9074,-1,-1,-1
343,11,1335.34,-1.56,596.05,1070.80,0.8687,-1,-1,-1
343,20,668.74,257.79,125.20,366.59,0.8827,-1,-1,-1
343,21,978.37,224.27,127.32,439.89,0.8631,-1,-1,-1
343,4,811.90,188.38,184.84,549.37,0.8996,-1,-1,-1
343,23,1231.56,161.69,213.25,696.21,0.9094,-1,-1,-1
344,11,1358.37,-2.05,571.83,1064.26,0.6608,-1,-1,-1
344,20,663.73,256.59,124.92,366.58,0.8893,-1,-1,-1
344,21,979.11,222.88,126.32,439.23,0.8570,-1,-1,-1
344,4,810.11,185.81,186.13,553.55,0.8864,-1,-1,-1
344,23,1227.44,158.88,214.91,700.89,0.9166,-1,-1,-1
345,20,659.98,254.22,123.81,371.09,0.8931,-1,-1,-1
345,21,980.38,220.66,126.37,435.57,0.8539,-1,-1,-1
345,4,805.64,184.45,189.96,556.26,0.8810,-1,-1,-1
345,23,1222.67,150.97,223.98,708.66,0.9210,-1,-1,-1
346,20,654.28,252.62,124.67,371.49,0.8916,-1,-1,-1
346,21,972.02,217.35,132.01,433.42,0.8464,-1,-1,-1
346,4,799.35,185.14,191.46,556.47,0.8747,-1,-1,-1
346,23,1214.73,146.18,236.90,714.76,0.9227,-1,-1,-1
347,20,644.98,251.13,127.63,374.82,0.8928,-1,-1,-1
347,21,967.18,216.99,131.28,431.09,0.8663,-1,-1,-1
347,4,798.17,187.46,186.11,555.78,0.8751,-1,-1,-1
347,23,1201.39,145.69,249.64,712.96,0.9300,-1,-1,-1
347,11,1487.45,6.44,439.73,951.75,0.7875,-1,-1,-1
348,20,637.43,245.42,129.17,377.72,0.8881,-1,-1,-1
348,21,965.85,214.06,130.07,430.07,0.8582,-1,-1,-1
348,4,799.80,186.95,182.29,557.79,0.8753,-1,-1,-1
348,23,1193.54,142.54,256.39,711.01,0.9221,-1,-1,-1
348,11,1558.38,16.37,364.94,931.70,0.8104,-1,-1,-1
349,20,629.80,238.04,131.95,387.13,0.8898,-1,-1,-1
349,21,962.64,213.45,131.28,429.37,0.8599,-1,-1,-1
349,4,800.51,187.23,181.27,557.69,0.8589,-1,-1,-1
349,23,1185.08,142.57,262.41,702.79,0.9000,-1,-1,-1
349,11,1630.80,41.76,291.44,848.87,0.6369,-1,-1,-1
350,20,623.15,235.72,132.75,389.87,0.8964,-1,-1,-1
350,21,962.96,214.47,127.56,429.62,0.8687,-1,-1,-1
350,4,798.43,189.60,182.89,551.92,0.8859,-1,-1,-1
350,23,1178.30,142.45,265.42,696.96,0.9309,-1,-1,-1
351,20,617.42,235.64,134.03,394.29,0.8888,-1,-1,-1
351,21,964.44,216.76,122.31,430.13,0.8543,-1,-1,-1
351,4,797.05,190.79,184.46,546.03,0.8927,-1,-1,-1
351,23,1170.00,143.67,269.94,695.41,0.9227,-1,-1,-1
351,25,750.05,222.39,92.71,411.85,0.8430,-1,-1,-1
352,20,611.65,234.49,133.23,397.84,0.8904,-1,-1,-1
352,21,961.32,217.26,121.52,433.58,0.8613,-1,-1,-1
352,4,798.48,190.27,182.10,542.67,0.8885,-1,-1,-1
352,23,1162.18,143.38,275.37,698.43,0.9223,-1,-1,-1
352,25,742.42,220.78,98.53,417.71,0.8450,-1,-1,-1
353,20,607.13,229.95,130.22,403.27,0.9033,-1,-1,-1
353,21,959.22,216.60,118.57,433.38,0.8669,-1,-1,-1
353,4,796.92,191.67,182.66,542.47,0.8792,-1,-1,-1
353,23,1156.41,142.58,276.06,702.79,0.9308,-1,-1,-1
353,25,735.53,215.37,101.63,424.33,0.8613,-1,-1,-1
354,20,596.62,228.96,134.10,404.30,0.9182,-1,-1,-1
354,21,958.07,217.76,114.32,431.18,0.8885,-1,-1,-1
354,4,795.20,192.05,182.01,539.08,0.8957,-1,-1,-1
354,23,1150.08,143.39,275.29,708.51,0.9381,-1,-1,-1
354,25,728.33,214.07,106.85,427.75,0.8741,-1,-1,-1
355,20,587.92,228.76,133.39,405.10,0.9071,-1,-1,-1
355,21,953.88,218.44,111.31,428.75,0.9015,-1,-1,-1
355,4,794.14,190.81,179.00,534.12,0.9047,-1,-1,-1
355,23,1143.90,143.68,277.20,712.07,0.9376,-1,-1,-1
355,25,718.51,210.52,113.94,434.84,0.8888,-1,-1,-1
356,20,574.13,224.71,139.56,410.12,0.8586,-1,-1,-1
356,21,947.11,219.35,110.94,427.71,0.8926,-1,-1,-1
356,4,791.72,188.23,177.05,533.47,0.8991,-1,-1,-1
356,23,1136.86,142.61,280.32,714.17,0.9355,-1,-1,-1
356,25,711.48,206.51,113.22,441.92,0.8840,-1,-1,-1
357,20,566.27,222.18,138.28,416.97,0.8987,-1,-1,-1
357,21,941.70,217.24,109.27,429.02,0.7853,-1,-1,-1
357,4,789.97,187.03,174.32,533.18,0.9138,-1,-1,-1
357,23,1134.36,141.32,276.33,717.15,0.9364,-1,-1,-1
357,25,700.19,204.09,119.83,446.36,0.9087,-1,-1,-1
358,20,553.47,220.98,139.50,419.23,0.9032,-1,-1,-1
358,21,936.78,216.47,107.48,433.33,0.8677,-1,-1,-1
358,4,784.56,182.12,173.17,538.92,0.8913,-1,-1,-1
358,23,1127.89,140.00,275.74,721.65,0.9313,-1,-1,-1
358,25,687.03,199.80,125.99,448.74,0.8964,-1,-1,-1
359,20,539.22,220.28,142.44,422.93,0.8729,-1,-1,-1
359,21,926.93,216.69,108.23,435.27,0.8502,-1,-1,-1
359,4,785.12,179.71,165.26,542.07,0.9229,-1,-1,-1
359,23,1121.71,139.44,276.76,722.19,0.9275,-1,-1,-1
359,25,673.45,195.63,135.43,452.74,0.8913,-1,-1,-1
360,20,526.20,219.98,144.85,427.93,0.8889,-1,-1,-1
360,21,919.57,214.96,107.29,439.48,0.8926,-1,-1,-1
360,4,781.26,181.15,162.12,540.58,0.9280,-1,-1,-1
360,23,1115.86,138.95,276.33,724.70,0.9273,-1,-1,-1
360,25,659.52,193.53,141.33,458.07,0.9197,-1,-1,-1
361,20,512.08,218.95,146.77,430.40,0.8893,-1,-1,-1
361,21,914.11,216.14,104.45,440.28,0.9053,-1,-1,-1
361,4,775.11,179.02,162.00,540.23,0.8914,-1,-1,-1
361,23,1110.64,140.12,275.78,726.41,0.9254,-1,-1,-1
361,25,649.88,192.11,141.31,464.19,0.9101,-1,-1,-1
362,20,494.81,221.20,150.79,434.50,0.8706,-1,-1,-1
362,21,906.37,217.04,103.23,438.31,0.8883,-1,-1,-1
362,4,770.64,181.88,159.70,543.97,0.8010,-1,-1,-1
362,23,1106.39,141.69,274.35,725.97,0.9243,-1,-1,-1
362,25,634.75,193.66,150.74,468.25,0.9175,-1,-1,-1
363,20,481.95,222.05,151.59,441.72,0.8681,-1,-1,-1
363,21,900.48,213.67,99.86,442.27,0.8539,-1,-1,-1
363,4,765.33,183.78,158.26,546.66,0.9118,-1,-1,-1
363,23,1101.91,140.76,274.17,732.30,0.9247,-1,-1,-1
363,25,620.80,194.34,158.28,471.90,0.9002,-1,-1,-1
364,20,469.18,220.56,156.60,451.81,0.8663,-1,-1,-1
364,21,897.83,211.20,94.45,442.89,0.7881,-1,-1,-1
364,4,765.12,184.54,155.68,549.56,0.8988,-1,-1,-1
364,23,1101.39,137.98,272.01,736.12,0.9212,-1,-1,-1
364,25,607.96,190.99,167.15,478.69,0.9146,-1,-1,-1
365,20,443.54,223.72,175.88,456.00,0.8895,-1,-1,-1
365,21,896.36,211.08,91.83,446.51,0.7016,-1,-1,-1
365,4,764.67,187.89,156.64,550.07,0.8993,-1,-1,-1
365,23,1102.20,137.95,269.68,737.25,0.9118,-1,-1,-1
365,25,592.51,192.71,180.84,483.60,0.9079,-1,-1,-1
366,20,439.39,224.89,170.98,459.77,0.8742,-1,-1,-1
366,21,894.25,212.90,88.22,441.45,0.7796,-1,-1,-1
366,4,763.25,192.77,154.20,545.52,0.8921,-1,-1,-1
366,23,1100.20,139.21,267.98,731.47,0.9110,-1,-1,-1
366,25,586.39,194.94,184.10,485.23,0.9284,-1,-1,-1
367,20,434.17,221.53,169.32,466.19,0.8714,-1,-1,-1
367,21,894.22,208.81,85.87,440.26,0.7692,-1,-1,-1
367,4,763.25,192.38,153.15,544.37,0.8978,-1,-1,-1
367,23,1100.04,136.49,268.08,726.20,0.9124,-1,-1,-1
367,25,586.18,191.02,182.16,492.57,0.9169,-1,-1,-1
368,20,431.34,219.99,173.36,471.93,0.8896,-1,-1,-1
368,21,894.62,206.79,83.33,437.79,0.7295,-1,-1,-1
368,4,763.59,193.29,153.44,545.92,0.9056,-1,-1,-1
368,23,1100.00,134.79,268.02,722.26,0.9141,-1,-1,-1
368,25,589.38,191.36,176.66,499.91,0.9283,-1,-1,-1
369,20,427.30,220.99,173.44,472.04,0.8866,-1,-1,-1
369,21,895.97,204.27,81.77,438.05,0.6993,-1,-1,-1
369,4,763.83,191.53,156.80,548.13,0.8994,-1,-1,-1
369,23,1102.64,134.00,266.07,718.05,0.9171,-1,-1,-1
369,25,589.57,191.09,172.89,506.86,0.9212,-1,-1,-1
370,20,423.77,222.50,173.23,475.05,0.8920,-1,-1,-1
370,21,897.28,205.69,81.71,438.58,0.7357,-1,-1,-1
370,4,763.21,192.47,159.84,541.21,0.8952,-1,-1,-1
370,23,1104.66,133.82,264.30,718.13,0.9221,-1,-1,-1
370,25,587.46,193.21,169.87,509.89,0.9079,-1,-1,-1
371,20,419.52,224.55,176.76,478.69,0.9005,-1,-1,-1
371,21,898.06,208.31,81.23,437.07,0.7540,-1,-1,-1
371,4,761.94,194.71,163.17,538.54,0.8988,-1,-1,-1
371,23,1107.14,133.67,260.50,722.56,0.9212,-1,-1,-1
371,25,584.72,195.65,170.66,515.95,0.9228,-1,-1,-1
372,20,416.38,225.97,178.73,480.88,0.9046,-1,-1,-1
372,21,901.29,209.51,78.64,436.61,0.7396,-1,-1,-1
372,4,763.93,195.53,163.55,537.60,0.8873,-1,-1,-1
372,23,1111.98,133.05,255.10,728.41,0.9254,-1,-1,-1
372,25,581.33,195.02,172.27,524.01,0.9143,-1,-1,-1
373,20,413.01,227.76,179.81,482.81,0.9072,-1,-1,-1
373,21,903.32,213.03,78.51,434.03,0.6037,-1,-1,-1
373,4,765.58,196.90,164.45,535.52,0.8421,-1,-1,-1
373,23,1114.21,136.46,252.59,731.63,0.9199,-1,-1,-1
373,25,576.52,195.88,175.52,528.42,0.9079,-1,-1,-1
374,20,407.91,228.47,178.49,485.82,0.9141,-1,-1,-1
374,21,904.55,215.84,83.28,437.35,0.5551,-1,-1,-1
374,4,767.25,198.33,165.59,535.46,0.8637,-1,-1,-1
374,23,1116.55,139.13,249.22,736.92,0.9192,-1,-1,-1
374,25,569.69,193.87,179.06,533.69,0.7182,-1,-1,-1
375,20,403.38,231.09,175.88,487.31,0.9118,-1,-1,-1
375,21,907.11,217.32,82.88,440.62,0.5680,-1,-1,-1
375,4,769.29,200.39,165.13,538.33,0.8747,-1,-1,-1
375,23,1119.48,140.92,244.85,741.91,0.9210,-1,-1,-1
375,25,563.52,191.58,183.80,541.48,0.9064,-1,-1,-1
376,20,394.26,229.73,177.92,497.53,0.9112,-1,-1,-1
376,4,771.76,203.45,163.07,543.19,0.8841,-1,-1,-1
376,23,1122.60,141.78,239.40,749.17,0.9200,-1,-1,-1
376,25,558.89,189.76,188.33,548.98,0.8434,-1,-1,-1
377,20,390.42,225.54,177.38,511.30,0.9098,-1,-1,-1
377,4,774.71,206.33,161.31,546.75,0.8877,-1,-1,-1
377,23,1123.17,148.98,237.85,751.33,0.9220,-1,-1,-1
378,20,385.44,220.82,176.53,523.32,0.9043,-1,-1,-1
378,4,778.85,209.42,158.41,549.13,0.8897,-1,-1,-1
378,23,1124.81,154.63,235.85,751.46,0.5379,-1,-1,-1
378,21,916.18,232.43,79.50,432.67,0.6126,-1,-1,-1
378,25,543.40,190.88,200.41,553.85,0.8941,-1,-1,-1
379,20,384.57,222.65,170.39,532.82,0.8867,-1,-1,-1
379,4,780.81,212.94,157.81,549.37,0.8819,-1,-1,-1
379,23,1125.38,156.29,234.87,755.83,0.9387,-1,-1,-1
379,25,536.85,190.83,205.64,558.73,0.9176,-1,-1,-1
380,20,377.13,218.21,173.95,544.06,0.7253,-1,-1,-1
380,4,782.98,214.96,156.95,548.84,0.8865,-1,-1,-1
380,23,1125.12,158.62,233.96,757.63,0.9327,-1,-1,-1
380,25,532.45,189.26,208.59,566.10,0.9229,-1,-1,-1
381,20,373.84,214.17,173.95,555.43,0.8588,-1,-1,-1
381,4,784.09,217.28,157.50,549.07,0.8792,-1,-1,-1
381,23,1123.00,158.72,233.49,756.74,0.9242,-1,-1,-1
381,25,525.67,186.60,210.90,576.50,0.9216,-1,-1,-1
381,21,918.42,242.13,80.27,430.26,0.6108,-1,-1,-1
382,20,370.54,213.90,176.07,561.41,0.8458,-1,-1,-1
382,4,784.83,219.53,158.32,545.49,0.8931,-1,-1,-1
382,23,1120.37,157.64,232.23,759.86,0.9222,-1,-1,-1
382,25,523.06,184.59,211.24,587.61,0.9168,-1,-1,-1
382,21,917.87,243.42,86.40,431.29,0.7057,-1,-1,-1
383,20,364.50,209.54,175.75,568.96,0.7519,-1,-1,-1
383,4,784.85,217.51,159.44,541.85,0.9082,-1,-1,-1
383,23,1115.33,154.99,232.69,761.99,0.9213,-1,-1,-1
383,25,514.57,180.39,218.51,598.50,0.9182,-1,-1,-1
383,21,918.27,243.55,89.37,433.02,0.7249,-1,-1,-1
384,20,356.06,207.49,179.52,572.64,0.7540,-1,-1,-1
384,4,785.01,215.80,159.36,543.99,0.9057,-1,-1,-1
384,23,1110.67,154.06,234.67,764.45,0.9224,-1,-1,-1
384,25,507.06,178.14,222.43,606.30,0.9091,-1,-1,-1
384,21,918.66,245.96,99.59,431.86,0.6527,-1,-1,-1
385,20,347.67,210.08,186.16,573.80,0.5054,-1,-1,-1
385,4,784.34,216.12,161.37,544.93,0.8934,-1,-1,-1
385,23,1107.08,156.21,239.14,763.70,0.9235,-1,-1,-1
385,25,504.60,177.03,223.00,615.12,0.9050,-1,-1,-1
385,21,917.98,248.30,105.39,430.98,0.6938,-1,-1,-1
385,26,726.45,322.17,64.32,211.76,0.7852,-1,-1,-1
386,20,340.70,207.03,186.21,576.97,0.8659,-1,-1,-1
386,4,781.37,214.90,164.90,537.49,0.8989,-1,-1,-1
386,23,1098.28,157.04,249.69,759.34,0.9238,-1,-1,-1
386,25,494.35,174.67,231.48,621.30,0.9132,-1,-1,-1
386,21,918.38,248.68,105.23,422.66,0.5792,-1,-1,-1
386,26,725.37,320.50,64.72,211.96,0.7404,-1,-1,-1
387,20,332.54,202.27,188.27,585.98,0.8944,-1,-1,-1
387,4,778.86,212.65,167.18,533.10,0.9017,-1,-1,-1
387,23,1088.10,157.24,260.48,753.72,0.9256,-1,-1,-1
387,25,485.47,170.34,236.69,630.75,0.9116,-1,-1,-1
387,21,918.17,247.70,103.54,423.36,0.5049,-1,-1,-1
387,26,721.81,317.53,66.23,212.74,0.7723,-1,-1,-1
388,20,322.72,194.40,191.11,597.29,0.9073,-1,-1,-1
388,4,778.40,211.12,167.93,531.57,0.9005,-1,-1,-1
388,23,1083.27,157.65,265.64,749.03,0.9177,-1,-1,-1
388,25,480.43,166.71,236.64,645.23,0.9073,-1,-1,-1
388,26,718.57,316.36,68.28,211.88,0.7919,-1,-1,-1
389,20,316.39,186.77,190.57,606.08,0.9055,-1,-1,-1
389,4,777.28,211.33,167.57,531.73,0.8969,-1,-1,-1
389,23,1080.10,158.45,268.75,747.83,0.9201,-1,-1,-1
389,25,478.76,162.33,234.85,656.62,0.9063,-1,-1,-1
389,26,717.20,315.92,68.80,213.07,0.7849,-1,-1,-1
390,20,307.47,183.10,195.99,611.43,0.8926,-1,-1,-1
390,4,775.36,211.77,167.71,532.24,0.8930,-1,-1,-1
390,23,1075.76,158.52,274.47,749.12,0.9237,-1,-1,-1
390,25,476.67,157.47,234.87,667.96,0.9160,-1,-1,-1
390,26,715.34,315.95,71.13,213.80,0.8439,-1,-1,-1
391,20,296.34,179.52,201.14,616.22,0.9257,-1,-1,-1
391,4,771.85,212.29,168.27,532.30,0.8816,-1,-1,-1
391,23,1068.70,157.33,283.29,754.61,0.9215,-1,-1,-1
391,25,475.41,150.68,235.81,677.18,0.9177,-1,-1,-1
391,26,711.99,315.55,73.47,214.99,0.8413,-1,-1,-1
392,20,286.71,175.13,204.73,625.12,0.9235,-1,-1,-1
392,4,769.75,212.33,167.98,533.65,0.8735,-1,-1,-1
392,23,1062.76,155.86,290.16,762.74,0.9271,-1,-1,-1
392,25,475.23,144.50,234.16,688.19,0.9209,-1,-1,-1
392,26,708.63,314.08,75.43,217.02,0.8503,-1,-1,-1
393,20,273.62,171.08,209.91,633.33,0.8938,-1,-1,-1
393,4,769.83,215.89,164.61,531.90,0.8624,-1,-1,-1
393,23,1059.13,155.94,294.27,768.14,0.9282,-1,-1,-1
393,25,473.31,140.05,232.47,695.80,0.9204,-1,-1,-1
393,26,706.83,313.70,75.88,218.92,0.8448,-1,-1,-1
394,20,260.99,164.76,216.15,642.84,0.7941,-1,-1,-1
394,4,769.25,216.61,160.33,531.91,0.8138,-1,-1,-1
394,23,1056.78,155.18,296.06,771.19,0.9325,-1,-1,-1
394,25,467.51,133.93,233.79,703.71,0.9192,-1,-1,-1
394,26,703.84,312.90,76.00,218.35,0.8325,-1,-1,-1
394,21,906.41,234.78,81.59,437.25,0.6211,-1,-1,-1
395,20,231.66,159.58,238.19,649.26,0.8906,-1,-1,-1
395,4,762.44,219.32,163.34,534.97,0.7896,-1,-1,-1
395,23,1053.94,154.39,298.40,775.75,0.9300,-1,-1,-1
395,25,462.57,126.89,232.78,714.15,0.9139,-1,-1,-1
395,26,701.26,311.22,76.64,218.37,0.8514,-1,-1,-1
395,21,902.58,232.98,79.82,438.81,0.7512,-1,-1,-1
396,20,223.44,156.11,234.92,660.62,0.9058,-1,-1,-1
396,4,759.50,222.25,161.81,532.67,0.8579,-1,-1,-1
396,23,1051.78,154.48,299.72,778.48,0.9299,-1,-1,-1
396,25,455.93,117.89,234.80,725.25,0.9083,-1,-1,-1
396,26,697.89,309.25,77.15,218.74,0.8519,-1,-1,-1
396,21,900.15,236.08,79.89,435.55,0.7827,-1,-1,-1
397,20,199.20,153.85,250.04,669.16,0.9147,-1,-1,-1
397,4,756.82,222.48,159.71,529.60,0.8667,-1,-1,-1
397,23,1051.14,154.50,299.28,780.69,0.9296,-1,-1,-1
397,25,446.52,110.29,239.94,735.77,0.9083,-1,-1,-1
397,26,695.92,308.88,74.52,219.94,0.8465,-1,-1,-1
397,21,897.34,238.09,79.85,431.98,0.8006,-1,-1,-1
398,20,172.38,149.44,270.44,682.55,0.9061,-1,-1,-1
398,4,752.01,219.52,159.15,533.87,0.8775,-1,-1,-1
398,23,1050.56,154.58,297.19,782.20,0.9320,-1,-1,-1
398,25,436.26,102.03,247.23,746.44,0.9143,-1,-1,-1
398,26,693.01,307.11,72.25,221.34,0.8420,-1,-1,-1
398,21,894.20,238.75,80.43,431.87,0.8259,-1,-1,-1
399,20,143.53,144.76,286.90,696.08,0.9102,-1,-1,-1
399,4,747.28,217.14,158.16,536.80,0.8807,-1,-1,-1
399,23,1051.02,154.29,294.32,785.61,0.9312,-1,-1,-1
399,25,427.55,95.75,253.46,754.53,0.9160,-1,-1,-1
399,26,690.98,305.18,69.76,223.24,0.8469,-1,-1,-1
399,21,888.05,238.66,85.33,431.86,0.8305,-1,-1,-1
400,20,125.65,140.27,294.70,705.41,0.9121,-1,-1,-1
400,4,740.34,216.70,158.50,528.42,0.8738,-1,-1,-1
400,23,1050.84,154.09,292.97,789.06,0.9344,-1,-1,-1
400,25,418.63,91.05,262.49,762.05,0.9105,-1,-1,-1
400,26,690.16,304.93,67.43,222.77,0.7874,-1,-1,-1
400,21,882.59,239.37,88.69,431.71,0.8667,-1,-1,-1
401,20,113.41,136.94,297.21,718.50,0.9247,-1,-1,-1
401,4,731.93,216.16,162.58,519.04,0.9080,-1,-1,-1
401,23,1052.06,153.94,289.75,786.08,0.9344,-1,-1,-1
401,25,411.94,86.18,270.18,772.93,0.9133,-1,-1,-1
401,26,688.18,303.78,66.77,223.61,0.6163,-1,-1,-1
401,21,878.34,239.54,91.36,435.38,0.8889,-1,-1,-1
402,20,108.40,134.57,293.14,727.98,0.9300,-1,-1,-1
402,4,728.43,212.47,164.15,518.64,0.9164,-1,-1,-1
402,23,1054.93,149.07,285.01,791.82,0.9326,-1,-1,-1
402,25,405.82,79.85,277.36,789.45,0.9304,-1,-1,-1
402,26,685.51,300.48,65.50,227.49,0.5228,-1,-1,-1
402,21,875.06,239.80,94.48,436.22,0.8947,-1,-1,-1
403,20,102.03,133.33,287.21,747.53,0.9249,-1,-1,-1
403,4,726.04,211.67,164.99,519.38,0.9216,-1,-1,-1
403,23,1059.34,147.97,280.88,795.70,0.9309,-1,-1,-1
403,25,398.84,75.56,285.45,812.28,0.9346,-1,-1,-1
403,26,685.81,301.19,63.28,230.74,0.5196,-1,-1,-1
403,21,872.91,241.01,96.27,436.70,0.8928,-1,-1,-1
404,20,92.81,133.09,285.80,765.45,0.9343,-1,-1,-1
404,4,723.68,213.23,166.41,519.93,0.9146,-1,-1,-1
404,23,1063.74,148.69,281.35,797.02,0.9242,-1,-1,-1
404,25,391.58,75.74,291.33,831.34,0.9376,-1,-1,-1
404,26,685.99,304.11,62.62,229.70,0.5155,-1,-1,-1
404,21,872.24,243.48,97.64,439.70,0.8963,-1,-1,-1
405,20,78.40,130.97,290.09,779.83,0.9328,-1,-1,-1
405,4,725.11,215.20,164.37,519.88,0.9247,-1,-1,-1
405,23,1064.42,149.79,284.69,794.50,0.9233,-1,-1,-1
405,25,380.17,75.74,301.45,837.59,0.9402,-1,-1,-1
405,21,871.72,243.81,98.53,440.97,0.8896,-1,-1,-1
406,20,57.51,128.05,303.76,790.10,0.9195,-1,-1,-1
406,4,723.48,216.58,167.10,520.52,0.9224,-1,-1,-1
406,23,1066.21,149.30,286.51,787.19,0.9138,-1,-1,-1
406,25,369.97,73.70,312.13,848.78,0.9328,-1,-1,-1
406,21,871.78,242.11,101.52,442.29,0.8708,-1,-1,-1
406,27,974.24,342.72,85.30,212.24,0.7764,-1,-1,-1
407,20,54.33,123.33,303.46,802.11,0.9151,-1,-1,-1
407,4,725.50,218.11,166.38,522.07,0.9194,-1,-1,-1
407,23,1071.10,148.99,284.23,781.90,0.9104,-1,-1,-1
407,25,359.36,73.03,324.55,859.60,0.9325,-1,-1,-1
407,21,871.82,241.53,103.71,442.87,0.8593,-1,-1,-1
407,27,976.94,346.74,85.99,208.05,0.7603,-1,-1,-1
408,20,42.14,118.68,312.67,813.19,0.9275,-1,-1,-1
408,4,724.95,220.70,168.69,523.48,0.9179,-1,-1,-1
408,23,1076.30,148.84,280.86,780.02,0.9153,-1,-1,-1
408,25,353.02,70.25,330.60,874.53,0.9347,-1,-1,-1
408,21,870.78,241.10,107.20,443.48,0.8626,-1,-1,-1
408,27,980.21,340.45,86.33,215.55,0.7478,-1,-1,-1
409,20,43.85,114.16,310.16,824.04,0.9266,-1,-1,-1
409,4,727.73,222.22,168.83,528.02,0.9070,-1,-1,-1
409,23,1083.52,149.99,276.27,783.15,0.9273,-1,-1,-1
409,25,353.72,67.70,328.44,894.34,0.9383,-1,-1,-1
409,21,872.93,240.18,108.37,441.14,0.8658,-1,-1,-1
409,27,988.58,344.92,82.67,212.49,0.7110,-1,-1,-1
410,20,39.83,110.92,314.01,836.27,0.9343,-1,-1,-1
410,4,731.87,225.37,166.68,529.79,0.8913,-1,-1,-1
410,23,1090.35,151.64,273.35,787.26,0.9153,-1,-1,-1
410,25,357.67,65.16,320.03,912.71,0.9296,-1,-1,-1
410,21,876.37,240.03,112.52,439.71,0.8545,-1,-1,-1
410,27,994.62,347.97,79.29,209.77,0.7168,-1,-1,-1
411,20,31.65,104.68,312.85,849.54,0.9352,-1,-1,-1
411,4,734.15,225.97,169.05,531.79,0.8665,-1,-1,-1
411,23,1099.88,152.55,267.73,788.50,0.9229,-1,-1,-1
411,25,358.00,61.33,317.36,924.99,0.9413,-1,-1,-1
411,21,881.38,238.82,112.96,439.38,0.8836,-1,-1,-1
411,27,1000.06,350.02,79.93,208.31,0.8150,-1,-1,-1
412,20,22.13,96.76,313.61,863.74,0.9256,-1,-1,-1
412,4,736.95,226.49,170.97,530.49,0.8700,-1,-1,-1
412,23,1104.12,153.49,269.13,794.50,0.9246,-1,-1,-1
412,25,353.72,56.87,319.03,954.21,0.5993,-1,-1,-1
412,21,887.12,236.71,110.66,443.07,0.8877,-1,-1,-1
412,27,1004.38,348.11,81.66,211.55,0.8729,-1,-1,-1
413,20,6.35,90.41,320.75,870.44,0.9447,-1,-1,-1
413,4,740.65,227.11,172.76,527.84,0.8606,-1,-1,-1
413,23,1106.44,153.75,273.37,800.09,0.9274,-1,-1,-1
413,25,346.63,49.29,323.83,980.15,0.9393,-1,-1,-1
413,21,891.37,232.59,113.56,445.07,0.8903,-1,-1,-1
413,27,1009.80,341.57,80.90,218.09,0.5004,-1,-1,-1
414,20,-0.63,82.99,321.95,880.53,0.9504,-1,-1,-1
414,4,749.03,227.14,169.10,525.83,0.8874,-1,-1,-1
414,23,1110.48,153.46,274.11,804.96,0.9246,-1,-1,-1
414,25,338.89,39.68,327.27,999.11,0.9320,-1,-1,-1
414,21,894.47,233.15,119.22,445.99,0.8909,-1,-1,-1
414,27,1016.08,343.30,80.61,216.74,0.6604,-1,-1,-1
415,20,-3.14,77.43,319.73,886.64,0.9434,-1,-1,-1
415,4,751.67,222.84,170.64,527.98,0.8524,-1,-1,-1
415,23,1115.73,153.28,272.97,809.16,0.9242,-1,-1,-1
415,25,329.03,28.13,336.41,1016.70,0.9380,-1,-1,-1
415,21,899.99,237.26,117.84,442.43,0.8978,-1,-1,-1
415,27,1019.69,348.05,82.65,211.95,0.7748,-1,-1,-1
416,20,-4.00,67.25,315.30,905.86,0.9417,-1,-1,-1
416,4,749.94,218.07,174.94,526.36,0.8797,-1,-1,-1
416,23,1119.74,152.82,271.96,812.82,0.9295,-1,-1,-1
416,25,318.98,15.25,344.61,1035.39,0.9377,-1,-1,-1
416,21,904.44,236.62,118.78,445.66,0.8824,-1,-1,-1
416,27,1022.21,348.66,85.29,210.85,0.7106,-1,-1,-1
417,20,-4.27,57.77,311.50,939.50,0.9417,-1,-1,-1
417,4,747.96,217.74,178.85,523.90,0.8867,-1,-1,-1
417,23,1123.86,152.49,269.02,821.13,0.9338,-1,-1,-1
417,25,299.89,5.66,360.64,1048.88,0.9466,-1,-1,-1
417,21,907.56,236.71,119.26,444.79,0.8766,-1,-1,-1
417,27,1026.00,347.35,87.36,212.73,0.7123,-1,-1,-1
418,20,-4.60,49.34,289.52,973.66,0.9420,-1,-1,-1
418,4,746.92,215.80,180.82,523.42,0.8958,-1,-1,-1
418,23,1126.86,149.94,267.26,825.63,0.9337,-1,-1,-1
418,25,281.65,0.34,374.49,1060.01,0.9470,-1,-1,-1
418,21,908.78,235.24,120.14,444.59,0.8711,-1,-1,-1
418,27,1028.51,340.75,90.20,218.89,0.6914,-1,-1,-1
418,28,656.59,339.12,67.75,192.71,0.7960,-1,-1,-1
419,20,-4.54,41.47,269.86,990.69,0.9375,-1,-1,-1
419,4,745.32,212.14,182.26,528.04,0.9019,-1,-1,-1
419,23,1126.94,148.39,267.58,825.58,0.9341,-1,-1,-1
419,25,261.21,-1.09,389.53,1067.16,0.9491,-1,-1,-1
419,21,909.38,235.33,118.78,443.06,0.8718,-1,-1,-1
419,27,1029.78,342.35,92.86,216.72,0.6970,-1,-1,-1
419,28,654.03,337.09,67.40,200.47,0.7834,-1,-1,-1
420,20,-3.67,37.14,252.15,1004.88,0.9370,-1,-1,-1
420,4,742.98,209.87,183.57,531.25,0.9017,-1,-1,-1
420,23,1126.52,145.72,268.38,826.77,0.9309,-1,-1,-1
420,25,243.85,-1.03,400.67,1074.05,0.9511,-1,-1,-1
420,21,908.63,235.28,121.36,444.85,0.8788,-1,-1,-1
420,27,1031.24,333.34,92.03,225.99,0.7066,-1,-1,-1
420,28,650.97,336.49,66.99,206.60,0.7844,-1,-1,-1
421,20,-2.77,27.34,235.91,993.15,0.9326,-1,-1,-1
421,4,742.12,208.64,184.15,531.65,0.8977,-1,-1,-1
421,23,1123.49,141.25,273.27,829.57,0.9304,-1,-1,-1
421,25,224.05,-0.71,414.24,1075.37,0.9548,-1,-1,-1
421,21,907.62,235.01,121.73,443.75,0.8824,-1,-1,-1
421,27,1031.58,331.54,91.71,226.92,0.7308,-1,-1,-1
421,28,649.09,335.69,68.65,206.92,0.8016,-1,-1,-1
422,20,-3.07,17.11,217.49,993.45,0.9192,-1,-1,-1
422,4,740.42,209.65,183.47,538.09,0.8829,-1,-1,-1
422,23,1119.58,134.02,277.87,834.14,0.9243,-1,-1,-1
422,25,204.21,-1.36,424.05,1078.25,0.9507,-1,-1,-1
422,21,907.36,235.39,120.59,444.10,0.8756,-1,-1,-1
422,27,1031.51,335.69,89.47,222.35,0.6621,-1,-1,-1
422,28,644.45,333.39,69.63,210.67,0.7943,-1,-1,-1
423,20,-2.25,13.29,197.00,996.64,0.9135,-1,-1,-1
423,4,737.74,212.41,179.55,534.74,0.8887,-1,-1,-1
423,23,1112.32,129.58,285.66,837.41,0.9267,-1,-1,-1
423,25,187.35,-1.80,429.82,1081.69,0.9543,-1,-1,-1
423,21,907.05,237.21,120.02,444.23,0.8604,-1,-1,-1
423,27,1030.85,338.73,89.41,220.58,0.6757,-1,-1,-1
423,28,640.18,332.04,72.50,214.18,0.8247,-1,-1,-1
424,20,-1.58,10.02,176.25,1005.29,0.9009,-1,-1,-1
424,4,735.53,214.10,175.65,532.23,0.8890,-1,-1,-1
424,23,1107.09,128.37,292.84,837.10,0.9293,-1,-1,-1
424,25,166.63,-0.20,438.39,1082.32,0.9603,-1,-1,-1
424,21,902.91,240.02,125.94,442.78,0.8548,-1,-1,-1
424,27,1029.14,339.60,86.89,220.18,0.7360,-1,-1,-1
424,28,636.97,331.74,74.95,214.45,0.8070,-1,-1,-1
425,20,-1.39,5.85,151.29,1011.41,0.8807,-1,-1,-1
425,4,730.90,213.36,176.49,532.28,0.8606,-1,-1,-1
425,23,1101.00,126.82,299.28,830.86,0.9304,-1,-1,-1
425,25,140.70,-0.76,454.49,1077.32,0.9544,-1,-1,-1
425,21,898.59,238.69,128.75,441.75,0.8720,-1,-1,-1
425,27,1027.87,337.97,85.15,219.87,0.7557,-1,-1,-1
425,28,632.46,327.21,75.44,219.60,0.8003,-1,-1,-1
426,20,-1.39,97.11,126.45,712.85,0.6539,-1,-1,-1
426,4,730.86,212.44,173.08,531.96,0.8973,-1,-1,-1
426,23,1093.50,127.16,308.43,819.74,0.9297,-1,-1,-1
426,25,112.54,-1.26,469.30,1077.24,0.9545,-1,-1,-1
426,21,895.31,236.89,131.50,441.71,0.8952,-1,-1,-1
426,27,1025.70,334.61,83.59,219.82,0.7883,-1,-1,-1
426,28,630.01,325.78,73.96,217.94,0.8050,-1,-1,-1
427,20,-0.64,139.96,97.27,564.72,0.5587,-1,-1,-1
427,4,727.22,213.27,177.40,534.01,0.8717,-1,-1,-1
427,23,1087.16,129.37,315.18,812.58,0.9286,-1,-1,-1
427,25,78.35,-0.43,489.04,1073.81,0.9519,-1,-1,-1
427,21,895.97,236.89,130.83,441.21,0.8885,-1,-1,-1
427,27,1023.89,333.04,82.72,221.75,0.7284,-1,-1,-1
427,28,626.48,326.27,73.07,220.47,0.8352,-1,-1,-1
428,4,721.55,216.20,180.80,533.36,0.8841,-1,-1,-1
428,23,1081.46,130.46,320.56,814.02,0.9314,-1,-1,-1
428,25,47.17,1.19,510.59,1071.67,0.9514,-1,-1,-1
428,21,892.36,238.02,134.36,440.16,0.8956,-1,-1,-1
428,27,1023.00,332.09,82.19,223.56,0.5873,-1,-1,-1
428,28,620.57,326.54,73.05,220.83,0.8322,-1,-1,-1
429,4,711.94,215.72,187.55,539.27,0.8310,-1,-1,-1
429,23,1076.80,132.72,321.67,816.82,0.8228,-1,-1,-1
429,25,11.37,1.49,532.88,1072.33,0.9568,-1,-1,-1
429,21,893.74,237.55,131.62,438.31,0.8728,-1,-1,-1
429,27,1024.26,330.36,79.29,227.16,0.5973,-1,-1,-1
429,28,615.22,327.00,72.56,223.81,0.8281,-1,-1,-1
430,23,1070.65,133.30,327.56,821.15,0.9328,-1,-1,-1
430,25,-4.38,1.07,539.20,1070.86,0.9446,-1,-1,-1
430,21,895.12,235.92,127.76,434.98,0.8527,-1,-1,-1
430,28,611.61,326.86,73.44,223.61,0.7986,-1,-1,-1
431,23,1067.61,133.16,329.10,825.72,0.9285,-1,-1,-1
431,25,-9.83,1.63,534.17,1071.83,0.9515,-1,-1,-1
431,21,893.12,233.24,127.69,434.07,0.8594,-1,-1,-1
431,28,606.63,326.42,74.43,227.11,0.8124,-1,-1,-1
431,4,696.06,210.42,172.32,544.64,0.6542,-1,-1,-1
432,23,1065.76,133.17,330.88,830.24,0.9281,-1,-1,-1
432,25,-10.60,3.15,527.06,1071.38,0.9604,-1,-1,-1
432,21,893.10,230.26,127.66,434.41,0.8742,-1,-1,-1
432,28,603.48,326.41,73.52,229.06,0.8159,-1,-1,-1
432,4,686.64,209.33,173.48,554.30,0.7599,-1,-1,-1
433,23,1066.74,132.17,330.57,834.18,0.9267,-1,-1,-1
433,25,-9.77,2.54,516.90,1070.01,0.9590,-1,-1,-1
433,21,893.40,229.29,126.53,433.60,0.8865,-1,-1,-1
433,28,600.65,324.70,73.85,229.17,0.7974,-1,-1,-1
433,4,680.25,206.92,176.80,548.91,0.8286,-1,-1,-1
434,23,1069.64,131.00,328.87,836.83,0.9276,-1,-1,-1
434,25,-7.92,0.75,505.38,1069.60,0.9585,-1,-1,-1
434,21,892.72,226.64,128.16,434.33,0.8867,-1,-1,-1
434,28,598.03,321.40,72.21,231.98,0.8376,-1,-1,-1
434,4,676.75,203.10,175.28,563.11,0.8060,-1,-1,-1
435,23,1070.80,128.95,328.83,839.24,0.9238,-1,-1,-1
435,25,-6.25,0.13,493.85,1067.72,0.9620,-1,-1,-1
435,21,892.05,225.35,128.37,433.05,0.8755,-1,-1,-1
435,28,596.13,319.17,73.10,233.53,0.8276,-1,-1,-1
435,4,674.99,200.56,172.13,554.48,0.8744,-1,-1,-1
436,23,1073.16,126.27,327.82,843.58,0.9380,-1,-1,-1
436,25,-4.89,0.38,482.46,1067.61,0.9631,-1,-1,-1
436,21,896.85,224.29,123.51,431.01,0.7486,-1,-1,-1
436,28,595.78,317.47,72.47,232.92,0.8385,-1,-1,-1
436,4,673.27,197.22,170.77,547.60,0.8437,-1,-1,-1
437,23,1077.56,121.82,325.34,847.30,0.9345,-1,-1,-1
437,25,-3.35,0.01,466.49,1069.68,0.9590,-1,-1,-1
437,21,900.51,222.35,119.72,431.76,0.8710,-1,-1,-1
437,28,592.94,313.37,74.11,232.38,0.8231,-1,-1,-1
437,4,671.35,194.47,168.26,541.08,0.8064,-1,-1,-1
438,23,1079.26,119.26,324.39,842.37,0.9338,-1,-1,-1
438,25,-2.89,1.64,444.99,1068.78,0.9505,-1,-1,-1
438,21,903.95,222.15,115.66,433.23,0.8703,-1,-1,-1
438,28,590.11,312.22,74.63,233.65,0.8033,-1,-1,-1
438,4,665.23,193.97,172.26,530.02,0.8102,-1,-1,-1
439,23,1083.67,116.68,320.68,842.23,0.9335,-1,-1,-1
439,25,-2.55,2.65,420.36,1067.78,0.9366,-1,-1,-1
439,21,905.59,222.29,112.98,434.55,0.8737,-1,-1,-1
439,28,585.85,312.18,75.74,233.76,0.7218,-1,-1,-1
439,4,661.90,193.36,174.01,525.84,0.8040,-1,-1,-1
439,27,997.40,302.21,73.01,236.81,0.6471,-1,-1,-1
440,23,1087.77,112.27,319.74,842.26,0.9163,-1,-1,-1
440,25,-1.89,2.28,393.54,1064.30,0.9398,-1,-1,-1
440,21,905.37,221.51,111.44,434.70,0.8749,-1,-1,-1
440,28,582.77,309.42,78.28,239.48,0.7459,-1,-1,-1
440,4,657.42,192.63,176.11,524.51,0.6897,-1,-1,-1
440,29,809.94,297.98,83.06,239.49,0.7956,-1,-1,-1
440,27,995.87,299.97,73.81,235.75,0.7272,-1,-1,-1
441,23,1093.07,107.59,320.09,843.45,0.9323,-1,-1,-1
441,25,-1.05,1.70,365.38,1066.24,0.9377,-1,-1,-1
441,21,907.04,222.88,111.01,433.44,0.8676,-1,-1,-1
441,28,582.64,306.95,77.95,244.34,0.7464,-1,-1,-1
441,4,656.01,194.83,178.82,524.22,0.8376,-1,-1,-1
441,29,809.93,297.45,82.08,240.86,0.7724,-1,-1,-1
441,27,996.09,297.07,75.36,237.61,0.7743,-1,-1,-1
442,23,1098.91,107.36,321.11,833.73,0.9339,-1,-1,-1
442,25,-0.47,1.99,333.95,1064.93,0.9325,-1,-1,-1
442,21,910.88,224.81,108.10,431.81,0.8706,-1,-1,-1
442,28,583.43,307.32,77.53,245.87,0.6281,-1,-1,-1
442,4,657.20,197.43,178.38,524.95,0.8676,-1,-1,-1
442,29,812.72,298.97,84.95,236.97,0.7729,-1,-1,-1
442,27,996.59,297.46,77.84,239.01,0.8011,-1,-1,-1
442,30,1052.76,308.56,72.95,242.49,0.7757,-1,-1,-1
443,23,1104.94,111.02,322.74,822.09,0.9337,-1,-1,-1
443,25,0.15,2.95,300.51,1063.26,0.5367,-1,-1,-1
443,21,911.74,227.11,108.60,429.38,0.8765,-1,-1,-1
443,28,584.21,308.85,78.95,248.06,0.8488,-1,-1,-1
443,4,662.17,199.51,174.37,525.66,0.8570,-1,-1,-1
443,29,815.90,300.50,86.30,230.90,0.8112,-1,-1,-1
443,27,998.93,296.98,79.56,240.45,0.7830,-1,-1,-1
443,30,1054.95,306.36,74.11,245.97,0.7000,-1,-1,-1
444,23,1113.29,113.13,319.06,814.98,0.6419,-1,-1,-1
444,25,0.71,3.41,268.17,1063.13,0.8774,-1,-1,-1
444,21,914.51,225.73,108.25,429.98,0.8562,-1,-1,-1
444,28,586.43,307.08,80.08,250.55,0.8644,-1,-1,-1
444,4,668.36,201.01,169.77,521.29,0.8781,-1,-1,-1
444,29,819.00,300.14,85.07,231.61,0.8399,-1,-1,-1
444,27,1000.71,293.95,81.45,243.01,0.7511,-1,-1,-1
444,30,1061.23,299.82,71.94,248.91,0.6375,-1,-1,-1
445,23,1122.10,117.09,315.78,816.80,0.9301,-1,-1,-1
445,21,913.53,223.35,112.43,431.62,0.8859,-1,-1,-1
445,28,586.77,307.30,82.15,251.38,0.8715,-1,-1,-1
445,4,674.06,202.07,167.42,513.80,0.8726,-1,-1,-1
445,29,822.08,298.80,87.12,233.62,0.8555,-1,-1,-1
445,27,1007.27,292.72,80.69,244.86,0.8484,-1,-1,-1
445,30,1070.98,298.23,69.48,248.91,0.6149,-1,-1,-1
446,23,1130.85,121.59,314.77,818.87,0.9341,-1,-1,-1
446,21,913.08,220.43,115.00,441.98,0.8737,-1,-1,-1
446,28,587.14,308.86,86.06,251.06,0.8638,-1,-1,-1
446,4,681.32,202.54,166.31,503.63,0.8694,-1,-1,-1
446,29,827.14,296.48,86.81,236.16,0.8607,-1,-1,-1
446,27,1012.50,295.05,79.55,246.91,0.8363,-1,-1,-1
446,30,1078.35,300.26,67.86,247.05,0.7379,-1,-1,-1
446,25,-0.57,6.52,289.64,1063.00,0.7147,-1,-1,-1
447,23,1141.17,124.96,310.65,823.61,0.9376,-1,-1,-1
447,21,917.62,219.80,118.51,445.28,0.8696,-1,-1,-1
447,28,589.24,310.50,88.20,249.83,0.8354,-1,-1,-1
447,4,684.94,202.86,168.24,506.14,0.8895,-1,-1,-1
447,29,834.16,296.04,87.65,237.58,0.8543,-1,-1,-1
447,27,1018.46,293.34,81.38,250.73,0.8563,-1,-1,-1
447,30,1086.17,300.46,66.77,248.67,0.5302,-1,-1,-1
448,23,1148.59,134.74,312.55,824.59,0.9335,-1,-1,-1
448,21,925.39,219.46,117.42,448.46,0.8633,-1,-1,-1
448,28,590.55,312.33,90.37,249.58,0.8147,-1,-1,-1
448,4,688.46,204.46,173.24,511.85,0.8897,-1,-1,-1
448,29,842.50,296.78,83.53,240.35,0.8666,-1,-1,-1
448,27,1026.33,296.37,80.39,250.93,0.8710,-1,-1,-1
448,30,1094.71,303.54,68.45,247.65,0.7965,-1,-1,-1
449,23,1154.60,140.41,314.56,825.36,0.9313,-1,-1,-1
449,21,931.49,217.37,117.69,453.50,0.8999,-1,-1,-1
449,28,599.34,314.78,86.81,251.31,0.8486,-1,-1,-1
449,4,696.90,204.80,170.84,512.08,0.8887,-1,-1,-1
449,29,848.58,296.83,82.87,240.54,0.8682,-1,-1,-1
449,27,1037.45,298.34,75.89,248.71,0.8886,-1,-1,-1
449,30,1102.51,307.53,70.08,245.05,0.8080,-1,-1,-1
450,23,1162.24,145.66,310.73,828.34,0.9287,-1,-1,-1
450,21,929.86,215.45,122.06,457.26,0.8828,-1,-1,-1
450,28,605.59,315.19,83.92,251.02,0.8347,-1,-1,-1
450,4,704.61,203.14,170.04,510.31,0.8625,-1,-1,-1
450,29,854.89,295.10,79.85,242.93,0.8336,-1,-1,-1
450,27,1042.78,298.00,76.46,249.75,0.8940,-1,-1,-1
450,30,1108.04,310.73,70.94,242.44,0.8250,-1,-1,-1
451,23,1170.27,149.87,307.96,832.11,0.9145,-1,-1,-1
451,21,938.12,219.20,119.97,448.99,0.8304,-1,-1,-1
451,28,606.65,315.50,86.39,255.49,0.8496,-1,-1,-1
451,4,709.04,202.81,171.56,508.67,0.8495,-1,-1,-1
451,29,857.65,295.21,86.32,241.82,0.8220,-1,-1,-1
451,27,1050.61,295.30,75.33,251.02,0.8415,-1,-1,-1
451,30,1114.79,311.66,71.96,244.19,0.6037,-1,-1,-1
452,23,1177.67,154.12,307.43,836.92,0.9098,-1,-1,-1
452,21,945.69,219.97,122.25,441.08,0.8841,-1,-1,-1
452,28,608.08,315.76,89.25,255.15,0.8276,-1,-1,-1
452,4,719.30,201.37,166.67,508.28,0.8484,-1,-1,-1
452,29,860.32,298.21,89.57,240.33,0.7399,-1,-1,-1
452,27,1057.71,295.35,77.38,251.50,0.8624,-1,-1,-1
452,30,1124.59,311.85,70.84,244.78,0.6933,-1,-1,-1
453,23,1184.28,156.68,306.29,840.33,0.9281,-1,-1,-1
453,21,953.62,218.02,120.22,439.48,0.8836,-1,-1,-1
453,28,615.22,315.02,85.37,257.20,0.8685,-1,-1,-1
453,4,726.27,203.49,164.60,511.42,0.8804,-1,-1,-1
453,29,871.81,298.15,84.18,240.25,0.8522,-1,-1,-1
453,27,1065.34,298.08,76.37,251.54,0.8611,-1,-1,-1
453,30,1132.08,312.22,68.56,247.33,0.7498,-1,-1,-1
454,23,1191.89,158.71,305.49,843.39,0.9359,-1,-1,-1
454,21,955.53,218.85,126.55,438.46,0.8778,-1,-1,-1
454,28,619.39,310.59,86.45,259.64,0.8365,-1,-1,-1
454,4,733.11,202.95,166.11,512.55,0.8943,-1,-1,-1
454,29,879.45,298.84,83.74,241.12,0.8225,-1,-1,-1
454,27,1074.52,299.44,76.34,250.36,0.8638,-1,-1,-1
454,30,1140.18,311.69,69.77,247.62,0.5821,-1,-1,-1
455,23,1196.95,158.17,307.22,845.21,0.9373,-1,-1,-1
455,21,961.06,218.17,129.91,438.95,0.8787,-1,-1,-1
455,28,625.32,305.27,84.34,264.94,0.7787,-1,-1,-1
455,4,739.19,202.67,167.85,513.67,0.8865,-1,-1,-1
455,29,886.03,299.85,83.45,240.89,0.7772,-1,-1,-1
455,27,1082.88,300.36,74.03,250.46,0.8717,-1,-1,-1
455,30,1152.14,312.58,66.88,246.15,0.7053,-1,-1,-1
456,23,1201.64,157.73,310.01,839.97,0.9374,-1,-1,-1
456,21,967.26,215.02,128.51,441.62,0.8594,-1,-1,-1
456,28,630.35,302.19,84.86,267.53,0.8356,-1,-1,-1
456,4,749.89,200.33,164.09,514.16,0.8495,-1,-1,-1
456,29,895.72,299.66,79.78,240.38,0.7957,-1,-1,-1
456,27,1089.95,299.36,71.58,251.72,0.8412,-1,-1,-1
456,30,1157.49,312.90,67.18,245.43,0.5872,-1,-1,-1
457,23,1206.04,156.24,314.44,839.08,0.9350,-1,-1,-1
457,21,973.18,210.53,128.11,445.23,0.8782,-1,-1,-1
457,28,632.76,299.49,87.24,268.61,0.8541,-1,-1,-1
457,4,757.99,198.21,165.48,516.74,0.8512,-1,-1,-1
457,29,901.60,299.00,80.78,241.47,0.8188,-1,-1,-1
457,27,1095.82,297.65,72.48,254.65,0.8466,-1,-1,-1
458,23,1208.24,154.97,318.27,837.69,0.9357,-1,-1,-1
458,21,987.82,212.92,122.79,439.12,0.9031,-1,-1,-1
458,28,635.45,297.49,88.59,270.82,0.8265,-1,-1,-1
458,4,768.00,201.64,162.88,509.34,0.7171,-1,-1,-1
458,29,908.10,299.42,84.60,239.65,0.7873,-1,-1,-1
458,27,1102.21,296.23,73.43,254.71,0.8150,-1,-1,-1
459,23,1207.55,150.76,328.35,839.71,0.9390,-1,-1,-1
459,21,996.03,212.50,122.31,438.36,0.8973,-1,-1,-1
459,28,638.92,297.26,89.67,271.19,0.8113,-1,-1,-1
459,4,777.51,202.97,157.66,514.20,0.9185,-1,-1,-1
459,29,914.39,298.37,83.01,236.87,0.8235,-1,-1,-1
459,27,1106.48,295.66,77.49,254.94,0.8568,-1,-1,-1
460,23,1206.49,144.31,338.56,835.71,0.9377,-1,-1,-1
460,21,998.86,208.69,125.90,442.96,0.8364,-1,-1,-1
460,28,639.83,295.97,91.30,273.78,0.7995,-1,-1,-1
460,4,783.62,202.48,154.55,515.52,0.9049,-1,-1,-1
460,29,921.55,296.98,80.79,236.19,0.8400,-1,-1,-1
460,27,1109.82,295.32,78.96,253.52,0.8198,-1,-1,-1
461,23,1205.72,138.35,345.59,832.48,0.9372,-1,-1,-1
461,21,1005.07,208.76,121.90,445.15,0.8494,-1,-1,-1
461,28,642.40,293.21,91.29,279.03,0.7722,-1,-1,-1
461,4,786.18,201.72,155.87,515.12,0.8978,-1,-1,-1
461,29,927.75,296.61,79.40,234.91,0.8459,-1,-1,-1
461,27,1111.15,293.85,83.17,252.24,0.8382,-1,-1,-1
461,32,735.62,243.74,82.61,330.89,0.8267,-1,-1,-1
462,23,1205.88,134.74,350.47,826.75,0.9349,-1,-1,-1
462,21,1004.67,209.55,125.04,445.09,0.8708,-1,-1,-1
462,28,644.30,291.59,90.54,282.61,0.8024,-1,-1,-1
462,4,787.25,201.42,158.33,509.84,0.8830,-1,-1,-1
462,29,932.20,295.84,79.93,233.78,0.8348,-1,-1,-1
462,27,1114.07,294.55,83.29,252.36,0.7893,-1,-1,-1
462,32,736.61,243.15,83.73,331.96,0.8166,-1,-1,-1
463,23,1204.14,132.21,353.48,820.81,0.6402,-1,-1,-1
463,21,1003.90,208.02,128.05,445.90,0.8733,-1,-1,-1
463,28,643.66,291.12,90.39,284.25,0.7991,-1,-1,-1
463,4,786.35,198.48,161.21,512.06,0.8973,-1,-1,-1
463,29,935.54,290.95,79.78,234.97,0.8497,-1,-1,-1
463,27,1116.31,292.18,82.85,252.98,0.7863,-1,-1,-1
463,32,736.78,239.63,81.95,333.83,0.8079,-1,-1,-1
464,23,1207.89,128.31,349.78,822.43,0.9333,-1,-1,-1
464,21,1003.03,206.50,130.86,446.24,0.8773,-1,-1,-1
464,28,639.97,288.21,90.39,282.44,0.7793,-1,-1,-1
464,4,782.58,191.68,164.81,510.18,0.8838,-1,-1,-1
464,29,934.65,285.18,81.03,235.70,0.8407,-1,-1,-1
464,27,1117.33,287.85,81.70,252.79,0.7922,-1,-1,-1
464,32,734.80,238.66,82.33,332.90,0.8365,-1,-1,-1
465,23,1208.90,123.52,348.28,830.33,0.9343,-1,-1,-1
465,21,1002.56,205.46,132.55,446.36,0.8684,-1,-1,-1
465,28,634.53,283.44,92.15,286.31,0.8366,-1,-1,-1
465,29,933.50,280.37,81.15,237.78,0.8384,-1,-1,-1
465,27,1122.22,286.77,76.82,252.28,0.7221,-1,-1,-1
465,32,729.05,234.42,85.88,339.01,0.7993,-1,-1,-1
466,23,1206.98,119.74,350.16,839.04,0.9366,-1,-1,-1
466,21,1002.78,203.89,133.07,443.25,0.8660,-1,-1,-1
466,28,629.19,280.73,92.99,287.60,0.8194,-1,-1,-1
466,29,932.43,276.26,81.86,239.72,0.8412,-1,-1,-1
466,27,1125.33,285.06,71.85,252.19,0.7105,-1,-1,-1
466,32,725.79,228.81,86.01,341.08,0.7210,-1,-1,-1
466,4,771.10,182.48,174.64,510.88,0.8902,-1,-1,-1
467,23,1203.30,118.74,354.04,844.73,0.9376,-1,-1,-1
467,21,1003.05,204.05,132.18,444.93,0.8715,-1,-1,-1
467,28,622.78,277.42,95.35,292.97,0.8358,-1,-1,-1
467,29,930.84,275.32,83.67,240.37,0.8535,-1,-1,-1
467,27,1125.02,282.90,71.75,254.40,0.7375,-1,-1,-1
467,32,719.39,224.79,89.51,346.62,0.8224,-1,-1,-1
467,4,765.87,179.96,179.43,510.63,0.8921,-1,-1,-1
468,23,1196.71,117.66,358.96,853.05,0.9398,-1,-1,-1
468,21,1000.32,203.76,131.22,445.15,0.8724,-1,-1,-1
468,28,616.59,275.61,96.05,295.76,0.5272,-1,-1,-1
468,29,929.08,275.68,83.00,241.24,0.8203,-1,-1,-1
468,27,1120.28,280.35,74.69,254.06,0.6897,-1,-1,-1
468,32,713.58,220.64,88.99,352.24,0.8351,-1,-1,-1
468,4,762.80,179.54,179.12,510.50,0.9030,-1,-1,-1
469,23,1192.85,117.00,361.16,861.93,0.9387,-1,-1,-1
469,21,998.33,202.85,129.03,444.90,0.8799,-1,-1,-1
469,28,611.25,272.54,95.36,297.27,0.8564,-1,-1,-1
469,29,925.33,273.50,84.12,243.11,0.8683,-1,-1,-1
469,27,1113.46,279.45,81.02,253.85,0.6858,-1,-1,-1
469,32,706.61,218.73,86.94,353.63,0.8325,-1,-1,-1
469,4,762.01,178.41,176.77,508.73,0.9007,-1,-1,-1
470,23,1189.54,117.53,360.86,867.40,0.9411,-1,-1,-1
470,21,994.67,203.06,130.72,443.61,0.8769,-1,-1,-1
470,28,602.64,268.38,98.16,301.90,0.8657,-1,-1,-1
470,29,922.54,272.79,82.05,243.11,0.8809,-1,-1,-1
470,27,1110.50,277.68,81.58,256.31,0.7279,-1,-1,-1
470,32,700.31,215.36,88.98,358.62,0.8436,-1,-1,-1
470,4,761.08,178.39,176.18,507.78,0.9063,-1,-1,-1
471,23,1184.90,119.06,362.68,870.42,0.9441,-1,-1,-1
471,21,991.80,201.39,131.98,443.33,0.8688,-1,-1,-1
471,28,595.45,265.79,98.39,306.19,0.8326,-1,-1,-1
471,29,918.85,273.04,83.12,242.30,0.8794,-1,-1,-1
471,32,692.11,212.37,91.72,361.36,0.8518,-1,-1,-1
471,4,760.28,178.58,174.57,504.44,0.8821,-1,-1,-1
472,23,1183.17,117.96,360.99,875.45,0.9411,-1,-1,-1
472,21,990.60,198.96,130.71,442.88,0.8823,-1,-1,-1
472,28,590.30,264.94,98.51,307.42,0.8622,-1,-1,-1
472,29,916.94,272.25,82.55,241.33,0.8616,-1,-1,-1
472,32,685.67,207.51,95.71,363.51,0.8797,-1,-1,-1
472,4,757.94,177.29,174.09,502.22,0.8902,-1,-1,-1
472,27,1104.24,273.01,80.07,262.24,0.6907,-1,-1,-1
473,23,1182.63,117.14,359.16,876.07,0.9397,-1,-1,-1
473,21,988.42,197.49,127.98,443.12,0.8893,-1,-1,-1
473,28,585.09,262.38,98.19,310.83,0.8736,-1,-1,-1
473,29,916.09,273.08,81.86,240.36,0.8376,-1,-1,-1
473,32,679.89,204.64,99.83,365.06,0.8890,-1,-1,-1
473,4,758.39,177.50,173.15,503.82,0.8925,-1,-1,-1
473,27,1103.61,272.06,82.03,264.48,0.7563,-1,-1,-1
474,23,1184.18,114.64,354.22,869.39,0.9418,-1,-1,-1
474,21,986.76,196.01,126.37,442.23,0.9011,-1,-1,-1
474,28,579.67,260.75,97.78,313.37,0.8868,-1,-1,-1
474,29,916.91,275.88,78.62,239.39,0.6869,-1,-1,-1
474,32,675.20,203.18,103.46,368.43,0.8861,-1,-1,-1
474,4,760.19,178.42,171.38,503.69,0.8919,-1,-1,-1
474,27,1101.39,270.68,80.30,267.99,0.8389,-1,-1,-1
475,23,1184.54,111.33,352.88,864.71,0.9426,-1,-1,-1
475,21,985.78,194.07,122.06,436.46,0.8828,-1,-1,-1
475,28,573.93,258.58,98.80,315.01,0.8913,-1,-1,-1
475,29,917.06,276.95,76.68,238.41,0.7821,-1,-1,-1
475,32,668.49,201.33,107.28,371.12,0.8869,-1,-1,-1
475,4,761.19,178.11,171.70,499.37,0.8788,-1,-1,-1
475,27,1097.89,267.54,79.70,270.56,0.8638,-1,-1,-1
476,23,1186.42,106.71,351.35,863.27,0.9416,-1,-1,-1
476,21,983.10,192.40,120.60,433.94,0.6793,-1,-1,-1
476,28,569.78,257.11,97.17,316.66,0.8860,-1,-1,-1
476,29,917.75,278.38,75.70,237.16,0.6531,-1,-1,-1
476,32,663.41,200.71,110.44,375.14,0.8895,-1,-1,-1
476,4,762.75,178.93,172.88,498.04,0.8755,-1,-1,-1
476,27,1097.33,266.47,77.50,271.13,0.8836,-1,-1,-1
477,23,1188.94,103.61,349.28,859.51,0.9406,-1,-1,-1
477,28,568.77,259.03,95.29,318.13,0.8765,-1,-1,-1
477,29,918.48,282.67,75.27,234.25,0.6638,-1,-1,-1
477,32,659.04,201.81,114.34,379.64,0.8971,-1,-1,-1
477,4,767.32,181.69,170.72,495.62,0.8842,-1,-1,-1
477,27,1097.73,266.96,76.62,271.83,0.8831,-1,-1,-1
478,23,1190.48,102.51,349.09,849.34,0.9367,-1,-1,-1
478,28,560.28,262.53,100.12,322.22,0.8744,-1,-1,-1
478,29,918.46,284.35,76.03,234.94,0.6275,-1,-1,-1
478,32,654.78,203.99,118.00,385.39,0.9096,-1,-1,-1
478,4,771.82,183.83,169.00,496.05,0.8846,-1,-1,-1
478,27,1096.33,268.70,77.89,271.73,0.8617,-1,-1,-1
478,21,978.84,192.07,122.99,441.52,0.8258,-1,-1,-1
479,23,1192.09,101.36,349.59,842.39,0.9402,-1,-1,-1
479,28,553.05,262.98,105.33,325.52,0.8736,-1,-1,-1
479,32,651.43,204.11,122.83,389.08,0.9031,-1,-1,-1
479,4,776.37,183.10,167.12,498.09,0.9025,-1,-1,-1
479,27,1097.18,266.66,75.99,273.63,0.8763,-1,-1,-1
479,21,977.90,192.62,124.53,442.20,0.7806,-1,-1,-1
480,23,1193.77,101.02,350.57,844.18,0.9397,-1,-1,-1
480,28,547.11,264.59,109.48,327.71,0.8781,-1,-1,-1
480,32,647.55,204.36,129.67,392.26,0.9027,-1,-1,-1
480,4,779.26,183.31,168.48,498.79,0.9078,-1,-1,-1
480,27,1097.72,266.21,76.08,276.40,0.8752,-1,-1,-1
480,21,977.03,192.82,125.39,445.14,0.8459,-1,-1,-1
481,23,1196.34,102.53,351.27,850.08,0.9435,-1,-1,-1
481,28,544.67,267.99,109.89,329.64,0.8784,-1,-1,-1
481,32,646.08,206.52,134.45,395.85,0.9080,-1,-1,-1
481,4,781.35,184.64,171.20,496.78,0.9082,-1,-1,-1
481,27,1098.40,271.23,77.88,275.24,0.8907,-1,-1,-1
481,21,976.40,196.95,128.00,440.81,0.8617,-1,-1,-1
482,23,1199.85,106.61,354.14,855.24,0.9410,-1,-1,-1
482,28,543.76,272.69,110.02,330.35,0.8488,-1,-1,-1
482,32,647.39,209.97,136.39,398.79,0.9122,-1,-1,-1
482,4,784.74,186.92,175.28,499.72,0.9019,-1,-1,-1
482,27,1099.02,275.83,79.95,273.61,0.8722,-1,-1,-1
482,21,976.43,201.00,131.20,440.30,0.8864,-1,-1,-1
483,23,1202.45,107.50,355.82,860.57,0.9385,-1,-1,-1
483,28,544.10,271.17,109.49,333.28,0.8699,-1,-1,-1
483,32,648.03,209.10,140.03,402.47,0.9079,-1,-1,-1
483,4,787.72,186.46,178.77,501.41,0.8951,-1,-1,-1
483,27,1102.10,274.88,82.12,274.34,0.8556,-1,-1,-1
483,21,980.90,200.46,131.47,443.62,0.9042,-1,-1,-1
484,23,1205.37,110.17,354.63,868.03,0.9419,-1,-1,-1
484,28,544.89,269.98,108.35,338.56,0.8604,-1,-1,-1
484,32,649.27,208.18,139.71,406.39,0.9036,-1,-1,-1
484,4,796.77,187.33,175.25,503.30,0.8996,-1,-1,-1
484,27,1104.20,276.31,85.01,273.09,0.7280,-1,-1,-1
484,21,986.69,203.15,127.89,444.55,0.9157,-1,-1,-1
485,23,1209.62,113.18,354.94,878.04,0.9399,-1,-1,-1
485,28,544.07,271.34,110.59,342.06,0.8720,-1,-1,-1
485,32,651.72,207.44,137.61,411.54,0.9018,-1,-1,-1
485,4,803.73,188.99,174.62,504.35,0.8873,-1,-1,-1
485,27,1106.46,278.52,85.56,273.14,0.8519,-1,-1,-1
485,21,993.76,206.73,123.97,445.91,0.9047,-1,-1,-1
486,23,1216.39,118.09,351.18,886.14,0.9421,-1,-1,-1
486,28,544.23,271.07,112.99,346.56,0.8862,-1,-1,-1
486,32,654.12,208.21,139.65,414.75,0.8873,-1,-1,-1
486,27,1107.25,280.37,93.96,274.69,0.8710,-1,-1,-1
486,21,999.61,210.48,120.94,447.67,0.8897,-1,-1,-1
487,23,1223.74,127.71,349.73,891.42,0.9408,-1,-1,-1
487,28,543.90,270.79,114.90,351.85,0.8916,-1,-1,-1
487,32,657.28,210.56,146.98,418.32,0.8788,-1,-1,-1
487,27,1113.14,284.23,93.87,277.85,0.8778,-1,-1,-1
487,21,1007.74,218.84,116.26,447.51,0.8673,-1,-1,-1
487,4,820.02,197.88,172.42,508.07,0.9250,-1,-1,-1
488,23,1228.15,136.16,348.79,892.03,0.9409,-1,-1,-1
488,28,544.36,272.20,115.98,355.20,0.8906,-1,-1,-1
488,32,660.22,212.44,148.61,420.01,0.8780,-1,-1,-1
488,27,1118.45,286.87,94.20,277.41,0.8619,-1,-1,-1
488,21,1009.96,223.83,118.50,446.65,0.8676,-1,-1,-1
488,4,826.36,203.27,174.12,509.22,0.9248,-1,-1,-1
489,23,1230.72,140.24,347.72,893.05,0.9403,-1,-1,-1
489,28,542.95,271.50,119.67,359.57,0.8821,-1,-1,-1
489,32,662.37,213.01,154.12,420.26,0.8663,-1,-1,-1
489,27,1127.43,291.14,89.68,279.13,0.8900,-1,-1,-1
489,21,1012.61,227.33,121.17,445.16,0.8621,-1,-1,-1
489,4,832.70,207.29,177.88,509.51,0.9113,-1,-1,-1
490,23,1232.23,143.92,349.40,891.70,0.9416,-1,-1,-1
490,28,538.12,272.01,127.20,362.75,0.8876,-1,-1,-1
490,32,664.28,214.38,155.00,423.58,0.8659,-1,-1,-1
490,27,1133.13,295.79,89.13,279.61,0.8866,-1,-1,-1
490,21,1014.34,228.23,124.42,449.17,0.8748,-1,-1,-1
490,4,838.61,214.15,178.06,508.42,0.9123,-1,-1,-1
491,23,1230.71,144.64,353.31,893.41,0.9400,-1,-1,-1
491,28,532.54,273.97,132.99,363.58,0.8640,-1,-1,-1
491,32,664.54,214.64,158.55,428.28,0.8852,-1,-1,-1
491,27,1135.68,299.60,91.68,278.76,0.8978,-1,-1,-1
491,21,1015.53,228.21,124.77,450.64,0.8880,-1,-1,-1
491,4,844.08,218.68,178.01,508.01,0.9045,-1,-1,-1
492,23,1227.53,143.15,363.17,895.48,0.9416,-1,-1,-1
492,28,528.11,273.78,139.13,364.76,0.8830,-1,-1,-1
492,32,665.46,214.27,157.76,431.55,0.8944,-1,-1,-1
492,27,1136.61,303.22,94.85,279.60,0.8893,-1,-1,-1
492,21,1016.10,230.20,125.04,453.44,0.8926,-1,-1,-1
492,4,848.24,222.69,178.15,507.46,0.8899,-1,-1,-1
493,23,1224.63,140.27,362.43,900.25,0.9337,-1,-1,-1
493,28,523.56,273.71,142.48,369.44,0.8702,-1,-1,-1
493,32,661.34,215.05,161.77,435.28,0.8879,-1,-1,-1
493,27,1135.90,307.48,98.84,278.60,0.8732,-1,-1,-1
493,21,1015.41,232.00,127.42,454.49,0.8921,-1,-1,-1
493,4,850.47,226.13,178.22,504.86,0.8737,-1,-1,-1
494,23,1219.93,136.19,357.07,896.60,0.9338,-1,-1,-1
494,28,519.62,274.73,144.28,375.45,0.8761,-1,-1,-1
494,32,659.18,215.56,162.27,441.20,0.8953,-1,-1,-1
494,27,1134.16,309.82,102.38,277.79,0.8637,-1,-1,-1
494,21,1014.37,232.78,127.80,451.90,0.8949,-1,-1,-1
494,4,854.61,227.61,175.35,503.05,0.8767,-1,-1,-1
495,23,1215.60,131.34,354.58,890.65,0.9351,-1,-1,-1
495,28,514.89,276.13,143.56,381.27,0.8563,-1,-1,-1
495,32,654.62,216.02,165.02,447.64,0.8911,-1,-1,-1
495,27,1134.35,311.41,101.69,278.71,0.8682,-1,-1,-1
495,21,1011.91,234.41,128.36,449.02,0.8935,-1,-1,-1
495,4,857.83,228.80,172.63,502.12,0.8885,-1,-1,-1
496,23,1214.74,126.54,351.69,885.28,0.9358,-1,-1,-1
496,28,511.63,279.14,142.21,383.84,0.8663,-1,-1,-1
496,32,646.33,216.06,173.38,453.07,0.8960,-1,-1,-1
496,27,1137.74,311.90,99.16,279.47,0.8466,-1,-1,-1
496,21,1012.17,235.10,127.73,446.96,0.8861,-1,-1,-1
496,4,859.49,229.18,172.42,500.57,0.8660,-1,-1,-1
497,23,1214.14,121.75,350.15,885.79,0.9356,-1,-1,-1
497,28,508.35,281.56,142.33,385.05,0.8820,-1,-1,-1
497,32,639.53,215.27,178.77,455.76,0.8948,-1,-1,-1
497,27,1139.26,312.02,98.20,281.13,0.8107,-1,-1,-1
497,21,1011.46,235.21,127.54,447.08,0.8831,-1,-1,-1
497,4,860.27,229.81,174.06,480.21,0.8599,-1,-1,-1
498,23,1212.73,118.57,349.89,891.69,0.9324,-1,-1,-1
498,28,504.95,284.39,140.03,385.13,0.8866,-1,-1,-1
498,32,634.87,213.57,179.19,461.03,0.9020,-1,-1,-1
498,27,1139.21,311.65,98.57,284.31,0.6512,-1,-1,-1
498,21,1010.20,235.69,127.89,448.04,0.8855,-1,-1,-1
498,4,859.10,227.84,176.90,464.19,0.8270,-1,-1,-1
499,23,1211.83,114.78,349.71,902.05,0.9337,-1,-1,-1
499,28,497.61,286.72,142.82,387.59,0.8912,-1,-1,-1
499,32,629.10,213.98,177.23,466.08,0.9125,-1,-1,-1
499,27,1141.38,310.99,96.03,285.12,0.8235,-1,-1,-1
499,21,1009.65,234.83,127.33,448.67,0.8820,-1,-1,-1
499,4,858.97,227.10,178.45,480.98,0.8644,-1,-1,-1
500,23,1209.51,113.81,351.45,912.02,0.9332,-1,-1,-1
500,28,492.45,288.79,142.44,390.20,0.8951,-1,-1,-1
500,32,624.93,213.96,175.33,471.66,0.8885,-1,-1,-1
500,27,1140.77,311.31,96.45,286.21,0.8542,-1,-1,-1
500,21,1008.85,234.32,125.42,450.66,0.8875,-1,-1,-1
500,4,858.86,226.80,177.98,484.74,0.8741,-1,-1,-1
501,23,1208.59,112.75,351.81,921.36,0.9363,-1,-1,-1
501,28,486.17,285.56,143.25,398.33,0.9034,-1,-1,-1
501,32,620.31,210.52,171.30,480.85,0.8744,-1,-1,-1
501,27,1141.64,311.18,95.20,286.34,0.8686,-1,-1,-1
501,21,1007.68,234.90,125.92,451.39,0.8873,-1,-1,-1
501,4,857.45,226.98,179.78,489.38,0.8792,-1,-1,-1
502,23,1209.09,112.84,350.84,927.25,0.9393,-1,-1,-1
502,28,480.17,283.94,141.87,404.53,0.8905,-1,-1,-1
502,32,614.66,211.57,172.35,483.82,0.8581,-1,-1,-1
502,27,1140.57,311.12,96.07,285.22,0.9015,-1,-1,-1
502,21,1006.94,235.80,124.61,451.22,0.8876,-1,-1,-1
502,4,857.60,228.26,179.65,491.64,0.8843,-1,-1,-1
503,23,1208.69,113.54,349.81,930.94,0.9413,-1,-1,-1
503,28,471.14,278.78,142.25,410.83,0.8904,-1,-1,-1
503,32,606.68,208.42,171.07,487.79,0.8899,-1,-1,-1
503,27,1137.87,308.55,96.31,285.74,0.9083,-1,-1,-1
503,21,1004.88,235.04,125.78,449.30,0.8780,-1,-1,-1
503,4,855.20,226.43,180.32,493.99,0.8800,-1,-1,-1
504,23,1207.36,114.07,350.49,935.22,0.9423,-1,-1,-1
504,28,462.05,275.33,145.30,413.99,0.8884,-1,-1,-1
504,32,599.80,199.75,172.32,497.27,0.8918,-1,-1,-1
504,27,1136.24,304.90,97.84,288.42,0.9068,-1,-1,-1
504,21,1004.33,233.17,125.45,449.10,0.8799,-1,-1,-1
504,4,852.37,224.89,181.89,494.56,0.8756,-1,-1,-1
505,23,1208.22,114.06,350.32,939.88,0.9416,-1,-1,-1
505,28,451.00,270.12,147.14,420.90,0.8934,-1,-1,-1
505,32,590.42,195.25,174.78,501.87,0.9175,-1,-1,-1
505,27,1134.87,302.54,97.69,288.75,0.8909,-1,-1,-1
505,21,1003.60,231.36,121.32,448.98,0.8550,-1,-1,-1
505,4,854.04,223.37,181.55,495.28,0.8708,-1,-1,-1
506,23,1208.70,113.15,350.95,943.01,0.9414,-1,-1,-1
506,28,440.92,265.21,152.04,427.85,0.7619,-1,-1,-1
506,32,583.42,187.55,173.11,508.21,0.8999,-1,-1,-1
506,27,1130.29,299.52,102.41,291.03,0.8880,-1,-1,-1
506,21,1003.13,230.80,119.51,448.21,0.8483,-1,-1,-1
506,4,854.35,221.90,181.82,500.05,0.8669,-1,-1,-1
507,23,1210.90,111.76,349.69,936.34,0.9418,-1,-1,-1
507,28,431.55,261.32,152.00,434.66,0.9030,-1,-1,-1
507,32,574.02,186.58,171.05,508.51,0.8980,-1,-1,-1
507,27,1128.75,297.56,102.24,292.47,0.8932,-1,-1,-1
507,21,1003.08,231.40,116.43,448.51,0.8346,-1,-1,-1
507,4,856.66,221.80,178.16,503.09,0.8742,-1,-1,-1
508,23,1212.02,108.71,347.57,933.40,0.9426,-1,-1,-1
508,28,419.21,258.85,150.95,439.04,0.9024,-1,-1,-1
508,32,563.20,182.23,169.95,516.52,0.8795,-1,-1,-1
508,27,1130.40,295.36,98.58,293.39,0.8851,-1,-1,-1
508,21,1001.43,230.44,111.37,447.30,0.8084,-1,-1,-1
508,4,855.97,221.27,175.09,502.77,0.8681,-1,-1,-1
509,23,1211.21,105.56,346.35,932.35,0.9410,-1,-1,-1
509,28,407.94,255.64,150.75,441.81,0.9152,-1,-1,-1
509,32,551.00,178.06,171.90,521.49,0.9123,-1,-1,-1
509,27,1127.33,293.69,96.42,293.63,0.8755,-1,-1,-1
509,21,1000.45,230.04,103.58,447.88,0.7779,-1,-1,-1
509,4,858.32,220.06,169.56,498.86,0.8554,-1,-1,-1
510,23,1208.50,101.47,352.00,931.47,0.9373,-1,-1,-1
510,28,393.18,252.72,151.51,449.83,0.9088,-1,-1,-1
510,32,537.03,173.20,176.35,531.85,0.9197,-1,-1,-1
510,27,1122.51,291.86,96.55,294.37,0.8590,-1,-1,-1
510,21,998.44,227.20,96.96,451.17,0.7815,-1,-1,-1
510,4,856.68,218.98,166.91,495.91,0.8089,-1,-1,-1
511,23,1206.01,95.83,355.98,923.28,0.9358,-1,-1,-1
511,28,378.03,250.79,156.80,460.75,0.9133,-1,-1,-1
511,32,525.11,171.62,178.51,539.83,0.8251,-1,-1,-1
511,27,1120.12,288.67,94.88,296.14,0.8513,-1,-1,-1
511,21,993.24,223.02,100.21,456.34,0.7173,-1,-1,-1
511,4,861.27,217.05,160.21,490.09,0.8050,-1,-1,-1
512,23,1206.12,89.96,353.63,909.85,0.9343,-1,-1,-1
512,28,364.88,249.78,157.76,469.92,0.9058,-1,-1,-1
512,32,512.20,167.29,178.78,545.40,0.7765,-1,-1,-1
512,27,1115.43,284.79,96.29,298.94,0.8753,-1,-1,-1
512,21,990.59,219.58,102.71,460.24,0.7796,-1,-1,-1
512,4,857.97,215.39,161.98,486.20,0.8148,-1,-1,-1
513,23,1207.94,84.61,351.60,899.07,0.9337,-1,-1,-1
513,28,352.16,247.05,160.73,477.03,0.9144,-1,-1,-1
513,32,501.18,161.52,182.03,554.05,0.6968,-1,-1,-1
513,27,1111.56,283.50,97.33,298.27,0.8536,-1,-1,-1
513,21,988.85,220.20,90.70,450.64,0.7000,-1,-1,-1
513,4,854.54,212.69,163.79,484.62,0.8538,-1,-1,-1
514,23,1209.84,75.88,349.43,898.97,0.9274,-1,-1,-1
514,28,340.70,245.32,165.70,479.78,0.8953,-1,-1,-1
514,32,489.04,157.22,192.28,568.27,0.8643,-1,-1,-1
514,27,1108.94,279.74,98.92,297.89,0.8781,-1,-1,-1
514,21,987.58,214.85,88.90,451.24,0.8117,-1,-1,-1
514,4,853.85,205.32,161.64,487.98,0.8334,-1,-1,-1
515,23,1213.03,68.12,346.54,906.44,0.9417,-1,-1,-1
515,28,329.59,244.58,168.92,482.10,0.9171,-1,-1,-1
515,32,481.70,153.34,194.44,579.81,0.8769,-1,-1,-1
515,27,1105.54,276.20,101.47,299.07,0.8951,-1,-1,-1
515,21,987.66,211.77,88.57,452.17,0.8218,-1,-1,-1
515,4,853.30,201.97,160.22,486.79,0.8437,-1,-1,-1
516,23,1216.20,62.36,343.46,910.15,0.9372,-1,-1,-1
516,28,318.57,243.84,172.44,489.51,0.9187,-1,-1,-1
516,32,473.20,150.26,200.23,585.06,0.8823,-1,-1,-1
516,27,1104.61,272.43,101.47,301.19,0.8926,-1,-1,-1
516,21,987.23,207.15,88.12,450.22,0.8187,-1,-1,-1
516,4,851.63,198.61,160.14,487.95,0.8745,-1,-1,-1
517,23,1219.62,58.85,341.33,921.00,0.9370,-1,-1,-1
517,28,309.57,240.60,172.19,501.98,0.9176,-1,-1,-1
517,32,467.12,149.39,204.10,594.24,0.9025,-1,-1,-1
517,27,1104.98,270.03,102.85,303.68,0.8900,-1,-1,-1
517,21,987.40,205.21,85.86,442.11,0.8142,-1,-1,-1
517,4,853.89,196.83,156.82,489.95,0.8736,-1,-1,-1
518,23,1221.49,56.46,340.94,931.12,0.9381,-1,-1,-1
518,28,300.13,237.73,174.26,514.27,0.9279,-1,-1,-1
518,32,460.82,146.25,208.73,604.83,0.8951,-1,-1,-1
518,27,1103.94,268.63,105.30,305.97,0.8824,-1,-1,-1
518,4,855.27,195.00,154.09,493.23,0.8408,-1,-1,-1
519,23,1222.87,55.20,340.57,937.10,0.9349,-1,-1,-1
519,28,290.37,231.67,177.91,526.71,0.9173,-1,-1,-1
519,32,453.61,140.82,214.18,617.62,0.8777,-1,-1,-1
519,27,1102.00,263.91,107.29,309.26,0.8848,-1,-1,-1
519,4,854.13,193.37,155.15,495.65,0.8617,-1,-1,-1
519,21,986.13,200.53,82.24,434.71,0.7550,-1,-1,-1
520,23,1227.18,53.84,338.15,944.79,0.9343,-1,-1,-1
520,28,278.88,226.20,183.78,534.74,0.9050,-1,-1,-1
520,32,447.08,136.47,221.04,628.10,0.8806,-1,-1,-1
520,27,1102.73,263.12,108.00,307.84,0.8766,-1,-1,-1
520,4,855.73,191.57,154.47,496.87,0.8480,-1,-1,-1
520,21,985.17,197.34,81.94,436.39,0.7708,-1,-1,-1
521,23,1232.71,57.84,337.68,949.08,0.9336,-1,-1,-1
521,28,273.41,227.27,186.11,537.84,0.8962,-1,-1,-1
521,32,444.61,133.96,225.88,635.93,0.8811,-1,-1,-1
521,27,1106.90,263.41,109.51,308.28,0.8701,-1,-1,-1
521,4,859.32,193.30,152.86,498.49,0.8502,-1,-1,-1
521,21,988.52,196.12,81.05,437.50,0.8212,-1,-1,-1
522,23,1235.94,58.19,332.00,952.60,0.9351,-1,-1,-1
522,28,267.13,222.60,189.17,547.21,0.8949,-1,-1,-1
522,32,440.97,128.71,229.23,643.20,0.8943,-1,-1,-1
522,27,1108.32,260.18,109.45,307.75,0.8677,-1,-1,-1
522,4,860.54,193.54,153.05,496.22,0.8538,-1,-1,-1
522,21,989.51,193.32,80.24,438.98,0.7802,-1,-1,-1
523,23,1237.61,55.73,327.21,959.46,0.9353,-1,-1,-1
523,28,258.01,217.39,196.13,556.48,0.9056,-1,-1,-1
523,32,437.48,119.31,233.55,654.64,0.8983,-1,-1,-1
523,27,1108.12,257.09,111.06,307.64,0.8601,-1,-1,-1
523,21,990.23,190.82,80.24,441.59,0.7963,-1,-1,-1
524,23,1238.90,54.42,324.37,960.49,0.9350,-1,-1,-1
524,28,249.90,215.19,200.79,563.29,0.9019,-1,-1,-1
524,32,434.02,116.73,237.14,660.71,0.8978,-1,-1,-1
524,27,1106.77,255.77,114.33,308.62,0.8589,-1,-1,-1
524,21,991.83,190.75,80.04,443.11,0.7571,-1,-1,-1
524,34,1059.61,282.69,63.32,215.97,0.7645,-1,-1,-1
524,4,870.62,195.30,148.30,493.53,0.8767,-1,-1,-1
525,23,1239.68,51.60,325.56,962.95,0.9299,-1,-1,-1
525,28,242.54,212.03,203.35,568.78,0.8920,-1,-1,-1
525,32,433.05,112.02,241.02,668.42,0.9036,-1,-1,-1
525,27,1110.52,254.44,115.55,308.59,0.8439,-1,-1,-1
525,34,1064.81,281.86,62.02,216.68,0.7202,-1,-1,-1
525,4,874.15,194.03,149.22,491.66,0.8814,-1,-1,-1
526,23,1242.99,50.11,325.59,964.08,0.9286,-1,-1,-1
526,28,234.66,209.25,206.19,575.98,0.8810,-1,-1,-1
526,32,431.42,110.44,245.85,673.93,0.9100,-1,-1,-1
526,27,1114.26,254.49,116.66,310.95,0.8490,-1,-1,-1
526,34,1070.60,278.78,59.10,221.79,0.6740,-1,-1,-1
526,4,878.75,196.62,149.56,493.78,0.9149,-1,-1,-1
527,23,1247.28,50.80,324.15,963.32,0.9343,-1,-1,-1
527,28,227.89,207.08,207.72,582.57,0.8874,-1,-1,-1
527,32,427.35,108.23,252.62,679.04,0.9140,-1,-1,-1
527,27,1118.68,255.86,118.80,312.10,0.8803,-1,-1,-1
527,34,1072.99,279.34,61.22,226.93,0.5614,-1,-1,-1
527,4,881.97,197.78,150.23,492.06,0.8751,-1,-1,-1
528,23,1247.32,49.34,328.27,962.88,0.9325,-1,-1,-1
528,28,223.67,205.51,209.93,590.38,0.8820,-1,-1,-1
528,32,422.52,107.03,259.09,684.21,0.9144,-1,-1,-1
528,27,1125.06,257.27,115.19,313.50,0.8998,-1,-1,-1
528,34,1077.05,277.94,62.04,228.18,0.7737,-1,-1,-1
528,4,881.49,197.61,154.33,491.71,0.8803,-1,-1,-1
529,23,1247.18,49.87,331.83,957.19,0.9325,-1,-1,-1
529,28,221.47,205.14,210.89,605.52,0.8703,-1,-1,-1
529,32,417.53,104.46,267.18,693.94,0.9080,-1,-1,-1
529,27,1131.81,259.17,111.77,314.09,0.8691,-1,-1,-1
529,34,1082.90,281.06,60.48,230.35,0.7037,-1,-1,-1
529,4,879.53,197.98,156.21,486.32,0.8750,-1,-1,-1
530,23,1248.93,48.82,339.07,947.85,0.9301,-1,-1,-1
530,28,214.39,205.27,217.24,625.19,0.8829,-1,-1,-1
530,32,407.86,102.05,278.96,708.57,0.9202,-1,-1,-1
530,27,1136.46,261.83,109.98,314.03,0.6683,-1,-1,-1
530,34,1088.85,291.29,60.65,220.27,0.7186,-1,-1,-1
530,4,886.98,197.28,148.77,485.76,0.8588,-1,-1,-1
530,21,1008.99,207.16,87.61,451.14,0.7055,-1,-1,-1
531,23,1249.63,48.17,343.91,943.72,0.9356,-1,-1,-1
531,28,208.29,206.00,220.70,636.46,0.8980,-1,-1,-1
531,32,403.39,96.88,283.24,732.10,0.9221,-1,-1,-1
531,27,1143.57,262.92,107.52,314.76,0.8919,-1,-1,-1
531,34,1093.96,291.57,62.70,220.67,0.7306,-1,-1,-1
531,4,882.61,196.98,154.82,487.32,0.8630,-1,-1,-1
531,21,1010.90,208.90,92.04,449.99,0.8250,-1,-1,-1
532,23,1251.90,47.54,347.87,947.18,0.9346,-1,-1,-1
532,28,202.54,208.05,225.16,639.18,0.9035,-1,-1,-1
532,32,399.15,93.98,288.10,749.85,0.9238,-1,-1,-1
532,27,1147.53,263.94,106.72,316.13,0.9004,-1,-1,-1
532,34,1097.90,290.97,64.09,224.19,0.6498,-1,-1,-1
532,4,887.18,198.36,153.87,488.21,0.8886,-1,-1,-1
532,21,1014.78,207.38,92.99,450.81,0.7552,-1,-1,-1
533,23,1254.08,47.22,352.65,952.22,0.9299,-1,-1,-1
533,28,197.81,209.88,225.50,646.66,0.9061,-1,-1,-1
533,32,392.36,92.03,294.57,759.49,0.9175,-1,-1,-1
533,27,1151.86,267.20,105.45,318.04,0.8863,-1,-1,-1
533,4,892.21,200.33,151.84,488.67,0.8967,-1,-1,-1
533,21,1016.85,205.49,92.50,455.71,0.8447,-1,-1,-1
534,23,1259.34,45.54,357.12,961.50,0.9296,-1,-1,-1
534,28,190.52,211.52,225.27,649.56,0.9143,-1,-1,-1
534,32,384.58,91.12,300.21,763.44,0.9166,-1,-1,-1
534,27,1154.92,269.26,105.97,319.14,0.8629,-1,-1,-1
534,4,895.11,202.57,151.79,492.65,0.9041,-1,-1,-1
534,21,1018.73,204.12,92.24,462.45,0.7844,-1,-1,-1
535,23,1262.77,43.75,358.45,972.89,0.9305,-1,-1,-1
535,28,179.28,209.19,230.65,671.18,0.9226,-1,-1,-1
535,32,374.91,87.47,305.01,777.19,0.9129,-1,-1,-1
535,27,1155.38,270.23,109.09,317.43,0.8600,-1,-1,-1
535,4,896.41,204.10,153.97,493.26,0.9062,-1,-1,-1
535,21,1018.73,201.80,93.26,469.21,0.8031,-1,-1,-1
536,23,1263.37,41.85,364.69,983.46,0.9287,-1,-1,-1
536,28,168.73,208.46,234.33,682.86,0.8672,-1,-1,-1
536,32,369.25,83.24,304.53,801.70,0.9124,-1,-1,-1
536,27,1155.72,269.90,110.66,317.83,0.8630,-1,-1,-1
536,4,899.51,204.21,153.03,495.22,0.8924,-1,-1,-1
536,21,1018.48,200.04,95.08,469.39,0.8288,-1,-1,-1
537,23,1263.73,40.64,370.23,991.55,0.9303,-1,-1,-1
537,28,154.58,206.39,239.88,694.48,0.9013,-1,-1,-1
537,32,361.85,79.30,305.90,824.70,0.9150,-1,-1,-1
537,27,1155.70,270.11,111.85,317.57,0.8403,-1,-1,-1
537,4,902.15,207.13,151.79,494.41,0.8898,-1,-1,-1
537,21,1018.70,200.54,95.82,466.46,0.8244,-1,-1,-1
538,23,1265.78,39.91,375.28,998.84,0.9328,-1,-1,-1
538,28,138.44,200.56,245.24,707.64,0.8944,-1,-1,-1
538,32,351.61,69.54,302.81,844.98,0.9129,-1,-1,-1
538,27,1157.03,268.52,111.65,320.46,0.8541,-1,-1,-1
538,4,903.72,209.83,152.35,492.08,0.8827,-1,-1,-1
538,21,1019.55,200.49,99.96,464.52,0.8145,-1,-1,-1
539,23,1266.67,38.31,378.48,1006.22,0.9369,-1,-1,-1
539,28,116.51,189.39,250.31,721.19,0.9014,-1,-1,-1
539,32,341.90,56.21,306.63,863.68,0.9001,-1,-1,-1
539,27,1154.31,264.72,111.84,323.78,0.8511,-1,-1,-1
539,4,902.35,209.22,152.51,492.18,0.8863,-1,-1,-1
539,21,1019.14,198.74,103.18,460.07,0.8033,-1,-1,-1
540,23,1269.70,40.05,377.13,1013.13,0.9381,-1,-1,-1
540,28,99.07,181.64,248.33,733.79,0.9212,-1,-1,-1
540,32,327.87,50.95,311.58,875.12,0.8888,-1,-1,-1
540,27,1151.81,265.57,108.09,323.99,0.8805,-1,-1,-1
540,4,901.83,211.17,152.86,492.02,0.8876,-1,-1,-1
540,21,1019.99,199.04,97.31,460.14,0.7481,-1,-1,-1
541,23,1270.03,47.42,378.46,1012.88,0.9338,-1,-1,-1
541,28,77.69,178.59,253.42,745.61,0.9323,-1,-1,-1
541,32,307.37,44.38,312.16,887.94,0.9052,-1,-1,-1
541,27,1139.07,267.35,115.70,325.24,0.8809,-1,-1,-1
541,4,901.93,214.03,149.87,487.78,0.8615,-1,-1,-1
541,21,1017.07,200.13,98.38,459.87,0.8092,-1,-1,-1
542,23,1270.43,49.63,379.19,1009.59,0.9312,-1,-1,-1
542,28,54.28,166.17,258.80,759.23,0.9260,-1,-1,-1
542,32,290.25,34.05,309.74,900.11,0.9217,-1,-1,-1
542,27,1138.30,264.89,112.58,326.31,0.8994,-1,-1,-1
542,4,898.45,208.60,152.32,490.85,0.8578,-1,-1,-1
542,21,1015.99,197.45,91.87,459.01,0.7461,-1,-1,-1
543,23,1273.39,49.74,377.70,1005.35,0.9332,-1,-1,-1
543,28,31.09,158.79,263.32,771.93,0.9123,-1,-1,-1
543,32,262.15,20.93,322.27,918.67,0.9173,-1,-1,-1
543,27,1132.41,263.16,113.52,327.20,0.8554,-1,-1,-1
543,4,893.46,205.46,155.21,490.85,0.8655,-1,-1,-1
543,21,1014.29,193.96,89.11,460.10,0.7265,-1,-1,-1
544,23,1276.20,51.16,376.02,1007.88,0.9410,-1,-1,-1
544,28,8.00,154.27,270.02,783.29,0.9167,-1,-1,-1
544,32,251.83,12.09,316.76,935.93,0.9383,-1,-1,-1
544,27,1120.26,262.69,120.18,327.91,0.8840,-1,-1,-1
544,4,891.77,203.37,154.63,488.83,0.8777,-1,-1,-1
544,21,1011.96,193.33,89.59,462.04,0.5892,-1,-1,-1
545,23,1278.27,52.97,374.17,1004.60,0.9455,-1,-1,-1
545,28,-4.08,147.38,262.17,800.58,0.9161,-1,-1,-1
545,32,225.62,4.80,326.78,950.73,0.9172,-1,-1,-1
545,27,1110.33,264.31,124.70,328.22,0.8836,-1,-1,-1
545,4,889.35,203.92,154.57,484.67,0.8681,-1,-1,-1
545,21,1009.78,196.08,91.12,459.29,0.5733,-1,-1,-1
546,23,1278.18,53.54,373.83,1002.95,0.9454,-1,-1,-1
546,28,-8.01,141.50,247.18,821.07,0.9150,-1,-1,-1
546,32,203.48,1.91,336.35,959.57,0.9265,-1,-1,-1
546,27,1107.53,267.31,122.44,325.16,0.8708,-1,-1,-1
546,4,884.95,203.77,156.45,482.87,0.8651,-1,-1,-1
546,35,574.64,289.60,70.14,253.47,0.7751,-1,-1,-1
547,23,1277.51,52.81,371.80,996.68,0.9459,-1,-1,-1
547,28,-8.75,132.69,229.24,837.58,0.9244,-1,-1,-1
547,32,183.01,-0.25,343.91,965.73,0.9279,-1,-1,-1
547,27,1107.38,268.36,115.55,323.76,0.8425,-1,-1,-1
547,4,878.79,201.78,156.41,482.80,0.8742,-1,-1,-1
547,35,568.09,289.64,65.20,254.08,0.7061,-1,-1,-1
548,23,1276.93,52.61,369.54,984.96,0.9448,-1,-1,-1
548,28,-7.76,125.98,211.57,844.61,0.8920,-1,-1,-1
548,32,160.59,-1.43,357.79,985.65,0.9334,-1,-1,-1
548,27,1098.87,270.27,115.80,324.25,0.8684,-1,-1,-1
548,4,873.16,202.88,156.35,483.06,0.8863,-1,-1,-1
548,35,561.90,287.77,65.44,259.82,0.7438,-1,-1,-1
549,23,1276.07,51.84,366.91,972.98,0.9432,-1,-1,-1
549,28,-6.52,125.37,198.70,850.52,0.8800,-1,-1,-1
549,32,122.59,-1.76,388.92,1019.13,0.9248,-1,-1,-1
549,27,1095.37,271.54,113.43,324.38,0.8915,-1,-1,-1
549,4,868.21,202.20,155.71,488.27,0.8968,-1,-1,-1
549,35,554.63,290.51,66.04,256.41,0.7717,-1,-1,-1
549,21,994.29,216.24,127.37,435.25,0.6112,-1,-1,-1
550,23,1275.61,50.36,364.16,971.91,0.9422,-1,-1,-1
550,28,-5.51,149.77,166.56,837.48,0.8609,-1,-1,-1
550,32,93.70,-0.62,398.55,1054.26,0.9212,-1,-1,-1
550,27,1094.41,271.90,106.08,325.60,0.8835,-1,-1,-1
550,4,865.55,202.90,154.12,492.23,0.8950,-1,-1,-1
550,35,546.63,287.26,71.09,260.46,0.7603,-1,-1,-1
550,21,1016.12,260.89,106.62,373.15,0.5836,-1,-1,-1
551,23,1275.17,49.33,363.11,981.14,0.9368,-1,-1,-1
551,28,-3.90,219.68,147.93,768.80,0.8243,-1,-1,-1
551,32,68.64,-1.55,404.53,1068.61,0.9128,-1,-1,-1
551,27,1092.39,273.11,103.34,323.99,0.8692,-1,-1,-1
551,4,863.48,205.63,149.74,490.71,0.8915,-1,-1,-1
551,35,539.73,284.37,67.20,264.29,0.8331,-1,-1,-1
551,21,1026.06,276.19,98.82,351.59,0.6586,-1,-1,-1
552,23,1275.65,48.48,360.39,988.70,0.9358,-1,-1,-1
552,28,-2.41,238.53,128.23,752.39,0.7569,-1,-1,-1
552,32,32.93,-1.03,421.32,1072.71,0.9339,-1,-1,-1
552,27,1091.48,275.34,99.01,322.73,0.7103,-1,-1,-1
552,4,859.09,210.18,148.25,483.67,0.9003,-1,-1,-1
552,35,534.62,283.68,68.34,266.06,0.8335,-1,-1,-1
552,21,1027.19,280.40,97.28,346.18,0.5537,-1,-1,-1
553,23,1278.87,47.42,355.72,996.41,0.9317,-1,-1,-1
553,32,4.77,-0.32,435.44,1072.83,0.9368,-1,-1,-1
553,27,1092.97,275.40,92.24,325.45,0.8277,-1,-1,-1
553,4,853.28,213.27,146.41,482.09,0.8902,-1,-1,-1
553,35,529.66,289.26,69.22,262.32,0.8025,-1,-1,-1
553,21,1029.65,276.48,93.44,352.93,0.5295,-1,-1,-1
554,23,1276.46,47.21,353.00,1003.01,0.9371,-1,-1,-1
554,32,-6.11,1.27,434.98,1071.43,0.9450,-1,-1,-1
554,27,1093.81,277.01,89.80,328.63,0.7667,-1,-1,-1
554,4,851.47,217.86,140.33,480.79,0.8924,-1,-1,-1
554,35,526.66,288.51,69.20,265.80,0.8202,-1,-1,-1
554,21,1026.73,276.05,100.43,361.19,0.5689,-1,-1,-1
555,23,1271.95,49.70,352.58,1007.51,0.9385,-1,-1,-1
555,32,-8.73,2.26,401.24,1070.26,0.9161,-1,-1,-1
555,4,852.24,221.04,134.04,480.68,0.8975,-1,-1,-1
555,35,523.33,289.89,72.46,266.99,0.8269,-1,-1,-1
556,23,1269.23,52.55,352.33,1014.22,0.9248,-1,-1,-1
556,32,-8.52,3.79,368.83,1067.31,0.9403,-1,-1,-1
556,4,850.62,222.93,133.05,479.89,0.8967,-1,-1,-1
556,35,520.66,291.07,71.63,268.44,0.8211,-1,-1,-1
556,36,1606.15,292.58,77.23,170.37,0.7644,-1,-1,-1
556,21,1028.87,272.40,131.08,360.79,0.6610,-1,-1,-1
557,23,1270.85,54.19,347.63,1015.39,0.9243,-1,-1,-1
557,32,-7.58,2.90,349.00,1068.41,0.9386,-1,-1,-1
557,4,846.90,222.18,134.58,480.14,0.9011,-1,-1,-1
557,35,517.22,291.86,72.21,269.41,0.8235,-1,-1,-1
557,36,1604.66,289.64,78.47,174.31,0.6005,-1,-1,-1
557,37,960.32,216.96,92.86,450.09,0.7828,-1,-1,-1
557,21,1038.10,266.03,127.42,372.15,0.8286,-1,-1,-1
558,23,1276.84,55.45,338.69,1017.21,0.9202,-1,-1,-1
558,32,-5.90,2.66,339.64,1070.13,0.9113,-1,-1,-1
558,4,841.77,221.69,139.03,480.74,0.9049,-1,-1,-1
558,35,516.56,292.02,72.18,271.14,0.8347,-1,-1,-1
558,36,1604.40,288.19,82.57,175.84,0.5043,-1,-1,-1
558,37,960.00,218.09,94.55,457.03,0.8699,-1,-1,-1
558,21,1048.42,260.23,120.17,383.17,0.8712,-1,-1,-1
559,23,1283.96,56.65,328.93,1015.75,0.9254,-1,-1,-1
559,32,-4.56,4.67,348.93,1069.07,0.9288,-1,-1,-1
559,4,835.78,221.62,145.64,480.86,0.9080,-1,-1,-1
559,35,518.97,290.92,71.26,275.37,0.8264,-1,-1,-1
559,36,1603.52,290.32,91.53,176.09,0.5375,-1,-1,-1
559,37,960.61,217.54,98.30,456.00,0.8471,-1,-1,-1
559,21,1051.25,258.85,120.13,388.00,0.8654,-1,-1,-1
560,23,1289.44,58.82,319.38,1012.13,0.9156,-1,-1,-1
560,32,-3.64,4.15,345.01,1067.88,0.8716,-1,-1,-1
560,4,828.21,221.86,154.02,476.82,0.9017,-1,-1,-1
560,35,520.02,292.04,71.66,276.94,0.8134,-1,-1,-1
560,36,1602.54,292.21,99.76,176.05,0.6993,-1,-1,-1
560,37,959.73,220.95,101.64,449.07,0.8428,-1,-1,-1
560,21,1060.26,262.46,114.28,385.28,0.8343,-1,-1,-1
561,23,1294.78,55.62,317.54,1013.21,0.9198,-1,-1,-1
561,32,-2.27,3.22,337.96,1066.78,0.9122,-1,-1,-1
561,4,824.74,218.83,159.19,474.69,0.9105,-1,-1,-1
561,35,522.82,288.13,73.76,279.69,0.7886,-1,-1,-1
561,36,1605.58,285.49,113.18,181.05,0.5982,-1,-1,-1
561,37,959.00,218.51,106.71,447.88,0.8789,-1,-1,-1
561,21,1075.96,266.37,111.51,380.57,0.8065,-1,-1,-1
562,23,1299.28,54.38,314.17,1018.24,0.9275,-1,-1,-1
562,32,-1.12,7.86,333.27,1062.73,0.8854,-1,-1,-1
562,4,820.90,218.79,163.98,473.23,0.9078,-1,-1,-1
562,35,525.14,289.00,73.31,278.83,0.7795,-1,-1,-1
562,36,1614.50,285.45,113.95,180.98,0.7436,-1,-1,-1
562,37,958.06,216.11,111.32,453.02,0.8857,-1,-1,-1
562,21,1091.17,269.43,112.18,380.14,0.8238,-1,-1,-1
563,23,1304.79,53.38,319.72,1017.43,0.9334,-1,-1,-1
563,32,0.11,6.19,321.35,1064.88,0.9017,-1,-1,-1
563,4,819.86,218.83,166.82,474.52,0.9053,-1,-1,-1
563,35,529.21,289.04,72.92,280.64,0.8393,-1,-1,-1
563,36,1626.98,283.71,117.21,184.10,0.6578,-1,-1,-1
563,37,960.94,216.87,112.45,454.94,0.8801,-1,-1,-1
563,21,1101.68,273.62,124.84,379.53,0.8049,-1,-1,-1
564,23,1308.79,52.43,332.57,1020.63,0.9400,-1,-1,-1
564,32,1.37,5.69,309.14,1066.29,0.8868,-1,-1,-1
564,4,823.48,219.50,167.54,476.95,0.9005,-1,-1,-1
564,35,535.73,291.76,71.87,280.59,0.8537,-1,-1,-1
564,36,1641.96,280.44,111.54,189.05,0.7592,-1,-1,-1
564,37,967.14,217.83,112.21,458.14,0.8684,-1,-1,-1
564,21,1115.41,274.58,141.08,383.39,0.7388,-1,-1,-1
565,23,1312.12,52.67,349.61,1022.94,0.9404,-1,-1,-1
565,32,1.74,8.83,293.22,1064.48,0.8477,-1,-1,-1
565,4,831.58,223.34,164.42,477.42,0.9089,-1,-1,-1
565,35,542.55,300.24,76.11,275.99,0.7793,-1,-1,-1
565,36,1656.80,280.72,116.27,194.37,0.6947,-1,-1,-1
565,37,972.38,217.79,116.98,462.49,0.8670,-1,-1,-1
565,21,1131.68,275.74,158.01,386.60,0.8578,-1,-1,-1
565,27,1082.85,274.83,93.07,341.84,0.7423,-1,-1,-1
566,23,1316.79,52.96,361.95,1018.09,0.9389,-1,-1,-1
566,32,1.58,8.48,272.87,1062.81,0.8517,-1,-1,-1
566,4,838.11,225.07,163.30,477.94,0.9176,-1,-1,-1
566,35,548.12,302.83,76.27,274.91,0.7857,-1,-1,-1
566,36,1672.49,281.09,108.75,195.43,0.7697,-1,-1,-1
566,37,976.72,216.71,121.71,463.23,0.8609,-1,-1,-1
566,21,1140.53,273.99,180.29,392.14,0.8519,-1,-1,-1
566,27,1086.96,270.17,101.53,344.01,0.7334,-1,-1,-1
567,23,1322.02,54.02,376.93,1010.38,0.9480,-1,-1,-1
567,32,1.02,6.45,251.85,1063.65,0.7583,-1,-1,-1
567,4,845.09,227.72,163.71,479.82,0.9139,-1,-1,-1
567,35,552.94,305.39,76.99,273.97,0.8206,-1,-1,-1
567,36,1688.50,281.87,106.87,194.79,0.7278,-1,-1,-1
567,37,981.62,221.77,121.71,459.39,0.7371,-1,-1,-1
567,21,1145.65,275.02,200.55,395.86,0.8689,-1,-1,-1
568,23,1317.86,54.38,396.78,1014.73,0.9432,-1,-1,-1
568,4,849.10,229.12,165.97,481.60,0.9078,-1,-1,-1
568,35,558.01,303.71,78.20,276.70,0.8042,-1,-1,-1
568,36,1702.85,283.08,104.36,197.17,0.7081,-1,-1,-1
568,37,989.04,225.55,122.08,459.39,0.8996,-1,-1,-1
568,21,1153.23,282.91,198.52,393.21,0.8991,-1,-1,-1
568,27,1096.01,274.25,112.42,348.76,0.8176,-1,-1,-1
569,23,1321.94,54.75,407.28,1016.77,0.9391,-1,-1,-1
569,4,854.71,230.06,163.50,482.95,0.9090,-1,-1,-1
569,35,563.32,301.85,79.36,281.07,0.8141,-1,-1,-1
569,36,1716.08,285.78,105.92,198.49,0.7036,-1,-1,-1
569,37,998.18,227.77,119.27,462.46,0.9042,-1,-1,-1
569,21,1158.33,286.75,198.42,393.00,0.9043,-1,-1,-1
569,27,1102.75,274.15,113.90,355.00,0.8494,-1,-1,-1
570,23,1322.94,55.15,421.80,1019.88,0.9409,-1,-1,-1
570,4,862.87,236.45,158.20,478.61,0.9192,-1,-1,-1
570,35,567.65,298.12,80.47,286.26,0.8304,-1,-1,-1
570,36,1729.33,288.58,104.52,198.41,0.7047,-1,-1,-1
570,37,1006.06,230.62,117.16,463.39,0.9072,-1,-1,-1
570,21,1167.60,285.08,199.00,399.15,0.6268,-1,-1,-1
570,27,1110.02,274.72,116.98,355.18,0.8385,-1,-1,-1
571,23,1329.69,56.11,423.32,1020.03,0.9397,-1,-1,-1
571,4,869.81,241.31,156.71,475.60,0.9003,-1,-1,-1
571,35,572.32,303.00,79.68,284.03,0.8689,-1,-1,-1
571,36,1740.59,289.94,104.42,200.47,0.6352,-1,-1,-1
571,37,1011.56,232.43,114.66,465.46,0.8914,-1,-1,-1
571,21,1173.14,282.19,203.83,407.98,0.8802,-1,-1,-1
571,27,1112.33,274.23,125.22,355.66,0.8555,-1,-1,-1
572,23,1331.17,55.82,431.07,1021.94,0.9377,-1,-1,-1
572,4,874.89,240.78,155.96,477.33,0.8975,-1,-1,-1
572,35,577.50,305.46,76.73,279.98,0.8864,-1,-1,-1
572,36,1751.29,290.90,105.90,201.73,0.5832,-1,-1,-1
572,37,1015.51,233.07,115.84,462.42,0.8754,-1,-1,-1
572,21,1190.93,285.32,196.19,408.26,0.8768,-1,-1,-1
572,27,1117.37,274.15,130.37,358.08,0.8398,-1,-1,-1
573,23,1333.14,54.88,440.89,1021.52,0.9327,-1,-1,-1
573,4,879.74,240.60,153.48,477.12,0.9017,-1,-1,-1
573,35,581.13,308.55,74.57,278.21,0.8711,-1,-1,-1
573,36,1761.92,292.56,105.75,200.48,0.6595,-1,-1,-1
573,37,1020.59,233.93,116.84,459.41,0.8690,-1,-1,-1
573,21,1209.22,286.40,185.15,409.29,0.8753,-1,-1,-1
573,27,1122.01,276.50,134.73,358.85,0.8518,-1,-1,-1
574,23,1339.09,55.62,446.45,1018.69,0.9351,-1,-1,-1
574,4,882.93,240.64,155.70,477.75,0.9027,-1,-1,-1
574,35,585.21,307.77,81.20,280.57,0.6284,-1,-1,-1
574,36,1773.95,293.57,106.45,203.23,0.6778,-1,-1,-1
574,37,1025.69,236.20,115.83,459.14,0.8693,-1,-1,-1
574,21,1230.18,281.92,172.00,416.31,0.8349,-1,-1,-1
574,27,1126.42,279.83,135.80,357.11,0.8646,-1,-1,-1
575,23,1347.94,58.03,442.68,1014.21,0.9346,-1,-1,-1
575,4,885.21,240.24,156.36,477.46,0.9111,-1,-1,-1
575,35,588.41,307.80,82.27,280.91,0.7159,-1,-1,-1
575,37,1029.96,235.47,113.26,464.34,0.8710,-1,-1,-1
575,21,1250.26,283.71,157.42,418.08,0.7564,-1,-1,-1
575,27,1132.42,280.28,133.68,358.45,0.8680,-1,-1,-1
576,23,1355.73,61.84,439.56,1009.22,0.9336,-1,-1,-1
576,4,887.80,240.30,155.99,475.55,0.9080,-1,-1,-1
576,35,590.92,313.07,79.94,277.70,0.7648,-1,-1,-1
576,37,1031.51,234.63,113.20,469.88,0.8825,-1,-1,-1
576,21,1267.37,285.36,147.19,421.78,0.8583,-1,-1,-1
576,27,1138.08,280.15,133.85,361.18,0.9008,-1,-1,-1
576,36,1787.33,296.42,110.36,204.16,0.6382,-1,-1,-1
577,23,1359.61,62.38,439.34,1006.84,0.9338,-1,-1,-1
577,4,890.74,238.08,154.45,473.11,0.9091,-1,-1,-1
577,35,589.67,316.32,84.42,274.46,0.6808,-1,-1,-1
577,37,1031.85,230.41,112.90,474.70,0.8785,-1,-1,-1
577,21,1289.38,282.69,138.94,426.51,0.8315,-1,-1,-1
577,27,1140.24,279.36,135.84,362.99,0.8913,-1,-1,-1
577,36,1793.46,296.33,114.13,201.46,0.6672,-1,-1,-1
578,23,1365.17,62.81,439.96,1006.58,0.9309,-1,-1,-1
578,4,891.97,237.14,154.13,473.48,0.9092,-1,-1,-1
578,35,589.27,316.56,85.48,275.62,0.7437,-1,-1,-1
578,37,1031.47,227.22,113.40,474.95,0.7730,-1,-1,-1
578,21,1312.24,279.59,135.06,435.26,0.7564,-1,-1,-1
578,27,1142.80,279.24,130.46,366.30,0.8926,-1,-1,-1
578,36,1797.41,299.08,117.59,201.06,0.6322,-1,-1,-1
579,23,1378.86,69.54,431.35,1000.23,0.9339,-1,-1,-1
579,4,889.63,241.55,153.79,471.89,0.9149,-1,-1,-1
579,35,588.52,311.92,80.74,287.13,0.7920,-1,-1,-1
579,37,1028.57,233.51,115.65,474.62,0.8073,-1,-1,-1
579,21,1327.46,284.24,128.02,438.59,0.8245,-1,-1,-1
579,27,1142.49,282.12,131.81,369.47,0.8980,-1,-1,-1
579,36,1801.51,304.01,118.23,206.79,0.5946,-1,-1,-1
580,23,1389.72,71.48,425.89,997.23,0.9354,-1,-1,-1
580,4,889.75,242.97,149.76,468.68,0.9126,-1,-1,-1
580,35,585.34,306.58,84.44,293.17,0.6477,-1,-1,-1
580,37,1023.76,234.63,117.21,473.24,0.8875,-1,-1,-1
580,21,1333.83,284.41,127.41,446.59,0.8472,-1,-1,-1
580,27,1141.35,283.94,131.41,370.63,0.8871,-1,-1,-1
580,36,1806.49,304.79,114.12,211.24,0.6455,-1,-1,-1
581,23,1404.59,69.46,418.97,999.17,0.9364,-1,-1,-1
581,4,887.22,243.02,148.75,468.78,0.9062,-1,-1,-1
581,35,584.25,306.65,74.76,292.29,0.8104,-1,-1,-1
581,37,1020.42,233.95,119.69,469.36,0.8790,-1,-1,-1
581,21,1337.07,281.87,143.71,455.79,0.8138,-1,-1,-1
581,27,1144.29,284.28,123.78,371.13,0.8796,-1,-1,-1
581,36,1814.32,305.19,106.74,214.78,0.5587,-1,-1,-1
582,23,1418.09,69.06,417.64,1001.69,0.9378,-1,-1,-1
582,4,886.22,244.96,145.16,468.31,0.9091,-1,-1,-1
582,35,582.82,306.78,71.89,292.35,0.8475,-1,-1,-1
582,37,1017.83,233.94,122.24,466.60,0.8810,-1,-1,-1
582,21,1340.44,281.48,158.41,457.02,0.7669,-1,-1,-1
582,27,1146.02,284.60,120.52,370.81,0.8717,-1,-1,-1
582,36,1824.32,305.91,96.76,215.35,0.5200,-1,-1,-1
583,23,1426.76,70.17,418.70,1003.13,0.9367,-1,-1,-1
583,4,883.05,246.98,144.50,469.53,0.9190,-1,-1,-1
583,35,578.80,309.33,71.72,291.21,0.8223,-1,-1,-1
583,37,1014.83,233.39,125.56,467.10,0.8797,-1,-1,-1
583,27,1144.76,286.13,119.48,371.14,0.8791,-1,-1,-1
583,36,1834.87,307.65,85.92,216.87,0.5635,-1,-1,-1
584,23,1435.29,70.30,418.66,1003.58,0.9344,-1,-1,-1
584,4,876.63,250.82,147.43,473.11,0.9157,-1,-1,-1
584,35,574.64,307.34,72.93,295.71,0.7645,-1,-1,-1
584,37,1011.99,233.80,127.94,468.06,0.8813,-1,-1,-1
584,27,1143.18,287.83,121.70,371.84,0.8752,-1,-1,-1
584,36,1840.89,308.51,79.19,221.82,0.5918,-1,-1,-1
585,23,1440.80,69.59,419.80,1003.53,0.9362,-1,-1,-1
585,4,868.37,252.35,146.67,474.37,0.9198,-1,-1,-1
585,35,571.94,308.84,71.34,294.98,0.8144,-1,-1,-1
585,37,1007.10,233.19,130.40,469.39,0.8926,-1,-1,-1
585,27,1141.60,288.03,122.43,373.59,0.8713,-1,-1,-1
585,36,1847.83,305.93,71.72,227.04,0.5726,-1,-1,-1
586,23,1448.58,68.49,418.05,1006.10,0.9320,-1,-1,-1
586,4,862.52,252.84,147.01,475.44,0.9179,-1,-1,-1
586,35,567.86,301.82,72.65,302.61,0.8138,-1,-1,-1
586,37,1005.12,234.45,128.65,469.24,0.8967,-1,-1,-1
586,27,1139.73,287.28,127.23,374.92,0.8657,-1,-1,-1
586,21,1343.03,285.78,169.69,455.55,0.7833,-1,-1,-1
587,23,1457.12,67.56,414.67,1007.12,0.9311,-1,-1,-1
587,4,860.20,254.97,144.51,474.42,0.9053,-1,-1,-1
587,35,562.71,305.48,72.52,300.26,0.7532,-1,-1,-1
587,37,1003.80,235.97,125.44,468.93,0.9022,-1,-1,-1
587,27,1139.04,287.43,125.61,377.18,0.8593,-1,-1,-1
587,21,1341.31,285.19,176.66,455.66,0.8141,-1,-1,-1
588,23,1464.28,66.63,409.61,1008.66,0.9325,-1,-1,-1
588,4,858.83,255.91,140.08,473.03,0.8984,-1,-1,-1
588,35,556.10,313.84,74.35,292.26,0.8014,-1,-1,-1
588,37,1002.38,237.44,122.81,468.07,0.8916,-1,-1,-1
588,27,1138.80,286.95,132.09,378.48,0.8378,-1,-1,-1
588,21,1338.95,283.13,184.60,457.35,0.7763,-1,-1,-1
588,36,1857.22,309.18,62.38,225.65,0.6184,-1,-1,-1
589,23,1468.08,64.99,410.00,1010.19,0.9264,-1,-1,-1
589,4,854.44,254.40,138.08,474.63,0.9024,-1,-1,-1
589,35,551.87,319.96,72.85,286.17,0.8099,-1,-1,-1
589,37,998.71,237.09,124.92,470.23,0.8955,-1,-1,-1
589,27,1138.70,286.79,138.24,379.94,0.8637,-1,-1,-1
589,21,1338.87,271.55,192.65,473.81,0.6525,-1,-1,-1
589,36,1860.60,311.73,59.27,223.76,0.5634,-1,-1,-1
590,23,1466.64,64.20,415.47,1012.48,0.9213,-1,-1,-1
590,4,849.21,252.44,139.18,476.77,0.9045,-1,-1,-1
590,35,548.36,318.46,75.60,289.36,0.7629,-1,-1,-1
590,37,985.11,238.88,135.73,470.91,0.8982,-1,-1,-1
590,27,1138.67,284.87,140.70,385.50,0.8789,-1,-1,-1
591,23,1467.58,62.93,418.58,1011.19,0.9304,-1,-1,-1
591,4,838.18,250.48,146.04,474.16,0.9123,-1,-1,-1
591,35,543.55,318.63,78.78,290.34,0.7748,-1,-1,-1
591,37,981.93,239.87,136.35,471.27,0.8874,-1,-1,-1
591,27,1139.39,282.21,140.41,389.31,0.8835,-1,-1,-1
592,23,1468.55,61.13,420.82,1011.25,0.9350,-1,-1,-1
592,4,828.94,249.53,149.55,468.15,0.9109,-1,-1,-1
592,35,539.83,311.21,81.58,298.45,0.7581,-1,-1,-1
592,37,981.15,239.83,135.40,472.68,0.8853,-1,-1,-1
592,27,1141.00,278.59,138.41,393.63,0.8771,-1,-1,-1
593,23,1467.34,60.21,424.97,1012.34,0.9260,-1,-1,-1
593,4,824.41,248.61,150.10,465.43,0.9047,-1,-1,-1
593,35,537.77,306.71,87.21,304.90,0.7056,-1,-1,-1
593,37,981.67,239.99,132.70,473.27,0.8928,-1,-1,-1
593,27,1142.53,279.44,137.46,395.15,0.8802,-1,-1,-1
594,23,1472.41,61.03,420.68,1011.58,0.9245,-1,-1,-1
594,4,815.81,247.97,156.05,464.52,0.9025,-1,-1,-1
594,35,535.01,309.91,90.31,303.55,0.5741,-1,-1,-1
594,37,981.55,242.92,130.14,472.73,0.8900,-1,-1,-1
594,27,1145.85,281.02,135.44,396.69,0.8661,-1,-1,-1
595,23,1480.67,61.42,414.61,1010.43,0.9334,-1,-1,-1
595,4,809.98,247.66,158.67,464.98,0.9151,-1,-1,-1
595,35,531.90,307.54,83.95,308.47,0.8422,-1,-1,-1
595,37,982.12,245.27,128.68,468.94,0.8864,-1,-1,-1
595,27,1148.66,281.10,136.07,398.24,0.8466,-1,-1,-1
596,23,1488.06,59.47,406.92,1011.22,0.9363,-1,-1,-1
596,4,804.65,247.12,162.17,465.90,0.9113,-1,-1,-1
596,35,530.22,307.96,80.76,309.21,0.8326,-1,-1,-1
596,37,979.00,245.30,133.82,468.82,0.8827,-1,-1,-1
596,27,1150.30,277.10,134.45,402.64,0.8214,-1,-1,-1
597,23,1498.31,56.49,396.58,1014.90,0.9373,-1,-1,-1
597,4,801.71,247.68,163.01,468.10,0.9095,-1,-1,-1
597,35,530.55,308.08,78.17,311.07,0.8277,-1,-1,-1
597,37,977.58,246.07,138.56,466.98,0.8801,-1,-1,-1
597,27,1153.32,276.06,137.01,404.88,0.8387,-1,-1,-1
598,23,1507.70,57.51,386.10,1016.80,0.9391,-1,-1,-1
598,4,800.76,251.52,164.10,472.76,0.8986,-1,-1,-1
598,35,530.56,309.33,75.69,315.06,0.8236,-1,-1,-1
598,37,980.06,251.79,140.63,470.89,0.8908,-1,-1,-1
598,27,1153.39,281.39,144.62,405.67,0.8538,-1,-1,-1
599,23,1511.24,57.46,384.89,1018.70,0.9440,-1,-1,-1
599,4,801.06,253.85,165.08,473.50,0.8989,-1,-1,-1
599,35,531.36,310.75,86.06,316.55,0.7783,-1,-1,-1
599,37,985.50,253.17,139.08,472.89,0.8924,-1,-1,-1
599,27,1156.12,282.84,150.36,406.47,0.8494,-1,-1,-1
600,23,1513.58,54.84,389.47,1022.59,0.9458,-1,-1,-1
600,4,804.67,255.34,162.88,474.41,0.8938,-1,-1,-1
600,35,534.01,310.37,90.91,318.91,0.7928,-1,-1,-1
600,37,991.20,250.57,136.35,477.50,0.8792,-1,-1,-1
600,27,1161.52,283.76,151.64,406.31,0.8441,-1,-1,-1
601,23,1513.96,55.23,398.89,1023.54,0.9455,-1,-1,-1
601,4,808.47,258.71,158.86,476.00,0.8878,-1,-1,-1
601,35,536.75,313.13,91.41,320.25,0.8077,-1,-1,-1
601,37,996.10,251.72,132.58,477.79,0.8906,-1,-1,-1
601,27,1165.37,284.94,154.61,406.72,0.8630,-1,-1,-1
602,23,1514.31,57.07,405.72,1021.57,0.9495,-1,-1,-1
602,4,813.52,263.74,158.34,476.26,0.8907,-1,-1,-1
602,35,539.54,317.53,91.80,319.23,0.8106,-1,-1,-1
602,37,998.66,253.21,130.58,480.63,0.8812,-1,-1,-1
602,27,1180.82,285.46,146.88,409.70,0.7918,-1,-1,-1
603,23,1519.40,60.82,403.62,1018.31,0.9523,-1,-1,-1
603,4,821.91,269.94,153.82,475.55,0.8798,-1,-1,-1
603,35,543.17,327.61,88.40,314.51,0.8306,-1,-1,-1
603,37,1004.85,256.59,126.78,480.89,0.8700,-1,-1,-1
603,27,1189.61,288.80,147.66,413.95,0.7539,-1,-1,-1
604,23,1525.09,62.70,398.91,1015.84,0.9506,-1,-1,-1
604,4,827.51,273.60,151.78,472.13,0.9099,-1,-1,-1
604,35,549.71,334.33,89.08,312.14,0.7919,-1,-1,-1
604,37,1011.17,260.19,124.61,480.11,0.8736,-1,-1,-1
604,27,1203.62,286.44,143.56,422.05,0.5749,-1,-1,-1
605,23,1527.86,61.88,396.19,1015.79,0.9479,-1,-1,-1
605,4,834.00,275.86,153.12,470.58,0.9185,-1,-1,-1
605,35,554.31,336.23,85.08,313.82,0.8072,-1,-1,-1
605,37,1015.98,261.41,124.86,473.46,0.8757,-1,-1,-1
605,27,1212.57,286.91,142.81,426.24,0.7702,-1,-1,-1
605,39,1136.16,350.25,63.96,234.78,0.7736,-1,-1,-1
606,23,1535.17,62.34,388.93,1012.76,0.9438,-1,-1,-1
606,4,843.28,277.28,152.97,471.55,0.8999,-1,-1,-1
606,35,559.64,332.37,82.64,318.94,0.7943,-1,-1,-1
606,37,1019.46,262.12,125.63,469.47,0.8729,-1,-1,-1
606,27,1227.71,287.15,141.15,428.13,0.7195,-1,-1,-1
606,39,1142.97,353.00,64.35,232.49,0.7631,-1,-1,-1
607,23,1542.78,64.23,381.07,1008.07,0.9391,-1,-1,-1
607,4,852.16,279.61,149.15,468.73,0.8961,-1,-1,-1
607,35,566.52,329.67,84.76,323.45,0.8638,-1,-1,-1
607,27,1239.43,287.03,137.15,431.54,0.7076,-1,-1,-1
607,39,1150.37,344.12,66.29,242.83,0.8226,-1,-1,-1
608,23,1552.51,65.68,370.97,1004.25,0.9422,-1,-1,-1
608,4,856.15,278.86,150.65,465.30,0.8887,-1,-1,-1
608,35,571.99,330.78,84.03,322.06,0.8319,-1,-1,-1
608,39,1156.66,345.81,68.33,241.93,0.7553,-1,-1,-1
608,37,1035.37,265.13,126.93,463.18,0.8951,-1,-1,-1
609,23,1561.10,68.00,361.58,1002.83,0.9425,-1,-1,-1
609,4,862.37,277.31,146.78,465.09,0.8824,-1,-1,-1
609,35,575.96,330.30,88.30,323.28,0.7912,-1,-1,-1
609,39,1162.42,350.15,69.91,240.19,0.5342,-1,-1,-1
609,37,1038.05,265.98,132.71,464.06,0.9049,-1,-1,-1
609,27,1260.88,286.77,139.40,432.17,0.8030,-1,-1,-1
610,23,1569.79,71.02,352.25,1001.82,0.9424,-1,-1,-1
610,4,870.59,276.94,143.97,464.40,0.9065,-1,-1,-1
610,35,580.11,328.88,93.05,326.18,0.7857,-1,-1,-1
610,37,1041.74,266.29,134.35,467.68,0.8945,-1,-1,-1
610,27,1273.13,287.52,141.99,433.38,0.8115,-1,-1,-1
611,23,1581.36,70.26,339.58,1005.20,0.9329,-1,-1,-1
611,4,873.93,278.38,143.92,463.22,0.9030,-1,-1,-1
611,35,583.62,330.60,91.26,325.28,0.7965,-1,-1,-1
611,37,1042.73,268.29,134.04,469.01,0.8724,-1,-1,-1
611,27,1282.76,290.12,139.04,436.19,0.7903,-1,-1,-1
611,39,1167.44,345.06,72.25,242.86,0.7428,-1,-1,-1
612,23,1595.47,73.79,324.68,1004.91,0.9321,-1,-1,-1
612,4,876.85,281.14,142.65,459.84,0.9094,-1,-1,-1
612,35,585.94,335.20,85.69,321.75,0.8213,-1,-1,-1
612,37,1035.22,271.22,142.06,471.99,0.8674,-1,-1,-1
612,27,1287.17,289.78,139.33,439.32,0.7743,-1,-1,-1
612,39,1170.88,346.59,71.39,245.11,0.7686,-1,-1,-1
613,23,1608.56,77.17,311.16,1000.85,0.9296,-1,-1,-1
613,4,877.87,283.81,143.58,459.54,0.9093,-1,-1,-1
613,35,586.96,336.14,84.70,321.81,0.8172,-1,-1,-1
613,37,1030.21,273.85,150.74,477.13,0.8887,-1,-1,-1
613,27,1297.80,291.77,132.49,447.03,0.7273,-1,-1,-1
613,39,1175.08,351.81,69.70,242.17,0.7859,-1,-1,-1
614,23,1620.48,79.73,299.14,998.41,0.9326,-1,-1,-1
614,4,881.93,288.21,142.86,462.14,0.9135,-1,-1,-1
614,35,587.84,337.29,82.87,323.66,0.8279,-1,-1,-1
614,37,1028.48,277.78,159.89,478.39,0.8891,-1,-1,-1
614,27,1307.97,296.07,127.65,448.33,0.6959,-1,-1,-1
614,39,1182.48,358.61,65.24,243.66,0.6997,-1,-1,-1
615,23,1635.09,81.67,284.60,995.37,0.9099,-1,-1,-1
615,4,885.17,290.53,144.22,462.70,0.9140,-1,-1,-1
615,35,589.72,343.89,84.61,321.17,0.7903,-1,-1,-1
615,37,1028.53,280.23,161.72,477.75,0.8851,-1,-1,-1
615,27,1317.41,296.53,123.03,447.08,0.7912,-1,-1,-1
615,39,1185.36,361.41,65.64,242.75,0.7303,-1,-1,-1
616,23,1643.72,82.49,275.55,994.79,0.9022,-1,-1,-1
616,4,884.80,293.69,146.85,461.38,0.9059,-1,-1,-1
616,35,591.03,345.44,98.41,321.60,0.8028,-1,-1,-1
616,37,1031.74,282.67,163.17,476.85,0.8075,-1,-1,-1
616,27,1323.35,297.76,121.93,454.87,0.8442,-1,-1,-1
616,39,1188.58,363.14,64.76,243.47,0.6551,-1,-1,-1
617,23,1656.03,89.26,262.75,987.19,0.8953,-1,-1,-1
617,4,883.81,296.38,150.93,463.96,0.9136,-1,-1,-1
617,35,590.10,343.83,97.98,326.50,0.8158,-1,-1,-1
617,37,1031.71,285.57,165.58,477.10,0.9020,-1,-1,-1
617,27,1327.15,298.35,120.96,461.12,0.8448,-1,-1,-1
617,39,1190.98,367.75,63.06,243.20,0.6789,-1,-1,-1
618,23,1665.31,98.17,253.05,978.45,0.8848,-1,-1,-1
618,4,883.90,299.26,152.13,467.27,0.9057,-1,-1,-1
618,35,587.86,338.99,91.74,334.54,0.8469,-1,-1,-1
618,37,1030.75,288.65,169.40,477.16,0.8525,-1,-1,-1
618,27,1328.46,300.69,122.01,463.46,0.8508,-1,-1,-1
618,39,1189.46,371.80,63.67,243.74,0.6215,-1,-1,-1
619,23,1667.45,105.04,250.48,971.38,0.9011,-1,-1,-1
619,4,882.01,300.79,149.22,466.34,0.9037,-1,-1,-1
619,35,585.29,338.68,89.58,336.78,0.8057,-1,-1,-1
619,37,1027.82,290.19,169.34,478.38,0.8601,-1,-1,-1
619,27,1328.63,302.27,128.46,464.62,0.8590,-1,-1,-1
619,39,1187.15,369.48,64.24,246.67,0.5844,-1,-1,-1
620,23,1677.56,113.13,240.68,964.95,0.8897,-1,-1,-1
620,4,880.16,303.36,142.78,464.84,0.8942,-1,-1,-1
620,35,581.62,339.22,92.77,339.65,0.7516,-1,-1,-1
620,37,1027.44,290.56,169.89,476.75,0.8279,-1,-1,-1
620,27,1330.07,302.79,126.18,466.94,0.8602,-1,-1,-1
620,39,1186.39,370.16,63.99,244.20,0.6465,-1,-1,-1
621,23,1685.30,121.46,232.81,955.04,0.8854,-1,-1,-1
621,4,875.61,303.43,138.07,462.40,0.8878,-1,-1,-1
621,35,578.18,337.00,94.77,344.01,0.7449,-1,-1,-1
621,37,1026.13,291.93,164.72,473.59,0.7485,-1,-1,-1
621,27,1329.63,302.62,124.01,468.98,0.8448,-1,-1,-1
622,23,1687.59,123.66,230.59,954.25,0.8900,-1,-1,-1
622,4,869.24,303.74,147.17,461.26,0.8906,-1,-1,-1
622,35,575.24,341.00,82.12,341.62,0.8074,-1,-1,-1
622,37,1024.12,299.32,153.30,468.99,0.7978,-1,-1,-1
622,27,1329.56,303.99,123.99,470.78,0.7876,-1,-1,-1
622,39,1140.73,337.42,84.97,334.98,0.6881,-1,-1,-1
623,23,1691.21,123.99,226.92,953.46,0.8247,-1,-1,-1
623,4,863.23,304.47,146.15,463.66,0.8684,-1,-1,-1
623,35,570.27,341.39,84.09,344.18,0.7669,-1,-1,-1
623,37,1017.83,289.51,147.73,479.27,0.8555,-1,-1,-1
623,27,1329.08,306.40,125.25,473.07,0.7789,-1,-1,-1
623,39,1127.42,333.02,91.26,360.68,0.7482,-1,-1,-1
624,23,1694.61,120.72,223.27,955.40,0.9193,-1,-1,-1
624,4,853.82,303.68,155.22,461.36,0.9020,-1,-1,-1
624,35,565.31,342.16,85.13,342.58,0.8108,-1,-1,-1
624,37,1013.99,283.94,142.31,482.60,0.8700,-1,-1,-1
624,27,1327.90,305.66,123.71,475.03,0.8209,-1,-1,-1
624,39,1119.47,332.33,94.08,379.79,0.7452,-1,-1,-1
625,23,1697.23,117.75,220.80,957.20,0.9212,-1,-1,-1
625,4,849.46,303.60,156.41,458.37,0.9048,-1,-1,-1
625,35,558.87,343.21,86.89,344.18,0.8065,-1,-1,-1
625,37,1009.10,283.98,138.16,479.42,0.8750,-1,-1,-1
625,27,1327.00,305.30,122.41,476.64,0.8260,-1,-1,-1
625,39,1113.45,332.34,96.15,393.77,0.8021,-1,-1,-1
625,40,1245.45,332.42,114.24,401.00,0.7567,-1,-1,-1
626,23,1700.53,117.82,217.67,956.76,0.9219,-1,-1,-1
626,4,844.81,302.72,156.05,456.02,0.8964,-1,-1,-1
626,35,552.93,344.13,84.85,345.75,0.8036,-1,-1,-1
626,37,1005.08,282.79,132.82,477.70,0.8689,-1,-1,-1
626,27,1325.21,305.52,122.80,477.37,0.8551,-1,-1,-1
626,39,1107.29,332.39,97.63,400.69,0.8375,-1,-1,-1
626,40,1242.59,331.96,115.25,404.24,0.7918,-1,-1,-1
627,23,1702.96,118.74,215.49,954.62,0.9155,-1,-1,-1
627,4,837.91,301.15,159.77,457.24,0.9044,-1,-1,-1
627,35,546.36,343.69,85.05,349.89,0.6721,-1,-1,-1
627,37,997.61,278.97,134.64,480.08,0.8752,-1,-1,-1
627,27,1324.26,306.66,123.51,474.14,0.8254,-1,-1,-1
627,39,1103.76,332.79,95.91,403.15,0.8279,-1,-1,-1
627,40,1237.36,331.79,115.90,405.27,0.7688,-1,-1,-1
628,23,1701.03,117.23,217.73,954.74,0.9172,-1,-1,-1
628,4,827.65,300.84,166.32,456.73,0.9125,-1,-1,-1
628,35,540.95,341.46,84.53,352.21,0.8524,-1,-1,-1
628,37,988.88,279.18,144.22,478.86,0.8606,-1,-1,-1
628,27,1322.57,304.66,124.30,475.56,0.8583,-1,-1,-1
628,39,1097.39,332.67,103.50,409.83,0.8155,-1,-1,-1
628,40,1237.39,331.65,111.73,405.73,0.7774,-1,-1,-1
629,23,1682.70,114.21,236.29,955.00,0.9043,-1,-1,-1
629,4,824.07,301.40,167.28,456.43,0.9223,-1,-1,-1
629,35,535.53,341.89,91.17,353.78,0.7940,-1,-1,-1
629,37,982.20,280.08,139.16,477.90,0.8740,-1,-1,-1
629,27,1321.94,303.32,123.36,474.13,0.8420,-1,-1,-1
629,39,1089.90,331.85,110.64,414.70,0.8558,-1,-1,-1
629,40,1235.84,331.79,108.92,411.25,0.7858,-1,-1,-1
630,23,1643.97,115.10,275.34,954.62,0.8998,-1,-1,-1
630,4,822.86,303.38,164.27,454.97,0.9113,-1,-1,-1
630,35,530.39,340.28,90.80,358.55,0.8427,-1,-1,-1
630,37,974.00,281.29,136.07,474.25,0.9072,-1,-1,-1
630,27,1321.45,302.33,122.60,475.12,0.8549,-1,-1,-1
630,39,1084.19,330.66,117.89,418.73,0.8836,-1,-1,-1
630,40,1241.26,329.31,101.47,416.33,0.7733,-1,-1,-1
631,23,1670.06,111.17,249.63,958.30,0.9090,-1,-1,-1
631,4,820.69,305.28,163.65,455.04,0.9068,-1,-1,-1
631,35,527.23,342.33,95.68,357.51,0.7771,-1,-1,-1
631,37,970.69,280.32,132.89,474.67,0.5499,-1,-1,-1
631,27,1322.04,302.30,122.71,472.09,0.8295,-1,-1,-1
631,39,1081.58,329.37,123.79,420.55,0.8900,-1,-1,-1
631,40,1238.97,329.96,104.07,419.19,0.7827,-1,-1,-1
632,23,1688.37,109.26,231.89,961.69,0.9160,-1,-1,-1
632,4,816.61,306.27,166.78,455.07,0.9124,-1,-1,-1
632,35,525.57,343.81,88.39,358.42,0.8187,-1,-1,-1
632,37,969.30,280.39,130.41,475.14,0.8630,-1,-1,-1
632,27,1323.96,301.24,123.98,475.36,0.7903,-1,-1,-1
632,39,1080.89,327.38,126.55,425.44,0.8997,-1,-1,-1
632,40,1239.63,328.53,106.34,424.94,0.7981,-1,-1,-1
633,23,1703.07,105.86,217.74,965.75,0.9204,-1,-1,-1
633,4,814.49,308.08,168.88,455.40,0.9113,-1,-1,-1
633,35,524.47,343.31,86.66,360.84,0.8334,-1,-1,-1
633,37,970.30,280.08,129.22,477.94,0.8607,-1,-1,-1
633,27,1327.07,300.76,123.74,478.22,0.8147,-1,-1,-1
633,39,1083.73,328.33,124.66,427.03,0.8736,-1,-1,-1
633,40,1240.12,324.24,108.52,430.14,0.7946,-1,-1,-1
634,23,1716.89,100.22,204.26,975.04,0.9119,-1,-1,-1
634,4,813.36,309.91,170.29,456.32,0.9090,-1,-1,-1
634,35,522.73,346.98,86.16,359.99,0.8550,-1,-1,-1
634,37,969.93,281.71,128.90,477.24,0.8693,-1,-1,-1
634,27,1331.87,302.91,122.57,474.39,0.7625,-1,-1,-1
634,39,1088.15,330.23,124.29,428.84,0.8958,-1,-1,-1
634,40,1239.31,321.74,113.57,435.25,0.7883,-1,-1,-1
635,23,1722.68,91.71,198.81,981.49,0.9080,-1,-1,-1
635,4,813.18,310.46,172.53,458.07,0.8950,-1,-1,-1
635,35,522.25,349.00,85.28,360.77,0.8662,-1,-1,-1
635,37,976.42,282.10,124.73,479.13,0.8819,-1,-1,-1
635,27,1336.60,299.69,125.26,480.82,0.7480,-1,-1,-1
635,39,1092.80,329.19,125.74,432.69,0.8972,-1,-1,-1
635,40,1245.04,319.96,112.80,435.82,0.6903,-1,-1,-1
636,23,1721.99,87.22,199.44,987.12,0.9024,-1,-1,-1
636,4,812.85,315.23,174.49,456.24,0.8986,-1,-1,-1
636,35,521.03,352.78,84.69,363.27,0.8600,-1,-1,-1
636,37,982.07,286.28,124.48,482.59,0.8977,-1,-1,-1
636,27,1340.59,301.34,133.31,484.83,0.7767,-1,-1,-1
636,39,1098.28,331.35,124.27,434.34,0.8941,-1,-1,-1
636,40,1248.12,317.98,114.45,440.40,0.6918,-1,-1,-1
637,23,1721.64,87.60,199.33,988.23,0.8990,-1,-1,-1
637,4,816.33,320.40,172.83,448.03,0.9139,-1,-1,-1
637,35,519.87,359.06,88.36,363.16,0.8359,-1,-1,-1
637,37,988.15,292.38,119.73,483.76,0.9034,-1,-1,-1
637,27,1342.66,303.63,135.38,499.01,0.8477,-1,-1,-1
637,39,1101.53,335.85,122.88,434.58,0.8975,-1,-1,-1
637,40,1250.39,320.33,114.97,434.30,0.6966,-1,-1,-1
638,23,1715.56,86.02,204.81,989.24,0.8995,-1,-1,-1
638,4,823.95,318.92,165.86,447.40,0.9196,-1,-1,-1
638,35,518.44,354.95,90.74,368.10,0.8294,-1,-1,-1
638,37,990.63,292.94,117.39,483.72,0.8975,-1,-1,-1
638,27,1346.07,302.12,133.92,505.74,0.8567,-1,-1,-1
638,39,1103.84,332.32,123.41,437.07,0.8960,-1,-1,-1
638,40,1253.09,317.31,114.39,434.16,0.6743,-1,-1,-1
639,23,1712.48,84.04,208.76,990.44,0.9012,-1,-1,-1
639,4,832.45,319.01,159.64,451.02,0.9181,-1,-1,-1
639,35,519.50,362.49,91.68,361.83,0.8199,-1,-1,-1
639,37,995.45,297.57,111.20,480.80,0.8925,-1,-1,-1
639,27,1352.29,300.67,132.66,510.57,0.8365,-1,-1,-1
639,39,1107.84,331.23,128.05,439.34,0.8849,-1,-1,-1
639,40,1256.10,315.29,118.90,440.73,0.7467,-1,-1,-1
640,23,1706.76,80.99,214.76,994.48,0.8948,-1,-1,-1
640,4,840.39,319.19,155.07,450.41,0.9130,-1,-1,-1
640,35,520.26,365.64,100.98,361.18,0.7471,-1,-1,-1
640,37,999.83,300.02,109.59,480.42,0.8893,-1,-1,-1
640,27,1360.36,300.74,132.62,483.61,0.6052,-1,-1,-1
640,39,1110.35,330.48,133.60,442.69,0.8333,-1,-1,-1
640,40,1258.22,315.25,122.67,450.42,0.7873,-1,-1,-1
641,23,1703.46,79.29,218.20,991.66,0.8902,-1,-1,-1
641,4,847.27,319.00,153.02,450.81,0.9067,-1,-1,-1
641,35,521.84,362.23,105.42,367.67,0.7772,-1,-1,-1
641,37,1004.08,303.30,108.10,476.55,0.8793,-1,-1,-1
641,27,1368.40,299.65,130.64,493.15,0.8346,-1,-1,-1
641,39,1113.99,328.37,142.53,448.11,0.8410,-1,-1,-1
642,23,1700.53,83.81,221.52,987.50,0.8905,-1,-1,-1
642,4,853.04,320.59,153.99,451.87,0.8786,-1,-1,-1
642,35,525.49,360.87,109.51,372.97,0.8108,-1,-1,-1
642,37,1007.41,306.54,111.30,476.39,0.8843,-1,-1,-1
642,27,1377.37,304.73,129.63,498.99,0.8500,-1,-1,-1
642,39,1119.59,330.90,148.16,446.55,0.8613,-1,-1,-1
642,40,1266.79,315.69,127.78,461.58,0.8693,-1,-1,-1
643,23,1693.92,89.09,227.98,983.29,0.8372,-1,-1,-1
643,4,858.14,320.87,152.87,449.58,0.9143,-1,-1,-1
643,35,527.70,361.74,110.07,374.21,0.8230,-1,-1,-1
643,37,1008.05,308.37,115.00,480.23,0.8592,-1,-1,-1
643,27,1382.99,304.57,132.60,505.58,0.8527,-1,-1,-1
643,39,1123.46,328.13,150.60,455.48,0.8795,-1,-1,-1
643,40,1275.36,317.00,125.26,467.93,0.8205,-1,-1,-1
644,23,1688.81,94.04,233.22,979.16,0.8700,-1,-1,-1
644,4,865.47,322.53,150.60,449.10,0.9139,-1,-1,-1
644,35,530.37,364.15,108.00,376.30,0.8444,-1,-1,-1
644,37,1012.44,308.99,112.92,483.71,0.8595,-1,-1,-1
644,27,1390.85,302.24,134.47,516.82,0.8663,-1,-1,-1
644,39,1129.70,324.41,152.91,465.70,0.9012,-1,-1,-1
644,40,1284.96,318.14,122.70,472.16,0.8040,-1,-1,-1
645,23,1686.38,198.41,235.12,876.28,0.8504,-1,-1,-1
645,4,870.66,324.63,150.07,449.72,0.9164,-1,-1,-1
645,35,532.73,364.06,104.02,378.23,0.8622,-1,-1,-1
645,37,1012.50,310.39,116.87,486.59,0.8799,-1,-1,-1
645,27,1397.12,298.24,137.34,528.63,0.8241,-1,-1,-1
645,39,1133.83,321.68,156.07,474.58,0.9185,-1,-1,-1
645,40,1294.81,315.84,120.01,476.27,0.7565,-1,-1,-1
646,23,1687.17,241.71,233.73,820.73,0.8385,-1,-1,-1
646,4,875.16,325.75,147.91,453.23,0.9008,-1,-1,-1
646,35,533.40,363.36,102.71,380.76,0.8419,-1,-1,-1
646,37,1009.55,310.07,123.80,486.65,0.8898,-1,-1,-1
646,39,1133.85,321.21,163.09,480.85,0.9212,-1,-1,-1
646,40,1300.63,311.84,120.48,485.49,0.7943,-1,-1,-1
647,23,1685.90,268.43,234.47,799.53,0.8525,-1,-1,-1
647,4,877.93,328.42,148.80,452.38,0.9027,-1,-1,-1
647,35,534.13,364.90,103.26,380.39,0.7713,-1,-1,-1
647,37,1014.03,310.16,124.85,485.64,0.8884,-1,-1,-1
647,39,1134.39,320.70,167.55,486.71,0.9213,-1,-1,-1
647,40,1308.34,309.19,119.38,490.81,0.7721,-1,-1,-1
647,27,1411.85,294.01,135.28,516.80,0.7700,-1,-1,-1
648,23,1687.69,281.99,232.38,789.03,0.8895,-1,-1,-1
648,4,879.58,330.58,147.97,452.79,0.9281,-1,-1,-1
648,35,534.18,362.32,102.68,385.20,0.8405,-1,-1,-1
648,37,1019.26,310.65,121.13,484.63,0.8896,-1,-1,-1
648,39,1134.64,322.66,174.28,488.64,0.9258,-1,-1,-1
648,40,1309.68,308.06,124.30,499.40,0.8400,-1,-1,-1
648,27,1417.52,296.10,135.46,514.05,0.7357,-1,-1,-1
649,23,1691.93,288.36,227.94,780.80,0.8761,-1,-1,-1
649,4,880.25,332.96,147.67,451.16,0.9250,-1,-1,-1
649,35,534.47,361.73,103.93,387.19,0.8342,-1,-1,-1
649,37,1021.89,310.03,118.55,482.48,0.6756,-1,-1,-1
649,39,1134.52,324.37,178.80,490.07,0.9303,-1,-1,-1
649,40,1309.17,306.66,129.85,501.51,0.8517,-1,-1,-1
649,27,1423.27,295.51,133.95,524.72,0.8494,-1,-1,-1
650,23,1701.59,292.09,218.22,775.98,0.8270,-1,-1,-1
650,4,880.27,335.39,151.02,450.19,0.9203,-1,-1,-1
650,35,534.14,361.78,107.60,388.87,0.8333,-1,-1,-1
650,37,1026.85,310.33,115.12,479.39,0.8741,-1,-1,-1
650,39,1133.97,319.85,184.36,501.71,0.9184,-1,-1,-1
650,40,1308.21,306.09,135.56,502.51,0.8629,-1,-1,-1
650,27,1428.30,293.47,136.46,535.75,0.8563,-1,-1,-1
651,23,1709.41,292.51,210.41,773.42,0.5774,-1,-1,-1
651,4,880.13,336.88,155.52,449.39,0.9260,-1,-1,-1
651,35,533.65,361.43,109.83,389.97,0.8199,-1,-1,-1
651,37,1030.29,309.34,113.34,477.04,0.8676,-1,-1,-1
651,39,1133.14,319.84,188.43,505.11,0.9139,-1,-1,-1
651,40,1311.09,305.86,137.45,505.93,0.8782,-1,-1,-1
651,27,1432.48,292.25,141.56,545.66,0.8730,-1,-1,-1
652,23,1721.86,293.01,197.70,668.16,0.6688,-1,-1,-1
652,4,877.75,338.95,159.92,446.44,0.9152,-1,-1,-1
652,35,531.83,363.36,115.50,388.02,0.8199,-1,-1,-1
652,37,1031.41,308.60,112.31,480.26,0.7664,-1,-1,-1
652,39,1130.93,319.79,193.22,508.34,0.8936,-1,-1,-1
652,40,1311.96,305.65,141.10,508.49,0.8578,-1,-1,-1
652,27,1435.62,294.36,144.00,546.71,0.8608,-1,-1,-1
653,23,1732.46,293.52,186.62,628.83,0.8148,-1,-1,-1
653,4,875.60,338.69,162.33,440.57,0.9032,-1,-1,-1
653,35,529.28,362.64,115.31,391.90,0.8180,-1,-1,-1
653,37,1032.45,308.86,111.80,481.77,0.8919,-1,-1,-1
653,39,1127.40,316.68,195.63,521.39,0.8853,-1,-1,-1
653,40,1313.02,306.91,143.42,507.96,0.8513,-1,-1,-1
653,27,1439.51,295.32,145.24,548.43,0.8419,-1,-1,-1
653,41,814.76,403.17,71.10,231.40,0.7647,-1,-1,-1
654,23,1745.29,290.72,173.28,657.77,0.7920,-1,-1,-1
654,4,871.94,336.12,164.90,439.78,0.9003,-1,-1,-1
654,35,526.51,358.66,107.87,397.02,0.8244,-1,-1,-1
654,37,1031.39,306.77,112.82,483.23,0.8799,-1,-1,-1
654,39,1123.03,311.38,200.09,534.58,0.8439,-1,-1,-1
654,40,1313.57,303.95,144.92,510.83,0.8637,-1,-1,-1
654,27,1442.23,293.13,146.06,550.81,0.8348,-1,-1,-1
654,41,810.18,399.29,71.85,234.66,0.8024,-1,-1,-1
655,23,1754.59,289.42,163.81,697.84,0.7717,-1,-1,-1
655,4,867.10,334.68,167.24,445.12,0.8948,-1,-1,-1
655,35,523.37,357.71,116.63,397.93,0.8599,-1,-1,-1
655,37,1026.08,306.55,118.17,480.55,0.8620,-1,-1,-1
655,39,1118.38,309.70,204.38,540.96,0.6973,-1,-1,-1
655,40,1314.13,300.17,146.04,516.87,0.8851,-1,-1,-1
655,27,1445.93,292.68,144.05,553.09,0.8236,-1,-1,-1
655,41,807.05,400.13,70.51,232.19,0.8101,-1,-1,-1
656,23,1765.19,288.08,152.98,732.14,0.8145,-1,-1,-1
656,4,864.71,333.82,165.82,446.10,0.8947,-1,-1,-1
656,35,517.63,358.45,115.94,401.98,0.8172,-1,-1,-1
656,37,1025.84,307.53,116.99,477.60,0.8890,-1,-1,-1
656,39,1114.26,311.40,205.32,543.99,0.5855,-1,-1,-1
656,40,1313.60,300.96,147.36,521.11,0.8875,-1,-1,-1
656,27,1447.83,294.00,143.15,558.25,0.8157,-1,-1,-1
656,41,806.14,404.30,67.62,228.92,0.8302,-1,-1,-1
657,23,1776.89,295.47,141.65,742.25,0.7840,-1,-1,-1
657,4,861.15,335.47,165.54,443.25,0.9062,-1,-1,-1
657,35,514.15,360.45,118.38,403.19,0.7886,-1,-1,-1
657,37,1024.42,309.10,116.01,479.01,0.8795,-1,-1,-1
657,39,1112.27,313.61,204.26,539.06,0.8307,-1,-1,-1
657,40,1312.57,303.03,149.93,525.60,0.8845,-1,-1,-1
657,27,1449.05,295.51,143.65,559.63,0.8370,-1,-1,-1
657,41,803.66,402.17,65.38,234.62,0.8068,-1,-1,-1
658,23,1787.48,292.37,131.28,753.28,0.7722,-1,-1,-1
658,4,855.05,331.89,169.18,446.28,0.9194,-1,-1,-1
658,35,509.57,359.85,121.33,402.58,0.8239,-1,-1,-1
658,37,1021.95,307.70,116.07,478.11,0.8746,-1,-1,-1
658,39,1110.57,311.53,204.09,531.36,0.8804,-1,-1,-1
658,40,1310.76,300.41,152.64,529.84,0.8912,-1,-1,-1
658,27,1450.23,293.24,145.85,559.77,0.8333,-1,-1,-1
658,41,798.13,405.23,66.18,231.51,0.7710,-1,-1,-1
659,23,1798.02,289.61,121.17,762.25,0.7527,-1,-1,-1
659,4,852.10,330.28,170.19,444.53,0.9172,-1,-1,-1
659,35,505.39,361.32,111.51,401.61,0.7781,-1,-1,-1
659,37,1019.24,307.02,115.45,478.02,0.8844,-1,-1,-1
659,39,1108.19,308.09,206.23,541.56,0.8591,-1,-1,-1
659,40,1309.06,299.44,156.44,533.48,0.9098,-1,-1,-1
659,27,1454.74,290.50,146.37,552.50,0.7213,-1,-1,-1
659,41,793.20,403.91,68.60,229.07,0.8088,-1,-1,-1
660,23,1806.52,286.01,112.93,774.25,0.7877,-1,-1,-1
660,4,849.77,329.37,170.96,444.81,0.9180,-1,-1,-1
660,35,500.75,361.56,108.19,401.19,0.8142,-1,-1,-1
660,37,1016.37,307.41,115.67,480.31,0.8867,-1,-1,-1
660,39,1105.73,304.15,207.77,551.96,0.8266,-1,-1,-1
660,40,1306.95,297.00,160.40,539.82,0.9083,-1,-1,-1
660,27,1455.87,288.71,149.01,558.69,0.7897,-1,-1,-1
660,41,789.06,398.11,71.01,233.22,0.8253,-1,-1,-1
661,23,1811.77,284.79,107.74,782.76,0.7991,-1,-1,-1
661,4,847.44,328.26,169.76,447.78,0.9207,-1,-1,-1
661,35,495.81,360.67,116.00,404.33,0.8502,-1,-1,-1
661,37,1012.80,307.31,115.48,484.94,0.8809,-1,-1,-1
661,39,1105.34,304.51,206.63,556.72,0.8468,-1,-1,-1
661,40,1304.98,294.45,163.52,546.89,0.9038,-1,-1,-1
661,27,1455.34,287.48,150.58,564.82,0.7857,-1,-1,-1
661,41,786.79,395.04,69.12,238.98,0.8228,-1,-1,-1
662,23,1812.81,287.89,106.49,781.94,0.7865,-1,-1,-1
662,4,845.61,328.57,169.07,453.40,0.9180,-1,-1,-1
662,35,490.69,361.17,111.65,406.34,0.8641,-1,-1,-1
662,37,1011.98,309.12,111.05,487.30,0.8816,-1,-1,-1
662,39,1101.93,303.25,205.92,562.71,0.8842,-1,-1,-1
662,40,1302.26,291.17,167.07,551.92,0.8992,-1,-1,-1
662,27,1454.54,286.29,153.32,568.50,0.7513,-1,-1,-1
662,41,782.12,391.73,69.50,245.33,0.8170,-1,-1,-1
663,23,1811.17,287.04,107.69,784.75,0.7845,-1,-1,-1
663,4,837.99,329.13,170.88,450.81,0.9166,-1,-1,-1
663,35,482.77,360.15,110.65,410.28,0.8824,-1,-1,-1
663,37,1008.47,313.25,110.79,488.64,0.8837,-1,-1,-1
663,39,1096.85,301.16,206.93,568.47,0.8944,-1,-1,-1
663,40,1295.28,290.73,171.90,556.28,0.8966,-1,-1,-1
663,27,1452.44,287.31,155.51,568.02,0.7270,-1,-1,-1
664,23,1810.50,287.89,108.17,785.80,0.7847,-1,-1,-1
664,4,833.44,330.50,172.66,446.35,0.9120,-1,-1,-1
664,35,476.05,357.10,119.74,415.34,0.8763,-1,-1,-1
664,37,1004.92,314.55,110.28,489.04,0.9044,-1,-1,-1
664,39,1092.70,298.25,205.49,578.13,0.9066,-1,-1,-1
664,40,1288.14,289.74,177.40,558.22,0.8736,-1,-1,-1
664,27,1451.11,286.53,159.84,570.44,0.7245,-1,-1,-1
664,41,774.78,394.58,66.33,238.65,0.6483,-1,-1,-1
665,23,1812.08,284.60,106.71,790.42,0.7589,-1,-1,-1
665,4,838.71,331.24,161.50,440.50,0.9044,-1,-1,-1
665,35,469.44,355.30,118.43,420.07,0.8131,-1,-1,-1
665,37,1001.06,311.83,112.84,489.27,0.8868,-1,-1,-1
665,39,1088.93,294.95,212.46,583.38,0.9067,-1,-1,-1
665,40,1285.48,282.25,178.31,569.64,0.8832,-1,-1,-1
665,27,1448.95,284.95,161.52,572.84,0.7352,-1,-1,-1
665,41,766.06,395.52,72.42,239.47,0.8231,-1,-1,-1
666,23,1803.99,278.59,115.02,796.78,0.7587,-1,-1,-1
666,4,840.20,333.26,156.90,444.09,0.9144,-1,-1,-1
666,35,462.23,353.45,119.99,422.51,0.7977,-1,-1,-1
666,37,995.15,309.10,115.05,490.65,0.8944,-1,-1,-1
666,39,1085.82,290.76,219.44,593.98,0.9127,-1,-1,-1
666,40,1276.59,280.55,183.67,577.04,0.6862,-1,-1,-1
666,27,1447.51,283.60,166.18,570.78,0.6388,-1,-1,-1
666,41,763.71,395.25,70.55,241.76,0.8236,-1,-1,-1
667,23,1794.41,273.65,124.68,801.28,0.7626,-1,-1,-1
667,4,838.98,332.69,155.12,444.47,0.9204,-1,-1,-1
667,35,454.26,353.92,113.58,421.95,0.8177,-1,-1,-1
667,37,989.27,306.33,116.39,479.73,0.8960,-1,-1,-1
667,39,1083.89,287.08,223.84,609.77,0.9152,-1,-1,-1
667,27,1441.47,285.43,171.19,574.12,0.7204,-1,-1,-1
667,41,759.60,395.99,70.37,242.36,0.8394,-1,-1,-1
668,23,1791.41,271.55,127.93,803.02,0.7692,-1,-1,-1
668,4,835.94,332.72,157.08,441.49,0.9190,-1,-1,-1
668,35,446.99,352.26,110.89,424.24,0.8657,-1,-1,-1
668,37,983.59,304.43,117.27,486.88,0.8818,-1,-1,-1
668,39,1080.23,284.23,228.30,618.71,0.9211,-1,-1,-1
668,27,1438.71,286.23,176.85,575.20,0.6881,-1,-1,-1
668,41,756.30,390.74,71.27,248.31,0.8393,-1,-1,-1
669,23,1795.72,266.26,123.84,808.56,0.7969,-1,-1,-1
669,4,834.67,332.09,158.69,434.92,0.9164,-1,-1,-1
669,35,440.66,347.71,112.27,429.88,0.8570,-1,-1,-1
669,37,977.78,301.73,119.82,488.59,0.8832,-1,-1,-1
669,39,1076.65,281.58,233.18,633.65,0.9260,-1,-1,-1
669,27,1437.33,283.77,181.73,578.26,0.5873,-1,-1,-1
669,41,751.30,390.10,71.74,249.60,0.8331,-1,-1,-1
670,23,1798.62,259.58,121.23,813.88,0.8166,-1,-1,-1
670,4,833.32,331.81,156.51,430.60,0.9124,-1,-1,-1
670,35,433.86,347.45,113.95,433.94,0.8839,-1,-1,-1
670,37,975.05,299.06,119.98,488.63,0.8812,-1,-1,-1
670,39,1074.17,280.01,236.53,648.84,0.9267,-1,-1,-1
670,27,1437.25,279.76,184.03,582.21,0.5068,-1,-1,-1
670,41,743.13,388.39,78.80,252.96,0.8451,-1,-1,-1
670,40,1268.70,261.58,183.74,599.91,0.8943,-1,-1,-1
671,23,1798.30,242.92,122.17,830.56,0.7803,-1,-1,-1
671,4,834.09,331.82,150.21,432.07,0.9176,-1,-1,-1
671,35,429.31,348.18,114.53,435.82,0.8931,-1,-1,-1
671,37,972.77,298.43,121.43,486.75,0.8956,-1,-1,-1
671,39,1074.68,280.17,237.74,664.25,0.9268,-1,-1,-1
671,41,740.51,385.34,79.55,257.26,0.8600,-1,-1,-1
671,40,1272.02,259.06,182.04,606.30,0.9041,-1,-1,-1
672,23,1797.03,227.47,123.93,845.40,0.8203,-1,-1,-1
672,4,835.93,331.53,147.82,433.23,0.9173,-1,-1,-1
672,35,425.60,348.60,118.48,439.48,0.8843,-1,-1,-1
672,37,970.61,296.98,124.77,488.32,0.8938,-1,-1,-1
672,39,1075.76,278.88,239.81,682.86,0.9304,-1,-1,-1
672,41,738.12,383.69,81.38,260.59,0.8541,-1,-1,-1
672,40,1275.22,256.68,181.09,614.73,0.9061,-1,-1,-1
673,23,1793.24,162.10,127.94,910.58,0.7541,-1,-1,-1
673,4,837.69,330.25,142.27,433.17,0.9189,-1,-1,-1
673,35,421.91,350.53,119.21,439.67,0.8809,-1,-1,-1
673,37,969.70,294.88,126.16,485.06,0.8918,-1,-1,-1
673,39,1075.88,274.15,245.98,697.36,0.9252,-1,-1,-1
673,41,737.24,380.55,80.45,263.86,0.8614,-1,-1,-1
673,40,1277.51,247.61,180.51,630.37,0.8808,-1,-1,-1
674,23,1788.13,157.06,133.46,915.62,0.8250,-1,-1,-1
674,4,839.14,330.48,138.76,432.14,0.9178,-1,-1,-1
674,35,420.18,352.48,119.01,441.08,0.8691,-1,-1,-1
674,37,969.97,295.04,125.65,483.60,0.8937,-1,-1,-1
674,39,1074.66,268.17,255.71,710.55,0.9215,-1,-1,-1
674,41,737.70,381.12,80.13,265.84,0.8630,-1,-1,-1
674,40,1279.56,241.23,181.60,649.37,0.8967,-1,-1,-1
675,23,1780.08,189.40,141.22,882.03,0.8399,-1,-1,-1
675,4,839.65,330.83,138.00,432.37,0.9198,-1,-1,-1
675,35,417.43,350.59,122.75,446.43,0.8659,-1,-1,-1
675,37,969.06,294.31,127.44,487.52,0.8917,-1,-1,-1
675,39,1071.47,264.70,265.78,720.11,0.9207,-1,-1,-1
675,41,737.47,382.94,78.74,265.01,0.8673,-1,-1,-1
675,40,1282.62,245.43,184.94,662.39,0.8807,-1,-1,-1
675,27,1450.71,274.88,189.84,591.16,0.8620,-1,-1,-1
676,23,1773.95,210.36,147.35,860.06,0.8552,-1,-1,-1
676,4,839.35,331.76,138.52,434.23,0.9179,-1,-1,-1
676,35,415.15,351.03,126.88,449.98,0.8662,-1,-1,-1
676,37,969.12,294.34,128.66,488.35,0.8948,-1,-1,-1
676,39,1067.05,261.07,280.57,725.03,0.9033,-1,-1,-1
676,41,735.38,383.22,81.04,266.23,0.8584,-1,-1,-1
676,40,1287.83,238.74,189.23,678.56,0.8510,-1,-1,-1
676,27,1456.95,274.05,187.81,587.17,0.5318,-1,-1,-1
677,23,1764.07,224.72,156.87,844.92,0.8598,-1,-1,-1
677,4,838.89,329.18,140.55,436.46,0.9080,-1,-1,-1
677,35,411.86,346.25,130.25,455.71,0.8514,-1,-1,-1
677,37,971.28,292.31,126.37,486.07,0.8940,-1,-1,-1
677,39,1063.49,253.27,293.26,708.65,0.8902,-1,-1,-1
677,41,734.54,380.02,83.14,269.15,0.8739,-1,-1,-1
677,40,1292.34,229.28,201.88,695.30,0.8252,-1,-1,-1
677,27,1461.67,269.14,187.68,589.35,0.8681,-1,-1,-1
678,23,1757.15,231.47,164.10,840.28,0.8788,-1,-1,-1
678,4,839.14,328.26,141.25,438.12,0.9100,-1,-1,-1
678,35,409.17,345.18,133.79,459.35,0.8430,-1,-1,-1
678,37,971.84,291.83,129.04,487.81,0.8738,-1,-1,-1
678,39,1062.18,244.93,305.28,706.27,0.9002,-1,-1,-1
678,41,734.51,379.36,83.94,270.81,0.8686,-1,-1,-1
678,40,1299.06,225.90,207.88,704.49,0.8514,-1,-1,-1
678,27,1467.40,266.35,185.97,593.63,0.8601,-1,-1,-1
679,23,1751.17,239.34,170.56,834.28,0.8580,-1,-1,-1
679,4,838.83,328.61,144.14,436.95,0.9086,-1,-1,-1
679,35,408.34,344.62,133.34,461.16,0.8310,-1,-1,-1
679,39,1061.95,238.39,314.29,727.90,0.8983,-1,-1,-1
679,41,734.98,378.16,83.73,271.31,0.8609,-1,-1,-1
679,40,1308.22,226.14,204.70,721.47,0.8721,-1,-1,-1
679,27,1475.41,264.61,184.26,594.96,0.8533,-1,-1,-1
680,23,1744.54,244.25,177.57,818.44,0.8002,-1,-1,-1
680,4,838.49,329.06,154.56,438.51,0.9085,-1,-1,-1
680,35,408.80,344.69,136.69,463.87,0.8218,-1,-1,-1
680,39,1065.39,233.76,302.60,755.26,0.8925,-1,-1,-1
680,41,736.57,377.85,84.74,273.36,0.8635,-1,-1,-1
680,40,1319.78,232.68,203.64,731.26,0.7861,-1,-1,-1
680,27,1484.36,263.56,186.43,601.99,0.8631,-1,-1,-1
680,37,980.79,292.26,126.31,483.23,0.8754,-1,-1,-1
681,23,1738.79,248.76,183.51,746.27,0.7415,-1,-1,-1
681,4,838.91,330.57,161.72,439.17,0.9011,-1,-1,-1
681,35,410.78,344.54,137.61,465.72,0.8243,-1,-1,-1
681,39,1072.04,228.34,292.61,778.08,0.9065,-1,-1,-1
681,41,736.91,381.17,89.23,273.67,0.8516,-1,-1,-1
681,40,1329.46,237.51,202.62,733.91,0.8032,-1,-1,-1
681,27,1491.68,261.93,187.21,611.19,0.8822,-1,-1,-1
681,37,984.91,294.85,123.41,481.91,0.8954,-1,-1,-1
682,4,840.94,331.75,166.13,441.14,0.8961,-1,-1,-1
682,35,412.73,345.16,131.96,465.77,0.8659,-1,-1,-1
682,39,1078.69,224.15,289.65,790.92,0.9149,-1,-1,-1
682,41,738.07,381.61,92.31,275.54,0.8457,-1,-1,-1
682,40,1339.70,236.22,204.43,739.47,0.8905,-1,-1,-1
682,27,1500.43,259.31,182.10,621.56,0.8780,-1,-1,-1
682,37,991.58,295.38,119.67,484.83,0.7918,-1,-1,-1
683,4,844.96,333.37,168.03,433.49,0.8733,-1,-1,-1
683,35,414.68,347.36,128.96,464.84,0.8591,-1,-1,-1
683,39,1084.31,220.26,292.39,809.21,0.9036,-1,-1,-1
683,41,740.22,382.85,92.31,275.00,0.8369,-1,-1,-1
683,40,1349.90,232.47,212.24,748.89,0.9176,-1,-1,-1
683,37,996.91,295.34,120.31,487.68,0.8933,-1,-1,-1
683,23,1741.04,256.12,180.98,566.49,0.6059,-1,-1,-1
684,4,850.22,336.01,164.17,435.47,0.8986,-1,-1,-1
684,35,417.65,347.32,127.59,466.72,0.8724,-1,-1,-1
684,39,1091.30,216.87,294.91,839.08,0.8679,-1,-1,-1
684,41,747.28,383.52,89.34,277.95,0.8189,-1,-1,-1
684,40,1359.79,226.49,219.92,759.63,0.9172,-1,-1,-1
684,37,1003.22,296.53,117.32,490.80,0.8967,-1,-1,-1
685,4,859.85,335.31,158.31,434.02,0.7035,-1,-1,-1
685,35,421.01,342.25,128.12,472.45,0.8798,-1,-1,-1
685,39,1095.86,213.41,300.97,859.26,0.9315,-1,-1,-1
685,41,754.27,382.21,87.44,282.83,0.8687,-1,-1,-1
685,40,1371.58,220.79,222.28,765.57,0.9015,-1,-1,-1
685,37,1009.65,296.50,114.83,489.43,0.9036,-1,-1,-1
686,4,871.99,334.59,149.69,434.78,0.9264,-1,-1,-1
686,35,424.35,341.58,126.68,472.57,0.8897,-1,-1,-1
686,39,1101.01,208.76,304.75,869.28,0.9260,-1,-1,-1
686,41,759.08,381.67,86.49,282.39,0.8778,-1,-1,-1
686,40,1384.87,211.52,230.69,780.85,0.8790,-1,-1,-1
686,37,1017.35,294.67,114.86,491.40,0.8992,-1,-1,-1
687,4,879.06,331.42,154.40,437.33,0.9105,-1,-1,-1
687,35,429.06,336.77,124.88,475.94,0.8867,-1,-1,-1
687,39,1105.46,205.34,310.15,873.89,0.9299,-1,-1,-1
687,41,765.93,379.19,86.65,284.28,0.8889,-1,-1,-1
687,40,1396.35,203.42,259.76,791.43,0.7850,-1,-1,-1
687,37,1021.22,295.53,119.41,492.26,0.8894,-1,-1,-1
688,4,883.49,327.82,152.37,434.87,0.9053,-1,-1,-1
688,35,433.84,331.59,123.75,477.96,0.8549,-1,-1,-1
688,39,1108.56,198.07,316.45,881.53,0.9375,-1,-1,-1
688,41,767.62,376.35,90.29,283.85,0.8698,-1,-1,-1
688,40,1406.91,193.57,279.89,802.96,0.8809,-1,-1,-1
688,37,1028.67,294.06,119.29,488.84,0.8967,-1,-1,-1
688,23,1802.99,331.63,118.83,517.20,0.6651,-1,-1,-1
689,4,890.15,323.42,151.01,430.73,0.8952,-1,-1,-1
689,35,437.16,328.70,121.28,475.40,0.8755,-1,-1,-1
689,39,1111.32,178.47,325.28,899.87,0.9292,-1,-1,-1
689,41,771.37,370.99,94.82,284.77,0.8656,-1,-1,-1
689,40,1418.77,187.51,291.46,808.22,0.9148,-1,-1,-1
689,37,1037.12,290.93,117.62,482.68,0.8829,-1,-1,-1
690,4,896.15,318.21,154.82,430.76,0.8823,-1,-1,-1
690,35,439.68,324.29,119.32,473.14,0.8524,-1,-1,-1
690,39,1111.47,170.99,336.66,901.95,0.9263,-1,-1,-1
690,41,774.67,363.32,94.61,288.83,0.8503,-1,-1,-1
690,40,1428.14,178.75,310.79,815.73,0.9079,-1,-1,-1
690,37,1043.29,286.84,117.50,481.20,0.9080,-1,-1,-1
691,4,901.22,312.97,161.06,430.53,0.8757,-1,-1,-1
691,35,441.41,320.14,118.52,475.12,0.8080,-1,-1,-1
691,39,1110.44,170.68,344.73,903.70,0.9316,-1,-1,-1
691,41,777.72,358.78,95.65,293.00,0.8749,-1,-1,-1
691,40,1437.28,166.00,330.25,831.25,0.9186,-1,-1,-1
691,37,1049.44,284.14,116.82,482.51,0.8850,-1,-1,-1
692,4,906.38,308.32,150.62,430.99,0.8620,-1,-1,-1
692,35,442.00,314.68,119.69,480.76,0.8272,-1,-1,-1
692,39,1107.62,156.57,358.11,918.67,0.9260,-1,-1,-1
692,41,779.85,356.57,93.44,292.56,0.8755,-1,-1,-1
692,40,1445.01,154.49,344.32,854.78,0.9246,-1,-1,-1
692,37,1053.15,280.24,117.24,486.99,0.8692,-1,-1,-1
693,4,910.15,303.30,148.55,433.73,0.8736,-1,-1,-1
693,35,441.16,309.86,127.08,483.06,0.7165,-1,-1,-1
693,39,1105.50,137.37,373.50,935.21,0.8976,-1,-1,-1
693,41,779.37,354.38,93.21,291.95,0.8817,-1,-1,-1
693,40,1451.16,145.75,359.42,881.88,0.9273,-1,-1,-1
693,37,1057.73,273.69,111.77,514.09,0.6421,-1,-1,-1
694,4,911.16,299.70,144.38,436.22,0.8865,-1,-1,-1
694,35,439.12,305.18,125.52,486.49,0.7937,-1,-1,-1
694,39,1102.85,126.32,392.69,946.79,0.8965,-1,-1,-1
694,41,780.36,350.21,92.67,294.90,0.8682,-1,-1,-1
694,40,1456.36,138.08,376.15,908.75,0.9264,-1,-1,-1
694,37,1060.24,268.33,104.55,511.80,0.5748,-1,-1,-1
695,4,912.72,297.78,142.41,436.35,0.8789,-1,-1,-1
695,35,436.31,300.14,123.67,490.84,0.8770,-1,-1,-1
695,39,1095.64,113.11,417.00,960.47,0.8876,-1,-1,-1
695,41,780.48,346.91,89.91,295.95,0.8705,-1,-1,-1
695,40,1461.99,130.76,394.47,922.13,0.9315,-1,-1,-1
696,4,912.73,298.54,138.98,434.82,0.9008,-1,-1,-1
696,35,432.99,297.00,125.08,495.59,0.8918,-1,-1,-1
696,39,1096.26,100.95,427.78,974.40,0.9127,-1,-1,-1
696,41,777.28,344.74,91.85,296.95,0.8822,-1,-1,-1
696,40,1466.69,124.97,409.69,938.45,0.9403,-1,-1,-1
697,4,915.12,295.25,135.76,432.91,0.8850,-1,-1,-1
697,35,427.87,293.39,128.61,497.41,0.8906,-1,-1,-1
697,39,1103.99,85.44,437.07,989.39,0.9146,-1,-1,-1
697,41,775.68,338.69,93.67,299.02,0.8734,-1,-1,-1
697,40,1473.85,116.13,419.51,956.09,0.9290,-1,-1,-1
698,4,917.82,291.15,139.18,435.42,0.8889,-1,-1,-1
698,35,426.09,286.33,130.61,501.03,0.8763,-1,-1,-1
698,39,1105.82,69.09,444.86,1006.16,0.9291,-1,-1,-1
698,41,775.34,336.16,96.61,299.79,0.8684,-1,-1,-1
698,40,1480.95,109.37,429.66,960.34,0.9385,-1,-1,-1
698,44,863.34,357.64,65.33,231.45,0.7350,-1,-1,-1
698,37,1046.41,231.18,161.88,684.60,0.6809,-1,-1,-1
699,4,918.94,287.06,145.14,436.78,0.8953,-1,-1,-1
699,35,423.86,280.87,136.18,501.19,0.8740,-1,-1,-1
699,39,1112.34,51.55,449.43,1024.88,0.9268,-1,-1,-1
699,41,774.08,332.15,101.92,301.60,0.8774,-1,-1,-1
699,40,1491.12,97.47,431.64,968.44,0.9396,-1,-1,-1
699,44,863.18,352.01,66.23,230.60,0.7514,-1,-1,-1
699,37,1045.72,212.31,168.56,721.47,0.7000,-1,-1,-1
700,4,920.62,282.60,147.31,441.31,0.8764,-1,-1,-1
700,35,422.07,277.04,136.36,504.13,0.8945,-1,-1,-1
700,39,1124.18,34.85,451.69,1041.17,0.9329,-1,-1,-1
700,41,772.86,329.69,104.93,304.34,0.8630,-1,-1,-1
700,40,1500.27,82.86,426.60,984.34,0.9441,-1,-1,-1
700,44,864.53,347.71,64.95,231.18,0.6756,-1,-1,-1
700,37,1048.40,198.08,166.41,744.10,0.8214,-1,-1,-1
701,4,921.94,280.80,146.59,440.39,0.8894,-1,-1,-1
701,35,417.52,274.23,136.15,509.66,0.9080,-1,-1,-1
701,39,1132.57,23.70,452.65,1051.68,0.9331,-1,-1,-1
701,41,772.78,329.29,103.51,305.04,0.8636,-1,-1,-1
701,40,1509.42,74.20,417.80,992.37,0.9437,-1,-1,-1
701,44,863.35,345.96,66.65,233.48,0.7532,-1,-1,-1
701,37,1051.11,192.85,151.72,756.46,0.8400,-1,-1,-1
702,4,922.69,278.61,139.44,435.50,0.8734,-1,-1,-1
702,35,413.84,266.91,134.93,516.44,0.9030,-1,-1,-1
702,39,1135.68,11.49,455.86,1061.67,0.9330,-1,-1,-1
702,41,773.64,325.40,99.48,305.79,0.8781,-1,-1,-1
702,40,1513.25,64.91,413.29,999.05,0.9424,-1,-1,-1
702,44,859.42,339.86,71.76,238.44,0.8184,-1,-1,-1
702,37,1046.55,183.09,168.26,767.33,0.8569,-1,-1,-1
703,4,923.07,274.10,133.74,436.97,0.8834,-1,-1,-1
703,35,407.66,262.36,136.61,520.22,0.8684,-1,-1,-1
703,39,1143.56,2.24,456.70,1070.46,0.9367,-1,-1,-1
703,41,772.33,319.82,101.10,310.30,0.8651,-1,-1,-1
703,40,1519.75,51.16,406.10,1017.16,0.9418,-1,-1,-1
703,44,859.43,334.10,72.29,245.62,0.7753,-1,-1,-1
703,37,1042.76,172.51,177.31,777.37,0.8911,-1,-1,-1
704,4,922.84,271.34,126.76,433.33,0.8793,-1,-1,-1
704,35,401.00,258.29,137.66,520.04,0.7999,-1,-1,-1
704,39,1150.43,-3.24,458.07,1074.62,0.9412,-1,-1,-1
704,41,772.23,314.34,104.13,313.04,0.8621,-1,-1,-1
704,40,1529.62,38.17,395.49,1032.21,0.9457,-1,-1,-1
704,44,858.59,327.63,71.40,251.48,0.7579,-1,-1,-1
704,37,1036.30,160.70,199.83,787.25,0.9021,-1,-1,-1
705,4,921.79,262.69,123.25,432.99,0.8773,-1,-1,-1
705,35,395.70,253.53,145.05,519.14,0.8958,-1,-1,-1
705,39,1157.00,-4.92,457.62,1074.91,0.9392,-1,-1,-1
705,41,773.03,308.86,101.31,315.26,0.8501,-1,-1,-1
705,40,1541.75,16.45,383.02,1052.14,0.9415,-1,-1,-1
705,44,855.26,321.35,71.95,251.58,0.7397,-1,-1,-1
705,37,1027.75,148.34,206.64,798.09,0.8902,-1,-1,-1
706,4,922.23,255.60,121.48,432.38,0.8528,-1,-1,-1
706,35,392.89,244.82,146.19,525.12,0.8650,-1,-1,-1
706,39,1167.18,-4.83,461.08,1075.20,0.9486,-1,-1,-1
706,41,772.23,302.24,99.27,318.33,0.8573,-1,-1,-1
706,40,1554.54,3.86,369.98,1063.11,0.9459,-1,-1,-1
706,44,853.45,316.55,72.75,253.23,0.7789,-1,-1,-1
706,37,1011.19,137.89,215.23,813.64,0.8560,-1,-1,-1
707,4,922.76,249.48,119.30,431.79,0.8383,-1,-1,-1
707,35,390.02,237.16,144.90,528.00,0.8807,-1,-1,-1
707,39,1177.50,-4.00,471.12,1075.86,0.9516,-1,-1,-1
707,41,775.45,295.67,93.70,317.34,0.8572,-1,-1,-1
707,40,1573.64,-1.45,350.67,1072.22,0.6261,-1,-1,-1
707,44,853.58,312.32,72.91,250.99,0.7800,-1,-1,-1
707,37,998.49,123.92,221.64,844.15,0.8529,-1,-1,-1
708,4,922.21,241.29,113.14,433.53,0.7977,-1,-1,-1
708,35,388.34,229.91,146.99,531.67,0.8608,-1,-1,-1
708,39,1184.76,-3.78,487.42,1075.18,0.9569,-1,-1,-1
708,41,772.85,288.94,99.59,318.42,0.8520,-1,-1,-1
708,40,1596.11,-2.84,327.84,1076.12,0.9383,-1,-1,-1
708,44,853.13,306.10,73.35,256.44,0.6874,-1,-1,-1
708,37,984.95,109.25,228.49,873.99,0.8737,-1,-1,-1
709,4,916.61,230.54,115.90,436.04,0.6618,-1,-1,-1
709,35,383.53,220.63,147.33,536.65,0.8797,-1,-1,-1
709,39,1199.17,-2.38,499.96,1072.11,0.9527,-1,-1,-1
709,41,769.06,280.22,104.80,321.77,0.8375,-1,-1,-1
709,40,1623.71,-1.33,299.57,1076.66,0.9183,-1,-1,-1
709,44,852.07,299.71,73.25,255.33,0.6008,-1,-1,-1
709,37,974.79,97.22,251.66,902.85,0.9069,-1,-1,-1
710,35,379.42,212.85,146.86,539.64,0.8580,-1,-1,-1
710,39,1216.04,-2.27,518.10,1071.07,0.9557,-1,-1,-1
710,41,767.62,272.95,106.43,325.78,0.8377,-1,-1,-1
710,40,1652.81,-0.41,269.71,1074.01,0.9121,-1,-1,-1
710,44,853.32,295.95,71.63,253.76,0.5062,-1,-1,-1
710,37,949.77,85.84,285.44,927.21,0.9273,-1,-1,-1
711,35,374.35,206.92,148.41,543.21,0.8774,-1,-1,-1
711,39,1228.99,-2.09,557.67,1070.58,0.9521,-1,-1,-1
711,41,771.41,267.96,101.68,328.76,0.8250,-1,-1,-1
711,40,1687.79,0.81,233.67,1067.39,0.8895,-1,-1,-1
711,37,933.27,77.99,305.09,945.91,0.9373,-1,-1,-1
712,35,370.13,202.33,149.15,547.47,0.8807,-1,-1,-1
712,39,1248.90,1.51,572.39,1067.65,0.9491,-1,-1,-1
712,41,764.20,264.08,110.58,331.68,0.8101,-1,-1,-1
712,40,1725.09,-0.51,195.67,950.64,0.7748,-1,-1,-1
712,37,918.74,65.40,321.61,970.93,0.9425,-1,-1,-1
713,35,364.89,196.35,149.88,552.72,0.8783,-1,-1,-1
713,39,1268.31,1.99,597.53,1068.87,0.9440,-1,-1,-1
713,41,759.37,258.49,118.19,336.77,0.8300,-1,-1,-1
713,40,1770.68,1.87,149.70,859.00,0.5931,-1,-1,-1
713,37,908.97,53.26,330.51,1000.43,0.9400,-1,-1,-1
714,35,362.25,194.55,150.74,554.38,0.8744,-1,-1,-1
714,39,1286.72,0.46,620.65,1071.21,0.9503,-1,-1,-1
714,41,756.34,256.46,120.51,340.07,0.8401,-1,-1,-1
714,37,900.52,44.15,332.17,1020.27,0.9083,-1,-1,-1
714,44,850.92,283.20,69.89,263.93,0.6278,-1,-1,-1
715,35,359.06,192.14,152.88,556.84,0.8058,-1,-1,-1
715,39,1289.08,0.01,634.72,1069.70,0.9507,-1,-1,-1
715,41,755.88,253.67,124.05,341.87,0.8308,-1,-1,-1
715,37,890.74,36.07,332.97,1033.87,0.9150,-1,-1,-1
716,35,355.22,187.20,150.37,563.58,0.8754,-1,-1,-1
716,39,1280.20,-0.60,649.09,1070.12,0.9532,-1,-1,-1
716,41,755.70,252.36,124.09,342.42,0.8286,-1,-1,-1
716,37,878.52,16.32,334.44,1059.16,0.9100,-1,-1,-1
717,35,351.44,184.30,151.14,567.17,0.8475,-1,-1,-1
717,39,1270.68,-1.17,659.65,1069.54,0.9527,-1,-1,-1
717,41,753.56,247.44,127.71,347.62,0.8630,-1,-1,-1
717,37,861.89,3.91,343.78,1075.89,0.9274,-1,-1,-1
718,35,347.61,186.99,159.14,566.70,0.6576,-1,-1,-1
718,39,1265.81,-0.16,664.35,1069.77,0.9438,-1,-1,-1
718,41,753.53,244.99,120.45,352.81,0.8811,-1,-1,-1
718,37,846.71,6.17,344.72,1073.76,0.9328,-1,-1,-1
719,35,343.59,180.72,161.26,573.85,0.6354,-1,-1,-1
719,39,1265.65,0.49,663.72,1070.99,0.9424,-1,-1,-1
719,41,752.70,241.66,110.66,357.58,0.8443,-1,-1,-1
719,37,823.83,1.45,352.16,1074.46,0.9287,-1,-1,-1
720,39,1272.50,1.63,655.43,1068.14,0.9432,-1,-1,-1
720,41,755.09,241.18,92.91,356.48,0.6907,-1,-1,-1
720,37,798.17,0.65,360.58,1076.11,0.9124,-1,-1,-1
721,39,1287.28,2.09,639.12,1065.37,0.9167,-1,-1,-1
721,37,774.32,-0.84,364.47,1081.88,0.9339,-1,-1,-1
721,45,1093.08,165.90,125.66,518.18,0.8749,-1,-1,-1
721,35,336.38,175.30,161.51,586.66,0.7104,-1,-1,-1
722,39,1300.67,1.48,624.62,1065.26,0.9399,-1,-1,-1
722,37,752.39,-1.20,369.78,1081.89,0.9362,-1,-1,-1
722,45,1088.50,163.55,135.37,517.22,0.8858,-1,-1,-1
722,35,331.38,170.70,163.27,593.19,0.8518,-1,-1,-1
723,39,1311.07,1.61,613.20,1064.60,0.9331,-1,-1,-1
723,37,729.44,0.06,373.72,1078.55,0.9341,-1,-1,-1
723,45,1082.98,161.97,141.53,512.12,0.9102,-1,-1,-1
723,35,326.09,167.80,165.51,596.75,0.8141,-1,-1,-1
724,39,1321.26,3.41,601.78,1063.98,0.9349,-1,-1,-1
724,37,703.80,0.81,387.99,1074.14,0.9399,-1,-1,-1
724,45,1077.90,159.50,148.86,509.52,0.9105,-1,-1,-1
724,35,321.61,163.39,164.55,601.93,0.6830,-1,-1,-1
724,47,1269.40,100.46,194.86,639.24,0.8408,-1,-1,-1
725,39,1336.74,3.88,585.33,1064.30,0.8881,-1,-1,-1
725,37,670.14,0.33,397.93,1075.04,0.9273,-1,-1,-1
725,45,1073.87,157.01,152.84,508.08,0.8988,-1,-1,-1
725,47,1247.53,100.38,211.08,661.53,0.8897,-1,-1,-1
726,39,1349.25,7.52,571.79,1060.56,0.7710,-1,-1,-1
726,37,638.73,0.98,405.60,1075.73,0.9352,-1,-1,-1
726,45,1069.93,154.15,161.29,507.19,0.8982,-1,-1,-1
726,47,1224.68,100.19,231.88,698.22,0.8842,-1,-1,-1
726,35,309.96,157.88,163.34,601.79,0.8468,-1,-1,-1
727,39,1379.80,4.06,541.42,1064.45,0.8069,-1,-1,-1
727,37,609.01,2.03,412.50,1074.53,0.9416,-1,-1,-1
727,45,1065.48,152.81,165.73,507.40,0.9050,-1,-1,-1
727,47,1194.33,102.09,263.74,704.65,0.9007,-1,-1,-1
727,35,299.59,152.81,166.43,606.37,0.8048,-1,-1,-1
728,39,1490.25,3.12,430.31,1060.61,0.7339,-1,-1,-1
728,37,571.06,2.67,432.58,1073.71,0.9449,-1,-1,-1
728,45,1063.29,149.64,152.13,507.75,0.8149,-1,-1,-1
728,47,1158.15,100.14,300.05,707.62,0.8986,-1,-1,-1
728,35,290.45,145.19,168.14,615.43,0.5265,-1,-1,-1
728,48,945.36,185.89,115.03,438.61,0.8723,-1,-1,-1
729,39,1638.71,20.28,281.18,1042.63,0.6999,-1,-1,-1
729,37,527.81,0.49,449.18,1075.30,0.9421,-1,-1,-1
729,45,1060.60,145.91,138.38,509.12,0.8638,-1,-1,-1
729,47,1129.03,95.81,329.14,710.25,0.8967,-1,-1,-1
729,35,279.52,133.65,169.35,625.22,0.9068,-1,-1,-1
729,48,936.13,186.60,120.46,435.61,0.9058,-1,-1,-1
730,37,479.01,1.19,469.27,1075.06,0.9525,-1,-1,-1
730,45,1054.16,142.90,137.25,512.19,0.8843,-1,-1,-1
730,47,1110.83,95.11,346.85,708.02,0.9327,-1,-1,-1
730,35,267.52,126.86,172.89,630.13,0.8835,-1,-1,-1
730,48,922.94,186.52,136.44,434.70,0.9029,-1,-1,-1
731,37,431.51,1.86,484.51,1074.72,0.9429,-1,-1,-1
731,45,1050.50,140.04,132.24,514.70,0.8897,-1,-1,-1
731,47,1103.94,94.68,351.76,708.48,0.9293,-1,-1,-1
731,35,254.19,121.69,174.24,636.98,0.7459,-1,-1,-1
731,48,912.34,185.30,142.01,436.35,0.8882,-1,-1,-1
732,37,373.74,2.84,511.27,1069.34,0.9464,-1,-1,-1
732,45,1049.57,136.92,125.58,516.97,0.8924,-1,-1,-1
732,47,1087.50,89.70,364.84,713.96,0.9196,-1,-1,-1
732,35,243.81,112.84,163.06,644.45,0.7816,-1,-1,-1
732,48,904.14,184.22,152.42,436.73,0.8812,-1,-1,-1
733,37,277.79,0.61,573.12,1069.00,0.9285,-1,-1,-1
733,45,1044.60,132.98,122.85,516.42,0.8687,-1,-1,-1
733,47,1082.97,80.99,358.62,721.86,0.9110,-1,-1,-1
733,48,897.04,181.78,162.34,435.42,0.8854,-1,-1,-1
734,37,227.66,1.93,585.08,1068.31,0.9524,-1,-1,-1
734,45,1040.04,134.98,121.51,518.35,0.8725,-1,-1,-1
734,47,1070.95,81.49,355.43,732.98,0.9118,-1,-1,-1
734,48,893.08,183.70,153.58,434.30,0.9017,-1,-1,-1
735,37,169.37,3.29,610.20,1065.03,0.9149,-1,-1,-1
735,45,1032.83,138.42,116.76,518.33,0.8682,-1,-1,-1
735,47,1054.48,80.37,350.83,743.82,0.7948,-1,-1,-1
735,48,887.40,184.39,147.49,427.33,0.9149,-1,-1,-1
735,4,739.67,198.61,108.82,410.69,0.8028,-1,-1,-1
736,37,72.24,2.21,669.82,1065.74,0.9029,-1,-1,-1
736,45,1024.45,137.84,110.88,520.34,0.8057,-1,-1,-1
736,47,1041.50,78.15,334.01,734.28,0.9074,-1,-1,-1
736,48,884.64,182.45,142.11,431.87,0.9098,-1,-1,-1
736,4,716.35,185.82,124.17,404.38,0.6586,-1,-1,-1
737,37,9.24,3.52,694.00,1065.97,0.9195,-1,-1,-1
737,45,1013.42,139.57,103.66,517.96,0.6831,-1,-1,-1
737,47,1038.24,73.60,299.78,730.55,0.8966,-1,-1,-1
737,48,877.29,179.00,138.35,435.87,0.6889,-1,-1,-1
737,4,682.74,178.88,141.43,420.00,0.8151,-1,-1,-1
738,37,-16.69,3.09,693.46,1064.93,0.9140,-1,-1,-1
738,47,1019.90,69.69,268.78,737.58,0.8946,-1,-1,-1
738,48,862.75,177.74,137.25,432.96,0.8705,-1,-1,-1
738,4,650.41,174.57,157.66,432.42,0.8535,-1,-1,-1
739,37,-25.75,2.44,673.88,1069.91,0.9257,-1,-1,-1
739,47,997.79,69.85,236.35,736.56,0.8674,-1,-1,-1
739,48,841.94,177.95,137.95,433.73,0.9184,-1,-1,-1
739,4,623.35,169.66,165.66,442.20,0.8604,-1,-1,-1
740,37,-24.03,4.38,629.35,1067.08,0.9271,-1,-1,-1
740,47,974.79,70.13,209.48,733.64,0.8811,-1,-1,-1
740,48,825.66,179.14,144.82,432.30,0.8991,-1,-1,-1
740,4,608.99,166.83,163.78,451.08,0.8779,-1,-1,-1
741,37,-20.75,4.63,576.50,1063.50,0.8940,-1,-1,-1
741,47,952.72,68.52,200.82,749.14,0.9141,-1,-1,-1
741,48,817.37,178.55,144.23,433.40,0.8839,-1,-1,-1
741,4,594.01,163.64,169.14,457.55,0.9055,-1,-1,-1
742,37,-18.98,3.92,492.86,1063.33,0.8661,-1,-1,-1
742,47,921.98,67.47,209.05,758.01,0.8811,-1,-1,-1
742,48,805.08,178.48,143.96,435.89,0.8776,-1,-1,-1
742,4,577.81,159.32,172.27,463.43,0.9027,-1,-1,-1
743,37,-14.34,7.59,351.59,1052.09,0.7520,-1,-1,-1
743,47,897.15,67.00,216.58,762.95,0.8705,-1,-1,-1
743,48,797.15,180.17,141.92,435.30,0.8947,-1,-1,-1
743,4,570.41,157.38,165.04,469.88,0.8328,-1,-1,-1
744,47,855.90,64.45,230.83,765.19,0.8739,-1,-1,-1
744,48,779.47,181.30,146.14,434.88,0.8469,-1,-1,-1
744,4,552.46,156.95,170.41,475.98,0.8862,-1,-1,-1
744,35,1.41,59.68,197.72,774.10,0.6374,-1,-1,-1
745,47,812.95,60.86,255.14,764.78,0.8363,-1,-1,-1
745,48,765.74,180.69,139.84,431.31,0.7928,-1,-1,-1
745,4,535.02,156.94,177.02,485.03,0.8907,-1,-1,-1
745,49,1059.24,227.85,104.90,308.16,0.7492,-1,-1,-1
745,35,-6.37,55.59,186.60,771.24,0.9101,-1,-1,-1
746,47,752.48,57.74,297.94,778.61,0.8495,-1,-1,-1
746,48,752.98,180.94,130.39,426.36,0.8110,-1,-1,-1
746,4,515.64,155.07,181.28,492.79,0.8831,-1,-1,-1
746,49,1048.47,223.92,104.98,313.21,0.7893,-1,-1,-1
746,35,-8.26,54.50,167.99,769.43,0.8888,-1,-1,-1
747,47,705.03,54.11,335.80,782.53,0.8765,-1,-1,-1
747,48,734.86,183.08,121.74,404.78,0.6726,-1,-1,-1
747,4,496.72,155.08,187.91,497.73,0.8759,-1,-1,-1
747,49,1047.94,221.65,96.74,317.01,0.7630,-1,-1,-1
747,35,-7.48,52.42,146.27,774.74,0.8668,-1,-1,-1
748,47,663.24,53.86,364.55,783.83,0.9063,-1,-1,-1
748,48,720.84,175.79,109.77,403.33,0.5650,-1,-1,-1
748,4,481.11,153.17,193.00,501.51,0.8688,-1,-1,-1
748,49,1041.35,218.70,96.06,322.24,0.7356,-1,-1,-1
748,35,-6.22,58.65,123.90,774.91,0.8525,-1,-1,-1
749,47,661.38,53.36,355.76,783.42,0.7556,-1,-1,-1
749,4,464.83,150.20,198.86,513.98,0.8838,-1,-1,-1
749,49,1033.57,220.65,95.81,322.73,0.7392,-1,-1,-1
749,35,-4.14,90.51,105.98,740.55,0.7968,-1,-1,-1
750,47,640.31,54.05,367.39,790.26,0.8881,-1,-1,-1
750,4,452.23,152.68,188.62,514.54,0.7582,-1,-1,-1
750,49,1030.13,225.36,95.24,320.08,0.8000,-1,-1,-1
750,35,-2.82,154.12,86.21,674.80,0.7244,-1,-1,-1
751,47,622.64,52.96,377.32,799.43,0.9208,-1,-1,-1
751,4,438.82,152.85,194.80,524.80,0.7801,-1,-1,-1
751,49,1030.31,227.24,92.93,321.46,0.8004,-1,-1,-1
751,50,973.70,241.42,86.90,322.94,0.6956,-1,-1,-1
751,45,882.71,142.42,108.70,503.01,0.7778,-1,-1,-1
752,47,607.63,52.16,374.97,808.82,0.9116,-1,-1,-1
752,4,427.79,146.93,201.48,543.73,0.7350,-1,-1,-1
752,49,1029.77,227.44,92.99,323.43,0.8055,-1,-1,-1
752,50,964.59,243.80,98.19,326.84,0.7515,-1,-1,-1
752,45,872.98,141.13,115.80,514.03,0.6347,-1,-1,-1
753,47,597.39,48.42,367.60,819.31,0.9169,-1,-1,-1
753,4,416.44,146.33,212.17,545.20,0.6572,-1,-1,-1
753,49,1030.62,229.87,92.42,322.71,0.7444,-1,-1,-1
753,50,961.31,248.45,108.32,328.98,0.7809,-1,-1,-1
753,45,865.94,146.66,118.67,519.95,0.8312,-1,-1,-1
754,47,589.77,46.64,349.77,825.68,0.8821,-1,-1,-1
754,4,399.62,138.74,225.13,559.87,0.8670,-1,-1,-1
754,49,1029.12,232.11,94.78,325.62,0.7526,-1,-1,-1
754,50,957.94,250.05,114.27,330.88,0.7399,-1,-1,-1
754,45,858.96,150.94,123.72,522.45,0.8737,-1,-1,-1
755,47,573.23,41.00,348.83,838.41,0.9217,-1,-1,-1
755,4,392.01,134.26,228.10,571.66,0.9022,-1,-1,-1
755,49,1030.92,230.61,96.20,327.18,0.7476,-1,-1,-1
755,50,957.03,248.98,117.24,333.78,0.7744,-1,-1,-1
755,45,852.55,151.51,129.39,524.50,0.8753,-1,-1,-1
756,47,547.95,38.82,341.84,850.85,0.9025,-1,-1,-1
756,4,384.36,131.98,226.34,581.80,0.8940,-1,-1,-1
756,49,1031.17,230.10,100.78,330.61,0.7514,-1,-1,-1
756,50,955.73,249.02,118.05,336.53,0.7711,-1,-1,-1
756,45,848.55,153.46,133.80,525.13,0.8965,-1,-1,-1
757,47,513.52,37.28,338.77,857.26,0.8865,-1,-1,-1
757,4,376.76,131.02,210.03,586.56,0.7976,-1,-1,-1
757,49,1031.16,230.35,105.52,332.18,0.7612,-1,-1,-1
757,50,954.96,249.35,118.36,341.06,0.8339,-1,-1,-1
757,45,843.62,157.09,140.17,523.04,0.8986,-1,-1,-1
758,47,478.88,36.47,342.19,866.82,0.8464,-1,-1,-1
758,4,372.77,131.31,204.08,590.39,0.8213,-1,-1,-1
758,49,1036.05,228.36,113.43,321.46,0.7415,-1,-1,-1
758,50,955.98,250.57,124.03,343.82,0.8640,-1,-1,-1
758,45,844.76,162.43,139.05,520.94,0.9091,-1,-1,-1
759,47,460.31,36.71,328.02,876.24,0.8162,-1,-1,-1
759,4,371.64,132.17,202.99,595.75,0.8470,-1,-1,-1
759,49,1042.56,228.78,112.72,334.68,0.7816,-1,-1,-1
759,50,960.25,253.21,123.84,345.75,0.8696,-1,-1,-1
759,45,845.42,166.96,136.96,521.23,0.9041,-1,-1,-1
760,47,450.69,41.39,303.40,878.99,0.8530,-1,-1,-1
760,4,369.71,131.87,203.79,607.05,0.8204,-1,-1,-1
760,49,1050.45,229.09,108.56,350.12,0.8007,-1,-1,-1
760,50,965.87,253.29,122.87,349.97,0.8679,-1,-1,-1
760,45,844.99,169.58,135.62,521.75,0.8995,-1,-1,-1
760,48,686.75,195.65,160.44,469.99,0.7152,-1,-1,-1
761,47,419.29,42.09,316.10,890.11,0.8268,-1,-1,-1
761,4,368.32,133.52,200.94,614.58,0.7349,-1,-1,-1
761,49,1056.71,229.96,106.22,353.41,0.8147,-1,-1,-1
761,50,969.53,254.33,124.68,353.48,0.8847,-1,-1,-1
761,45,845.75,171.03,135.03,524.13,0.8978,-1,-1,-1
761,48,705.93,200.74,144.81,447.97,0.8901,-1,-1,-1
762,47,390.86,40.68,335.01,899.70,0.8366,-1,-1,-1
762,4,363.86,136.25,199.08,617.26,0.7348,-1,-1,-1
762,49,1062.82,231.27,101.71,360.15,0.8412,-1,-1,-1
762,50,971.73,252.33,128.97,357.42,0.8746,-1,-1,-1
762,45,845.49,172.03,135.33,527.48,0.8929,-1,-1,-1
762,48,708.69,202.33,143.50,441.20,0.8905,-1,-1,-1
763,47,383.68,38.98,330.22,910.38,0.7916,-1,-1,-1
763,4,352.02,136.25,189.40,617.26,0.6940,-1,-1,-1
763,49,1066.44,232.33,104.43,363.20,0.8235,-1,-1,-1
763,50,974.43,251.58,135.09,360.38,0.8743,-1,-1,-1
763,45,846.85,172.37,135.40,526.85,0.8824,-1,-1,-1
763,48,708.38,203.73,147.74,446.62,0.9136,-1,-1,-1
764,47,340.66,37.49,369.85,917.76,0.8593,-1,-1,-1
764,49,1072.57,232.05,101.60,368.43,0.8162,-1,-1,-1
764,50,978.57,249.09,140.62,364.49,0.8561,-1,-1,-1
764,45,848.42,172.09,136.51,527.75,0.8939,-1,-1,-1
764,48,712.24,206.10,147.15,448.40,0.9036,-1,-1,-1
765,47,322.43,35.81,388.52,924.10,0.9002,-1,-1,-1
765,49,1077.94,229.53,100.38,376.43,0.7030,-1,-1,-1
765,50,982.33,248.18,145.96,368.99,0.8561,-1,-1,-1
765,45,850.13,170.51,141.60,521.03,0.8981,-1,-1,-1
765,48,714.92,207.25,146.58,448.62,0.9044,-1,-1,-1
766,47,304.09,32.51,406.83,931.19,0.9333,-1,-1,-1
766,49,1081.63,229.72,105.72,380.79,0.5492,-1,-1,-1
766,50,983.35,248.15,150.51,373.62,0.8786,-1,-1,-1
766,45,854.28,168.79,139.86,514.16,0.8897,-1,-1,-1
766,48,717.25,209.22,145.12,446.13,0.9014,-1,-1,-1
767,47,286.12,30.27,423.15,937.48,0.9370,-1,-1,-1
767,49,1086.68,225.66,113.78,387.60,0.7966,-1,-1,-1
767,50,980.31,248.94,160.84,377.03,0.8990,-1,-1,-1
767,45,855.35,165.68,140.17,512.07,0.8891,-1,-1,-1
767,48,719.32,210.59,143.15,443.36,0.9014,-1,-1,-1
767,51,633.93,273.06,101.15,339.11,0.8083,-1,-1,-1
768,47,266.53,29.98,437.69,942.13,0.9327,-1,-1,-1
768,49,1087.81,224.15,119.79,392.24,0.8313,-1,-1,-1
768,50,978.73,249.38,169.50,378.35,0.8917,-1,-1,-1
768,45,856.74,161.91,138.28,513.72,0.8933,-1,-1,-1
768,48,720.68,209.33,140.54,442.64,0.8970,-1,-1,-1
768,51,630.99,269.64,104.96,340.83,0.8252,-1,-1,-1
769,47,244.35,30.90,450.37,948.67,0.9407,-1,-1,-1
769,49,1089.10,224.94,119.77,396.05,0.8337,-1,-1,-1
769,50,976.70,249.31,177.83,382.73,0.8885,-1,-1,-1
769,45,854.40,159.74,141.45,516.76,0.9032,-1,-1,-1
769,48,720.98,208.64,138.73,439.68,0.6302,-1,-1,-1
769,51,629.53,267.03,106.31,343.74,0.8458,-1,-1,-1
770,47,221.42,25.54,459.89,960.95,0.9296,-1,-1,-1
770,49,1092.25,222.98,112.59,401.89,0.7772,-1,-1,-1
770,50,975.96,247.36,183.19,387.27,0.8788,-1,-1,-1
770,45,852.07,156.60,145.78,519.23,0.9064,-1,-1,-1
770,48,721.88,206.54,135.81,439.39,0.8924,-1,-1,-1
770,51,627.98,265.64,107.80,342.36,0.8530,-1,-1,-1
771,47,198.19,15.75,462.83,981.77,0.9316,-1,-1,-1
771,49,1094.38,218.88,108.36,408.63,0.7886,-1,-1,-1
771,50,974.72,243.31,185.73,393.43,0.8744,-1,-1,-1
771,45,846.88,152.95,150.92,521.38,0.9145,-1,-1,-1
771,48,721.12,198.95,133.35,442.90,0.9072,-1,-1,-1
771,51,625.64,258.55,109.20,343.69,0.8056,-1,-1,-1
772,47,175.58,13.12,462.53,982.98,0.9164,-1,-1,-1
772,49,1093.98,218.93,107.39,412.09,0.8443,-1,-1,-1
772,50,967.54,245.20,192.61,397.66,0.8845,-1,-1,-1
772,45,843.08,152.52,153.10,524.90,0.9180,-1,-1,-1
772,48,723.04,200.70,130.32,442.01,0.9081,-1,-1,-1
772,51,620.18,260.24,112.43,347.32,0.8754,-1,-1,-1
773,47,155.28,9.63,447.86,955.52,0.8879,-1,-1,-1
773,49,1091.12,214.26,110.32,416.95,0.8618,-1,-1,-1
773,50,962.16,243.19,196.52,402.73,0.8771,-1,-1,-1
773,45,839.41,152.17,148.98,526.70,0.9149,-1,-1,-1
773,48,721.08,199.56,126.46,440.66,0.8990,-1,-1,-1
773,51,615.20,259.63,113.08,348.90,0.9032,-1,-1,-1
774,47,140.30,5.11,417.72,948.83,0.9084,-1,-1,-1
774,49,1089.87,209.95,114.07,419.31,0.8548,-1,-1,-1
774,50,960.17,238.12,198.16,408.08,0.8938,-1,-1,-1
774,45,835.11,151.38,147.29,528.65,0.8976,-1,-1,-1
774,48,715.62,195.02,127.56,440.33,0.9023,-1,-1,-1
774,51,609.79,256.82,113.57,349.66,0.8854,-1,-1,-1
775,47,127.88,1.98,378.84,952.11,0.9110,-1,-1,-1
775,49,1085.86,204.64,119.76,423.29,0.8661,-1,-1,-1
775,50,957.08,232.33,201.73,414.78,0.9017,-1,-1,-1
775,45,828.57,151.55,138.52,526.99,0.8815,-1,-1,-1
775,48,709.23,190.64,131.57,441.22,0.9028,-1,-1,-1
775,51,605.03,251.83,114.89,355.62,0.8668,-1,-1,-1
776,47,110.65,-0.62,356.55,963.81,0.8677,-1,-1,-1
776,49,1083.80,199.59,122.42,427.63,0.8801,-1,-1,-1
776,50,953.96,228.01,199.41,420.29,0.8926,-1,-1,-1
776,45,819.03,151.65,139.28,527.48,0.8517,-1,-1,-1
776,48,699.30,189.86,136.09,441.58,0.8935,-1,-1,-1
776,51,599.39,247.91,113.81,359.22,0.7806,-1,-1,-1
776,52,382.21,48.16,237.30,784.26,0.8043,-1,-1,-1
777,47,93.41,-0.50,344.39,962.99,0.9120,-1,-1,-1
777,49,1082.38,196.99,128.44,430.76,0.8912,-1,-1,-1
777,50,951.33,224.81,192.72,425.47,0.8763,-1,-1,-1
777,45,812.57,153.16,141.16,527.49,0.8728,-1,-1,-1
777,48,690.97,191.31,138.46,441.67,0.8733,-1,-1,-1
777,51,591.68,246.67,113.22,364.43,0.7928,-1,-1,-1
777,52,355.53,42.89,257.43,798.39,0.8477,-1,-1,-1
778,47,75.36,0.34,332.14,979.22,0.9284,-1,-1,-1
778,49,1081.27,193.92,130.18,437.56,0.8751,-1,-1,-1
778,50,947.98,221.69,187.55,429.18,0.8776,-1,-1,-1
778,45,809.53,153.60,140.56,527.77,0.8881,-1,-1,-1
778,48,682.07,189.98,137.98,447.46,0.8051,-1,-1,-1
778,51,584.97,245.75,109.94,362.94,0.8057,-1,-1,-1
778,52,333.72,36.93,276.88,828.71,0.8771,-1,-1,-1
779,47,52.48,0.09,328.59,999.28,0.9253,-1,-1,-1
779,49,1079.69,193.56,128.29,440.82,0.8733,-1,-1,-1
779,50,950.17,217.42,178.15,434.48,0.8999,-1,-1,-1
779,45,801.67,155.26,141.50,523.38,0.8603,-1,-1,-1
779,48,672.12,190.01,139.02,442.98,0.8289,-1,-1,-1
779,51,573.18,243.61,114.71,365.82,0.8111,-1,-1,-1
779,52,326.70,31.20,278.03,856.19,0.8350,-1,-1,-1
780,47,26.13,-0.60,327.05,1003.88,0.9321,-1,-1,-1
780,49,1076.41,193.14,131.85,444.85,0.8853,-1,-1,-1
780,50,949.37,214.48,171.11,438.75,0.9075,-1,-1,-1
780,45,791.26,154.78,145.35,527.95,0.8931,-1,-1,-1
780,48,663.31,189.32,140.44,446.96,0.8317,-1,-1,-1
780,51,565.68,243.52,115.04,363.86,0.7104,-1,-1,-1
780,52,317.96,26.35,279.45,879.36,0.8418,-1,-1,-1
781,47,1.45,1.24,326.81,1007.87,0.9267,-1,-1,-1
781,49,1073.94,190.83,138.50,452.31,0.8847,-1,-1,-1
781,50,950.48,211.63,165.36,443.30,0.8984,-1,-1,-1
781,45,788.39,152.87,143.87,530.37,0.9082,-1,-1,-1
781,48,671.97,190.24,126.95,445.52,0.6773,-1,-1,-1
781,51,563.58,242.04,108.75,362.03,0.6523,-1,-1,-1
781,52,304.91,20.56,290.34,887.60,0.8432,-1,-1,-1
782,47,-6.70,2.08,310.46,1010.80,0.9326,-1,-1,-1
782,49,1071.80,188.24,147.21,454.58,0.8644,-1,-1,-1
782,50,949.39,208.15,164.07,451.96,0.9091,-1,-1,-1
782,45,785.48,152.02,144.84,530.11,0.9068,-1,-1,-1
782,48,673.89,189.77,125.06,446.04,0.7880,-1,-1,-1
782,51,555.17,240.67,108.61,377.19,0.6319,-1,-1,-1
782,52,284.39,12.39,313.54,906.91,0.9054,-1,-1,-1
783,47,-7.57,2.74,285.37,1014.52,0.9262,-1,-1,-1
783,49,1070.52,187.78,152.05,458.11,0.8799,-1,-1,-1
783,50,949.17,207.34,164.07,460.93,0.9137,-1,-1,-1
783,45,780.07,151.86,149.70,527.73,0.8950,-1,-1,-1
783,48,678.92,192.08,119.05,444.11,0.7615,-1,-1,-1
783,51,548.87,240.88,109.42,384.46,0.6582,-1,-1,-1
783,52,252.04,6.19,342.26,933.34,0.9159,-1,-1,-1
784,47,-6.36,4.12,262.26,1017.65,0.9192,-1,-1,-1
784,49,1068.99,187.44,157.13,464.82,0.8783,-1,-1,-1
784,50,948.70,205.03,164.28,471.13,0.9021,-1,-1,-1
784,45,782.33,151.17,143.47,528.03,0.8861,-1,-1,-1
784,48,682.33,192.32,115.06,444.98,0.8026,-1,-1,-1
784,51,544.73,241.45,108.88,385.30,0.6355,-1,-1,-1
784,52,231.71,0.54,358.89,962.35,0.9124,-1,-1,-1
785,47,-5.31,6.06,242.13,1019.77,0.9271,-1,-1,-1
785,49,1070.90,184.74,159.13,474.86,0.8918,-1,-1,-1
785,50,947.31,203.30,166.31,478.61,0.8896,-1,-1,-1
785,45,783.96,147.97,139.45,529.48,0.8829,-1,-1,-1
785,48,681.61,191.92,114.90,443.18,0.8094,-1,-1,-1
785,51,538.17,238.16,115.47,388.01,0.7294,-1,-1,-1
785,52,217.02,-1.35,360.40,978.15,0.9281,-1,-1,-1
786,47,-3.84,6.48,226.40,1022.82,0.6187,-1,-1,-1
786,49,1071.63,181.50,164.84,482.76,0.8897,-1,-1,-1
786,50,948.33,203.05,167.07,483.23,0.8835,-1,-1,-1
786,45,784.49,146.03,139.78,527.72,0.8981,-1,-1,-1
786,48,683.62,191.34,113.04,443.08,0.8182,-1,-1,-1
786,51,528.28,234.79,115.09,391.92,0.7629,-1,-1,-1
786,52,205.74,-2.22,362.06,990.38,0.9161,-1,-1,-1
787,47,-2.58,27.35,205.13,1003.49,0.8932,-1,-1,-1
787,49,1075.66,178.52,168.35,488.98,0.8918,-1,-1,-1
787,50,949.01,206.20,170.39,487.66,0.8892,-1,-1,-1
787,45,788.23,146.21,138.11,527.52,0.9051,-1,-1,-1
787,48,684.96,193.33,112.09,440.32,0.8432,-1,-1,-1
787,51,522.71,233.70,117.77,393.89,0.7299,-1,-1,-1
787,52,196.06,-1.35,366.10,995.15,0.9264,-1,-1,-1
788,47,-1.57,50.56,188.67,986.01,0.8896,-1,-1,-1
788,49,1080.14,177.90,169.91,495.74,0.8828,-1,-1,-1
788,50,950.64,208.80,175.61,492.77,0.8984,-1,-1,-1
788,45,790.74,147.33,138.10,525.22,0.9043,-1,-1,-1
788,48,683.92,192.90,112.45,439.96,0.8349,-1,-1,-1
788,51,521.22,235.26,112.30,396.94,0.7244,-1,-1,-1
788,52,183.84,-0.82,370.67,1002.76,0.9293,-1,-1,-1
789,47,-0.72,77.34,174.98,972.41,0.8727,-1,-1,-1
789,49,1081.37,174.18,167.36,504.32,0.8743,-1,-1,-1
789,50,945.45,209.27,186.23,501.29,0.8583,-1,-1,-1
789,45,792.36,148.98,135.47,523.82,0.9004,-1,-1,-1
789,48,684.79,194.00,118.32,444.86,0.8569,-1,-1,-1
789,52,171.87,-0.82,375.63,1013.32,0.9341,-1,-1,-1
790,47,0.59,95.75,158.00,965.46,0.8495,-1,-1,-1
790,49,1084.79,170.42,167.33,509.86,0.8481,-1,-1,-1
790,50,942.41,204.71,201.29,508.78,0.7956,-1,-1,-1
790,45,795.25,148.79,135.00,522.94,0.8980,-1,-1,-1
790,48,689.70,194.10,120.55,439.99,0.8538,-1,-1,-1
790,52,163.29,-1.04,383.00,1025.43,0.9312,-1,-1,-1
790,53,603.78,249.47,110.59,384.68,0.7931,-1,-1,-1
791,47,1.01,107.60,142.23,959.77,0.8194,-1,-1,-1
791,49,1090.43,170.22,172.70,514.35,0.8182,-1,-1,-1
791,50,958.07,201.77,196.68,519.66,0.8797,-1,-1,-1
791,45,801.24,151.92,134.10,522.25,0.8970,-1,-1,-1
791,48,693.14,196.31,125.83,445.97,0.8573,-1,-1,-1
791,52,152.25,0.04,393.44,1035.96,0.9288,-1,-1,-1
791,53,604.96,252.78,115.03,384.66,0.8266,-1,-1,-1
791,51,518.25,233.71,115.31,406.21,0.6018,-1,-1,-1
792,47,1.14,121.81,123.68,947.59,0.5759,-1,-1,-1
792,49,1102.56,168.79,171.99,507.06,0.7718,-1,-1,-1
792,50,966.10,199.86,203.10,525.19,0.8782,-1,-1,-1
792,45,809.88,155.41,130.44,520.27,0.8871,-1,-1,-1
792,48,697.31,196.58,128.61,452.52,0.8876,-1,-1,-1
792,52,145.18,0.34,417.02,1045.99,0.9077,-1,-1,-1
792,53,611.37,257.80,113.79,384.09,0.8869,-1,-1,-1
792,51,517.93,235.10,115.96,410.55,0.7106,-1,-1,-1
793,49,1114.85,164.33,168.62,517.91,0.8908,-1,-1,-1
793,50,971.93,194.45,211.65,533.07,0.8619,-1,-1,-1
793,45,818.00,153.61,133.05,523.36,0.8851,-1,-1,-1
793,48,703.17,193.03,130.57,453.25,0.8807,-1,-1,-1
793,52,127.26,-0.14,453.68,1055.39,0.9245,-1,-1,-1
793,53,617.76,256.11,114.44,388.60,0.8621,-1,-1,-1
793,51,520.72,233.04,114.08,401.40,0.6238,-1,-1,-1
794,49,1124.09,158.35,168.97,529.79,0.8763,-1,-1,-1
794,50,980.64,190.66,220.27,542.86,0.8326,-1,-1,-1
794,48,711.63,194.18,129.68,447.65,0.8717,-1,-1,-1
794,52,110.71,0.30,480.24,1070.76,0.9291,-1,-1,-1
794,53,619.38,255.72,121.90,391.87,0.8240,-1,-1,-1
794,51,525.15,232.42,113.35,409.57,0.6841,-1,-1,-1
795,49,1137.31,155.76,167.42,537.54,0.8830,-1,-1,-1
795,50,987.86,182.74,228.27,556.41,0.7065,-1,-1,-1
795,48,725.29,196.42,126.82,449.52,0.8561,-1,-1,-1
795,52,92.88,0.62,504.29,1074.69,0.9437,-1,-1,-1
795,53,622.63,256.49,124.30,395.05,0.8486,-1,-1,-1
795,51,528.48,235.28,110.63,414.03,0.7344,-1,-1,-1
795,45,840.27,156.91,132.94,526.59,0.9051,-1,-1,-1
796,49,1153.87,160.13,160.80,550.09,0.8928,-1,-1,-1
796,50,995.71,180.39,238.49,563.99,0.8803,-1,-1,-1
796,48,734.50,201.72,129.99,447.74,0.9028,-1,-1,-1
796,52,71.37,0.74,530.52,1075.18,0.9464,-1,-1,-1
796,51,534.46,237.16,114.54,378.62,0.5472,-1,-1,-1
796,45,847.92,160.56,135.31,529.33,0.9061,-1,-1,-1
796,47,0.68,504.40,81.96,537.40,0.6368,-1,-1,-1
797,49,1165.63,162.14,159.03,569.43,0.8423,-1,-1,-1
797,50,1000.87,180.47,247.80,573.44,0.8695,-1,-1,-1
797,48,743.32,207.17,132.54,450.19,0.8931,-1,-1,-1
797,52,47.03,1.78,559.10,1074.40,0.9471,-1,-1,-1
797,51,535.92,239.77,117.61,355.54,0.5488,-1,-1,-1
797,45,857.20,166.05,131.71,530.72,0.8875,-1,-1,-1
797,53,623.81,259.52,135.18,406.15,0.8375,-1,-1,-1
798,50,1001.79,182.73,258.69,587.35,0.8764,-1,-1,-1
798,48,749.76,211.72,132.27,446.54,0.9076,-1,-1,-1
798,52,21.22,2.61,595.55,1068.90,0.9479,-1,-1,-1
798,51,537.22,243.18,118.30,337.03,0.5471,-1,-1,-1
798,45,864.07,170.11,130.37,533.81,0.8497,-1,-1,-1
798,53,631.60,260.81,131.02,411.34,0.8530,-1,-1,-1
799,50,1002.63,184.91,267.82,604.81,0.9023,-1,-1,-1
799,48,750.99,215.97,134.48,445.36,0.8946,-1,-1,-1
799,52,3.18,3.30,625.45,1066.94,0.9431,-1,-1,-1
799,51,536.28,245.89,124.36,345.81,0.5984,-1,-1,-1
799,45,865.94,176.48,135.66,532.44,0.8768,-1,-1,-1
799,53,639.13,263.02,124.85,414.07,0.8558,-1,-1,-1
799,49,1187.72,166.06,161.80,602.79,0.6633,-1,-1,-1
800,50,1007.84,187.07,271.35,621.63,0.8908,-1,-1,-1
800,48,754.53,222.82,135.32,442.79,0.7020,-1,-1,-1
800,52,-3.94,3.37,639.51,1064.11,0.9428,-1,-1,-1
800,51,534.94,249.34,130.27,356.63,0.5580,-1,-1,-1
800,45,869.54,182.77,135.12,531.05,0.8781,-1,-1,-1
800,53,642.60,265.26,121.92,418.67,0.8516,-1,-1,-1
800,49,1196.55,166.43,160.99,612.64,0.8382,-1,-1,-1
801,50,1010.03,188.87,279.58,631.00,0.8856,-1,-1,-1
801,48,760.82,229.39,131.00,439.55,0.8846,-1,-1,-1
801,52,-6.65,3.72,644.81,1068.70,0.9510,-1,-1,-1
801,45,872.54,188.17,132.58,529.36,0.8806,-1,-1,-1
801,53,643.35,267.56,123.08,421.72,0.8668,-1,-1,-1
801,49,1205.53,168.18,161.69,630.34,0.7795,-1,-1,-1
802,50,1006.60,191.17,293.72,641.55,0.8622,-1,-1,-1
802,48,772.20,232.00,120.62,436.44,0.8903,-1,-1,-1
802,52,-7.28,3.97,656.43,1071.63,0.9329,-1,-1,-1
802,45,879.37,195.16,137.45,524.32,0.8990,-1,-1,-1
802,53,643.36,268.50,126.48,423.21,0.8441,-1,-1,-1
802,49,1210.13,169.13,167.13,641.25,0.8924,-1,-1,-1
803,50,1003.53,191.85,306.07,652.18,0.8923,-1,-1,-1
803,48,781.44,232.17,114.60,437.57,0.8951,-1,-1,-1
803,52,-6.32,3.49,659.25,1077.20,0.8771,-1,-1,-1
803,45,886.07,195.94,137.68,527.72,0.9129,-1,-1,-1
803,53,643.39,270.39,128.33,427.94,0.8743,-1,-1,-1
803,49,1220.52,165.16,170.31,653.86,0.8375,-1,-1,-1
803,51,533.37,254.16,136.06,339.33,0.6361,-1,-1,-1
804,50,998.73,190.50,320.47,674.05,0.9238,-1,-1,-1
804,48,786.49,232.09,113.40,433.72,0.8967,-1,-1,-1
804,52,-5.62,2.47,640.12,1078.28,0.7776,-1,-1,-1
804,45,888.90,193.36,140.22,533.63,0.9138,-1,-1,-1
804,53,641.82,271.33,132.81,431.23,0.8767,-1,-1,-1
804,49,1232.53,165.09,174.93,655.36,0.8735,-1,-1,-1
805,50,1000.71,188.65,327.78,685.71,0.9175,-1,-1,-1
805,48,789.66,231.56,113.16,433.25,0.8938,-1,-1,-1
805,52,-5.42,3.06,514.75,1074.54,0.7469,-1,-1,-1
805,45,893.35,190.98,138.31,537.61,0.9054,-1,-1,-1
805,53,644.19,271.34,133.54,435.79,0.9037,-1,-1,-1
805,49,1239.99,160.56,186.49,660.87,0.9048,-1,-1,-1
806,50,1006.77,181.92,329.50,702.11,0.9253,-1,-1,-1
806,48,792.92,226.80,113.26,443.39,0.8857,-1,-1,-1
806,52,-4.05,0.38,565.37,1071.89,0.8185,-1,-1,-1
806,45,900.18,186.13,133.46,537.20,0.8931,-1,-1,-1
806,53,646.41,270.43,131.13,440.23,0.9045,-1,-1,-1
806,49,1248.31,154.55,194.91,670.63,0.9018,-1,-1,-1
806,51,526.54,251.82,145.90,315.80,0.6394,-1,-1,-1
807,50,1018.82,175.85,323.77,714.60,0.9174,-1,-1,-1
807,48,797.01,226.44,113.37,445.91,0.8912,-1,-1,-1
807,52,-3.86,-0.33,567.16,1072.73,0.9013,-1,-1,-1
807,45,903.82,182.52,133.98,538.47,0.8999,-1,-1,-1
807,53,647.84,269.63,131.83,445.98,0.8952,-1,-1,-1
807,49,1256.48,146.50,204.90,684.11,0.9095,-1,-1,-1
807,51,520.35,248.16,152.60,320.30,0.5985,-1,-1,-1
808,50,1026.14,170.09,324.39,728.01,0.9270,-1,-1,-1
808,48,801.65,224.17,115.22,446.68,0.8916,-1,-1,-1
808,52,-3.09,-0.47,556.05,1073.36,0.9339,-1,-1,-1
808,45,908.12,180.93,129.05,535.95,0.8718,-1,-1,-1
808,53,650.95,269.16,131.71,451.56,0.8945,-1,-1,-1
808,49,1265.96,138.94,215.47,699.02,0.9164,-1,-1,-1
808,51,509.47,244.84,165.25,334.37,0.6541,-1,-1,-1
809,50,1036.24,159.69,323.90,742.34,0.9349,-1,-1,-1
809,48,803.27,220.86,115.31,444.20,0.8994,-1,-1,-1
809,52,-2.26,-0.19,528.46,1068.88,0.9472,-1,-1,-1
809,45,910.61,177.66,134.07,530.72,0.8821,-1,-1,-1
809,53,650.30,266.56,134.22,455.99,0.8867,-1,-1,-1
809,49,1276.06,127.95,221.29,715.25,0.9196,-1,-1,-1
809,51,505.57,239.58,172.46,369.21,0.6992,-1,-1,-1
810,50,1046.89,148.96,321.43,757.77,0.9370,-1,-1,-1
810,48,805.93,219.47,115.54,446.37,0.8869,-1,-1,-1
810,52,-1.57,0.14,494.75,1067.51,0.9148,-1,-1,-1
810,45,911.34,176.00,138.71,530.41,0.8869,-1,-1,-1
810,53,650.84,265.00,135.19,459.16,0.8844,-1,-1,-1
810,49,1283.19,120.16,233.24,729.33,0.8962,-1,-1,-1
810,51,501.79,234.69,179.99,458.43,0.8630,-1,-1,-1
811,50,1056.21,144.92,320.06,769.84,0.9268,-1,-1,-1
811,48,806.09,222.44,115.97,445.21,0.8948,-1,-1,-1
811,52,-1.65,2.04,445.43,1066.67,0.9297,-1,-1,-1
811,45,910.89,177.74,141.32,528.61,0.8866,-1,-1,-1
811,53,647.73,267.57,137.65,460.59,0.8994,-1,-1,-1
811,49,1289.25,117.70,242.95,744.26,0.9133,-1,-1,-1
811,51,500.64,234.44,173.79,495.86,0.9049,-1,-1,-1
812,50,1065.92,135.43,316.87,786.46,0.9182,-1,-1,-1
812,48,803.76,219.11,114.81,446.00,0.8876,-1,-1,-1
812,52,-1.71,-0.41,398.60,1069.97,0.8477,-1,-1,-1
812,45,910.09,174.46,143.09,529.82,0.8907,-1,-1,-1
812,53,646.94,264.10,140.43,465.90,0.8798,-1,-1,-1
812,49,1296.59,112.29,252.77,766.42,0.9132,-1,-1,-1
812,51,497.75,229.48,172.19,517.33,0.8963,-1,-1,-1
813,50,1073.71,125.52,315.48,799.96,0.9083,-1,-1,-1
813,48,799.93,216.61,116.20,448.11,0.8923,-1,-1,-1
813,52,-1.84,-0.79,354.94,1027.36,0.6810,-1,-1,-1
813,45,910.10,171.30,144.15,529.47,0.8968,-1,-1,-1
813,53,638.08,260.32,153.03,477.07,0.8565,-1,-1,-1
813,49,1302.46,107.66,261.12,791.66,0.9203,-1,-1,-1
813,51,495.22,225.06,170.02,529.65,0.8814,-1,-1,-1
813,55,305.16,67.39,207.35,800.54,0.8965,-1,-1,-1
814,50,1086.10,112.68,310.42,830.62,0.8889,-1,-1,-1
814,48,795.59,215.67,119.27,448.67,0.8998,-1,-1,-1
814,52,-1.32,-0.33,340.46,1044.44,0.7245,-1,-1,-1
814,45,908.52,169.63,145.67,529.36,0.8954,-1,-1,-1
814,53,626.28,256.87,165.59,484.80,0.8535,-1,-1,-1
814,49,1310.81,103.06,264.75,811.54,0.9257,-1,-1,-1
814,51,492.88,221.52,167.36,540.79,0.8604,-1,-1,-1
814,55,267.80,57.27,239.04,822.78,0.9138,-1,-1,-1
815,50,1101.28,108.00,305.94,868.52,0.8833,-1,-1,-1
815,48,792.92,216.57,121.10,449.42,0.9021,-1,-1,-1
815,45,907.89,170.22,145.65,531.10,0.8882,-1,-1,-1
815,53,625.62,254.62,167.30,493.66,0.8493,-1,-1,-1
815,49,1319.04,101.04,270.61,819.01,0.9168,-1,-1,-1
815,51,490.78,220.15,165.59,548.12,0.8387,-1,-1,-1
815,55,233.51,49.40,266.29,838.27,0.9336,-1,-1,-1
816,50,1111.73,108.38,299.14,896.30,0.8769,-1,-1,-1
816,48,786.60,219.02,127.13,449.42,0.9033,-1,-1,-1
816,45,906.71,171.58,146.09,532.52,0.8931,-1,-1,-1
816,53,625.35,252.67,166.99,498.57,0.8559,-1,-1,-1
816,49,1321.57,98.30,278.77,833.50,0.9113,-1,-1,-1
816,51,483.26,219.50,166.67,553.15,0.7650,-1,-1,-1
816,55,215.73,39.89,278.82,852.07,0.9205,-1,-1,-1
817,50,1117.33,108.92,299.43,930.85,0.8256,-1,-1,-1
817,48,781.02,221.50,130.46,448.67,0.9058,-1,-1,-1
817,45,906.07,172.40,147.75,532.50,0.8884,-1,-1,-1
817,53,629.54,250.22,158.34,502.64,0.8664,-1,-1,-1
817,49,1326.74,94.10,287.72,864.78,0.9107,-1,-1,-1
817,55,201.26,33.61,290.40,865.07,0.9274,-1,-1,-1
818,50,1120.11,105.95,305.20,936.89,0.9317,-1,-1,-1
818,48,777.40,224.74,131.62,449.81,0.9016,-1,-1,-1
818,45,907.16,177.00,144.23,530.44,0.8824,-1,-1,-1
818,53,626.45,249.21,159.06,505.80,0.8860,-1,-1,-1
818,49,1330.04,88.71,296.63,888.24,0.9198,-1,-1,-1
818,55,190.51,28.18,297.19,893.39,0.9350,-1,-1,-1
818,51,457.82,217.05,184.31,570.61,0.6674,-1,-1,-1
819,50,1123.07,104.14,312.03,948.22,0.9285,-1,-1,-1
819,48,773.87,225.02,132.58,447.06,0.9010,-1,-1,-1
819,45,904.00,177.98,141.56,534.81,0.8904,-1,-1,-1
819,53,617.54,248.12,161.94,512.51,0.8767,-1,-1,-1
819,49,1331.69,80.26,307.57,915.09,0.9159,-1,-1,-1
819,55,177.53,21.52,303.87,928.22,0.9393,-1,-1,-1
819,51,441.49,215.99,194.71,575.01,0.8757,-1,-1,-1
820,50,1128.16,100.95,316.92,966.36,0.9113,-1,-1,-1
820,48,767.90,225.48,136.99,443.16,0.9039,-1,-1,-1
820,45,902.69,177.88,140.93,537.77,0.9008,-1,-1,-1
820,53,614.86,244.65,166.20,519.37,0.8871,-1,-1,-1
820,49,1333.78,69.47,316.13,943.80,0.9036,-1,-1,-1
820,55,165.67,14.24,307.60,966.89,0.9422,-1,-1,-1
820,51,428.09,214.20,203.56,580.08,0.8574,-1,-1,-1
821,50,1132.98,96.81,325.99,979.55,0.9313,-1,-1,-1
821,48,760.77,224.84,142.10,442.47,0.9007,-1,-1,-1
821,45,902.86,178.51,141.48,538.73,0.9035,-1,-1,-1
821,53,612.97,240.85,172.70,526.70,0.9118,-1,-1,-1
821,49,1340.45,55.17,321.01,952.80,0.8784,-1,-1,-1
821,55,155.89,9.36,313.92,991.07,0.9373,-1,-1,-1
821,51,422.18,214.36,206.66,584.11,0.8608,-1,-1,-1
822,50,1139.32,84.06,337.10,997.32,0.9314,-1,-1,-1
822,48,758.01,222.75,145.78,444.70,0.8994,-1,-1,-1
822,45,902.63,178.23,142.39,538.09,0.9027,-1,-1,-1
822,53,606.33,236.13,181.64,532.79,0.9136,-1,-1,-1
822,49,1353.46,40.42,315.89,967.91,0.9066,-1,-1,-1
822,55,143.57,6.49,318.66,1004.31,0.9467,-1,-1,-1
822,51,413.25,213.66,212.98,591.68,0.8285,-1,-1,-1
822,56,1049.66,302.05,101.09,262.56,0.8001,-1,-1,-1
823,50,1145.39,65.35,349.91,1019.14,0.9213,-1,-1,-1
823,48,754.38,217.82,148.72,449.22,0.8999,-1,-1,-1
823,45,902.35,177.90,144.80,536.91,0.9052,-1,-1,-1
823,53,603.97,232.15,185.17,541.03,0.9160,-1,-1,-1
823,49,1368.69,17.50,309.02,963.72,0.9121,-1,-1,-1
823,55,129.87,2.37,325.11,1020.94,0.9531,-1,-1,-1
823,51,408.75,211.46,214.61,600.42,0.8565,-1,-1,-1
823,56,1048.33,301.50,102.65,262.27,0.8196,-1,-1,-1
824,50,1148.49,46.47,361.10,1037.30,0.9113,-1,-1,-1
824,48,750.58,213.03,154.32,453.80,0.8932,-1,-1,-1
824,45,903.22,177.25,147.13,537.38,0.8986,-1,-1,-1
824,53,601.58,228.84,186.98,551.10,0.9027,-1,-1,-1
824,49,1383.64,5.55,304.61,972.25,0.9196,-1,-1,-1
824,55,119.30,-1.26,329.20,1049.10,0.9147,-1,-1,-1
824,51,406.49,207.42,213.66,608.09,0.8802,-1,-1,-1
824,56,1050.73,301.76,102.17,262.61,0.8200,-1,-1,-1
825,50,1145.15,28.79,387.50,1053.21,0.8973,-1,-1,-1
825,48,748.21,210.70,159.02,452.81,0.8917,-1,-1,-1
825,45,907.26,175.83,146.67,537.98,0.9008,-1,-1,-1
825,53,599.07,227.38,189.06,565.63,0.8737,-1,-1,-1
825,49,1403.68,0.66,294.48,1006.00,0.9207,-1,-1,-1
825,55,106.53,-1.96,336.23,1060.03,0.8984,-1,-1,-1
825,51,403.30,203.59,214.29,615.60,0.8828,-1,-1,-1
825,56,1053.98,301.89,101.26,262.53,0.7517,-1,-1,-1
826,50,1138.69,14.07,425.81,1066.90,0.9175,-1,-1,-1
826,48,746.34,209.49,161.32,453.66,0.8897,-1,-1,-1
826,45,909.29,174.78,147.03,538.95,0.8948,-1,-1,-1
826,53,595.91,227.70,193.22,578.68,0.7871,-1,-1,-1
826,49,1421.28,-0.31,285.28,1043.31,0.9143,-1,-1,-1
826,55,91.55,-2.12,344.15,1051.33,0.9159,-1,-1,-1
826,51,398.85,200.91,217.07,624.27,0.8662,-1,-1,-1
826,56,1056.15,301.53,102.88,262.66,0.7280,-1,-1,-1
827,50,1133.27,4.53,464.64,1074.01,0.9392,-1,-1,-1
827,48,744.97,207.99,163.31,452.34,0.8794,-1,-1,-1
827,45,909.88,172.00,149.97,538.76,0.8913,-1,-1,-1
827,53,593.81,227.62,195.11,583.92,0.7800,-1,-1,-1
827,49,1453.30,-1.00,263.26,1071.29,0.8981,-1,-1,-1
827,55,75.46,-2.41,350.38,1070.33,0.9336,-1,-1,-1
827,51,394.10,197.19,219.44,633.65,0.8552,-1,-1,-1
827,56,1058.98,299.87,103.35,263.38,0.7366,-1,-1,-1
828,50,1130.51,3.03,507.68,1071.85,0.9310,-1,-1,-1
828,48,744.00,206.66,164.83,452.28,0.8830,-1,-1,-1
828,45,909.30,170.66,153.96,534.59,0.8844,-1,-1,-1
828,53,592.06,227.16,197.76,586.96,0.7330,-1,-1,-1
828,49,1482.08,-1.48,250.19,1077.41,0.9028,-1,-1,-1
828,55,59.94,-1.81,357.03,1077.97,0.9417,-1,-1,-1
828,51,388.82,192.42,220.22,642.64,0.9133,-1,-1,-1
828,56,1061.51,296.75,105.94,266.98,0.7784,-1,-1,-1
829,50,1129.00,4.04,553.25,1069.24,0.9374,-1,-1,-1
829,48,744.78,209.46,167.37,452.61,0.8811,-1,-1,-1
829,45,911.17,175.14,156.63,525.41,0.8664,-1,-1,-1
829,49,1499.24,1.04,254.65,1070.95,0.8142,-1,-1,-1
829,55,43.41,0.66,367.31,1075.58,0.9453,-1,-1,-1
829,51,388.20,191.90,212.84,649.12,0.9018,-1,-1,-1
829,56,1067.17,298.98,105.81,267.29,0.8175,-1,-1,-1
830,50,1127.30,3.29,599.73,1070.03,0.9326,-1,-1,-1
830,48,746.91,211.53,172.04,453.17,0.8585,-1,-1,-1
830,45,918.60,179.08,155.65,516.67,0.8434,-1,-1,-1
830,49,1525.78,-0.86,253.79,1074.22,0.8326,-1,-1,-1
830,55,22.05,0.70,386.20,1073.11,0.9494,-1,-1,-1
830,51,387.99,191.36,212.09,654.65,0.8130,-1,-1,-1
830,56,1071.59,299.55,106.13,268.11,0.8242,-1,-1,-1
830,53,588.98,232.46,203.23,614.76,0.8918,-1,-1,-1
831,50,1125.93,3.24,655.95,1069.92,0.9285,-1,-1,-1
831,48,752.91,211.94,165.96,451.77,0.8714,-1,-1,-1
831,45,920.29,177.58,159.31,514.71,0.8656,-1,-1,-1
831,49,1550.84,-0.95,263.21,1069.47,0.8412,-1,-1,-1
831,55,5.84,-0.49,404.28,1076.44,0.9537,-1,-1,-1
831,51,383.76,189.08,215.08,668.06,0.9211,-1,-1,-1
831,56,1075.73,296.70,109.50,270.04,0.7704,-1,-1,-1
831,53,587.12,231.11,206.00,626.27,0.8907,-1,-1,-1
832,50,1124.18,4.12,694.70,1070.08,0.9327,-1,-1,-1
832,48,756.66,213.42,162.32,450.39,0.8830,-1,-1,-1
832,45,928.61,178.05,156.22,512.84,0.8615,-1,-1,-1
832,49,1577.88,-0.10,269.50,1067.99,0.7556,-1,-1,-1
832,55,-2.36,-0.39,418.99,1079.96,0.9562,-1,-1,-1
832,51,381.73,189.74,216.26,677.70,0.9232,-1,-1,-1
832,56,1081.78,295.46,108.60,279.41,0.7701,-1,-1,-1
832,53,584.86,230.78,207.77,633.95,0.8817,-1,-1,-1
833,50,1122.81,3.37,747.42,1069.83,0.9327,-1,-1,-1
833,48,757.59,215.09,164.49,449.41,0.8938,-1,-1,-1
833,45,928.38,176.32,161.41,516.30,0.8580,-1,-1,-1
833,49,1605.74,-0.56,277.54,1064.14,0.5060,-1,-1,-1
833,55,-5.20,-0.61,428.19,1081.12,0.9578,-1,-1,-1
833,51,379.41,189.09,218.92,690.50,0.9222,-1,-1,-1
833,56,1088.71,293.66,108.02,281.14,0.8095,-1,-1,-1
833,53,583.38,228.63,210.12,643.60,0.8791,-1,-1,-1
834,50,1123.57,2.80,787.86,1069.62,0.9344,-1,-1,-1
834,48,763.98,218.27,165.85,448.36,0.8881,-1,-1,-1
834,45,936.53,176.89,158.48,520.26,0.8730,-1,-1,-1
834,49,1620.94,-1.08,294.42,1072.12,0.6031,-1,-1,-1
834,55,-5.77,-0.53,434.67,1079.79,0.9561,-1,-1,-1
834,51,374.58,188.89,221.97,707.47,0.9178,-1,-1,-1
834,56,1093.89,296.75,107.17,278.02,0.7409,-1,-1,-1
834,53,581.22,226.47,213.24,651.87,0.8817,-1,-1,-1
835,50,1130.24,1.80,797.71,1071.19,0.9446,-1,-1,-1
835,48,770.12,221.69,166.76,449.01,0.8941,-1,-1,-1
835,45,945.12,177.68,156.92,524.38,0.8564,-1,-1,-1
835,55,-5.34,1.12,439.66,1073.52,0.9533,-1,-1,-1
835,51,372.35,190.51,223.69,720.35,0.9208,-1,-1,-1
835,56,1100.55,296.26,107.09,283.76,0.8080,-1,-1,-1
835,53,580.36,224.66,216.72,660.26,0.8855,-1,-1,-1
836,50,1142.87,0.95,790.76,1069.16,0.9425,-1,-1,-1
836,48,779.91,224.20,158.77,448.73,0.8959,-1,-1,-1
836,45,949.70,179.57,156.97,526.14,0.8276,-1,-1,-1
836,55,-4.88,1.50,440.75,1071.43,0.9514,-1,-1,-1
836,51,373.32,191.21,220.26,733.14,0.9144,-1,-1,-1
836,56,1110.16,296.77,105.88,283.90,0.8128,-1,-1,-1
836,53,576.87,222.10,226.36,670.69,0.8973,-1,-1,-1
837,50,1158.67,3.31,776.15,1065.14,0.9434,-1,-1,-1
837,48,784.35,225.24,161.45,451.29,0.9006,-1,-1,-1
837,45,952.35,184.23,157.44,524.73,0.8607,-1,-1,-1
837,55,-4.11,0.87,441.77,1071.09,0.9514,-1,-1,-1
837,51,373.51,190.36,221.55,745.27,0.9156,-1,-1,-1
837,56,1119.21,297.28,102.54,287.91,0.8421,-1,-1,-1
837,53,574.51,218.61,234.71,680.07,0.9112,-1,-1,-1
838,50,1191.79,4.55,742.02,1065.78,0.9057,-1,-1,-1
838,48,789.61,224.62,170.50,453.62,0.8770,-1,-1,-1
838,45,958.87,190.21,158.83,520.83,0.8830,-1,-1,-1
838,55,-3.45,-0.08,443.29,1070.34,0.9497,-1,-1,-1
838,51,371.38,187.12,227.50,757.24,0.9160,-1,-1,-1
838,56,1126.03,298.87,100.21,287.47,0.8208,-1,-1,-1
838,53,574.67,216.29,237.55,685.99,0.9066,-1,-1,-1
839,50,1245.79,4.02,686.33,1065.93,0.9271,-1,-1,-1
839,48,798.43,224.18,172.15,453.66,0.8597,-1,-1,-1
839,45,965.83,191.99,156.64,521.41,0.8910,-1,-1,-1
839,55,-3.17,-0.76,446.03,1069.67,0.9518,-1,-1,-1
839,51,369.78,185.00,230.44,773.86,0.9126,-1,-1,-1
839,56,1131.54,296.43,101.48,289.76,0.8038,-1,-1,-1
839,53,578.06,211.67,238.98,693.32,0.9043,-1,-1,-1
840,50,1330.27,1.22,600.10,1067.22,0.8507,-1,-1,-1
840,48,807.84,222.80,160.38,453.15,0.8692,-1,-1,-1
840,45,969.37,192.69,156.58,520.75,0.8787,-1,-1,-1
840,55,-3.01,-0.47,447.01,1069.63,0.9510,-1,-1,-1
840,51,367.94,182.17,235.26,782.72,0.8923,-1,-1,-1
840,56,1137.34,294.54,104.67,293.31,0.7368,-1,-1,-1
840,53,579.91,205.36,243.29,700.74,0.9062,-1,-1,-1
841,50,1416.25,0.67,512.29,1064.18,0.9501,-1,-1,-1
841,48,816.08,218.55,162.43,455.71,0.8848,-1,-1,-1
841,45,976.83,191.21,151.30,521.86,0.8882,-1,-1,-1
841,55,-2.72,-1.11,447.71,1068.95,0.9510,-1,-1,-1
841,51,365.24,174.90,237.96,792.56,0.8925,-1,-1,-1
841,56,1147.48,293.31,102.04,294.93,0.7980,-1,-1,-1
841,53,583.32,198.60,245.20,706.80,0.9000,-1,-1,-1
842,50,1510.53,0.86,415.79,1063.06,0.8967,-1,-1,-1
842,48,820.89,217.49,171.40,453.26,0.9067,-1,-1,-1
842,45,982.66,188.55,150.55,523.19,0.9004,-1,-1,-1
842,55,-2.36,-1.20,445.10,1069.31,0.9427,-1,-1,-1
842,51,361.81,163.47,239.91,807.43,0.9038,-1,-1,-1
842,56,1150.97,292.25,104.21,294.56,0.7735,-1,-1,-1
842,53,583.55,192.90,248.92,712.62,0.9013,-1,-1,-1
842,57,1388.77,228.58,198.49,627.91,0.9043,-1,-1,-1
843,48,827.11,214.50,169.42,450.03,0.9175,-1,-1,-1
843,45,991.54,181.55,149.24,526.73,0.8690,-1,-1,-1
843,55,-1.77,-1.26,442.04,1067.24,0.9446,-1,-1,-1
843,51,361.14,150.55,240.75,822.21,0.9002,-1,-1,-1
843,56,1159.59,289.43,101.62,294.11,0.7359,-1,-1,-1
843,53,582.88,185.70,253.62,728.30,0.8909,-1,-1,-1
843,57,1400.34,215.11,229.97,681.44,0.9238,-1,-1,-1
844,48,830.51,210.48,168.36,446.22,0.9237,-1,-1,-1
844,45,996.81,175.12,152.11,529.23,0.8727,-1,-1,-1
844,55,-1.05,-1.60,430.68,1061.32,0.9242,-1,-1,-1
844,51,353.06,138.62,250.34,834.43,0.9033,-1,-1,-1
844,56,1167.21,282.14,99.36,299.75,0.8179,-1,-1,-1
844,53,586.23,178.98,252.34,750.23,0.8959,-1,-1,-1
844,57,1413.96,204.76,251.23,727.79,0.9169,-1,-1,-1
845,48,830.58,205.09,174.62,447.66,0.9115,-1,-1,-1
845,45,1000.74,169.49,147.13,531.53,0.8354,-1,-1,-1
845,55,-0.98,-0.51,418.88,1064.53,0.8326,-1,-1,-1
845,51,339.36,128.40,265.40,845.01,0.8950,-1,-1,-1
845,56,1170.33,276.12,99.82,304.24,0.8289,-1,-1,-1
845,53,586.60,171.31,257.04,771.13,0.8927,-1,-1,-1
845,57,1429.24,195.58,266.93,761.26,0.9227,-1,-1,-1
845,50,1739.64,3.41,186.83,1057.60,0.6905,-1,-1,-1
846,48,833.02,201.57,174.97,450.21,0.8988,-1,-1,-1
846,45,1004.81,165.77,144.51,532.33,0.7753,-1,-1,-1
846,55,-1.04,1.39,400.01,1070.53,0.7445,-1,-1,-1
846,51,324.78,118.81,280.00,858.40,0.8961,-1,-1,-1
846,56,1171.69,275.55,101.81,301.99,0.8521,-1,-1,-1
846,53,586.35,164.84,257.25,783.97,0.8771,-1,-1,-1
846,57,1439.40,189.23,272.07,782.48,0.9311,-1,-1,-1
847,48,834.39,195.15,173.18,451.18,0.8990,-1,-1,-1
847,45,1004.86,159.85,146.69,525.70,0.8489,-1,-1,-1
847,55,-1.78,2.18,365.64,1066.79,0.7756,-1,-1,-1
847,51,315.00,108.02,293.90,874.54,0.8793,-1,-1,-1
847,56,1178.31,272.42,100.16,299.26,0.7798,-1,-1,-1
847,53,586.71,156.56,258.17,801.55,0.8867,-1,-1,-1
847,57,1452.45,183.42,264.57,792.76,0.9241,-1,-1,-1
848,48,832.53,189.53,177.90,453.53,0.9104,-1,-1,-1
848,45,1002.90,152.83,149.21,521.71,0.8486,-1,-1,-1
848,55,-2.45,2.47,307.82,1057.21,0.7344,-1,-1,-1
848,51,305.26,98.91,297.74,884.40,0.8999,-1,-1,-1
848,56,1180.10,268.12,98.51,299.64,0.8011,-1,-1,-1
848,53,579.64,149.50,264.32,817.76,0.8915,-1,-1,-1
848,57,1466.52,177.41,257.78,806.60,0.9206,-1,-1,-1
849,48,829.65,189.39,180.61,454.35,0.9186,-1,-1,-1
849,45,1001.03,148.94,146.01,519.93,0.8535,-1,-1,-1
849,51,295.38,93.62,300.10,903.06,0.9224,-1,-1,-1
849,56,1178.98,267.31,98.14,301.37,0.8416,-1,-1,-1
849,53,566.56,146.50,276.47,854.70,0.9152,-1,-1,-1
849,57,1480.12,175.41,256.82,834.08,0.9230,-1,-1,-1
850,48,826.32,187.03,181.81,453.64,0.9247,-1,-1,-1
850,45,1000.86,143.79,142.87,518.18,0.8634,-1,-1,-1
850,51,283.33,84.10,304.46,920.60,0.9188,-1,-1,-1
850,56,1179.00,262.85,96.61,302.05,0.6173,-1,-1,-1
850,53,559.02,139.56,283.46,877.73,0.9150,-1,-1,-1
850,57,1492.92,172.15,255.55,850.62,0.9185,-1,-1,-1
851,48,825.20,182.86,180.78,456.33,0.9154,-1,-1,-1
851,45,1000.75,139.36,143.00,518.51,0.8707,-1,-1,-1
851,51,270.43,74.97,311.37,937.27,0.9207,-1,-1,-1
851,56,1171.88,255.73,107.27,306.90,0.8153,-1,-1,-1
851,53,553.39,131.77,290.04,895.36,0.9258,-1,-1,-1
851,57,1505.76,165.75,259.62,864.72,0.9340,-1,-1,-1
851,55,-3.87,2.56,126.53,880.79,0.6184,-1,-1,-1
852,48,822.36,179.91,182.88,454.63,0.9040,-1,-1,-1
852,45,999.37,134.70,145.80,519.19,0.8629,-1,-1,-1
852,51,255.82,65.26,319.24,957.94,0.9209,-1,-1,-1
852,56,1176.33,250.46,100.53,308.74,0.8068,-1,-1,-1
852,53,545.47,120.15,298.31,913.02,0.9301,-1,-1,-1
852,57,1516.90,159.86,267.56,875.90,0.9290,-1,-1,-1
853,48,821.47,177.80,178.25,452.31,0.9003,-1,-1,-1
853,45,997.53,128.42,150.68,522.56,0.8473,-1,-1,-1
853,51,242.17,55.91,325.26,987.00,0.9278,-1,-1,-1
853,56,1179.50,244.24,99.83,313.37,0.8243,-1,-1,-1
853,53,537.65,108.73,306.35,930.01,0.9349,-1,-1,-1
853,57,1526.52,147.36,278.13,893.83,0.9308,-1,-1,-1
854,48,821.71,176.76,173.73,453.31,0.9072,-1,-1,-1
854,45,988.81,126.96,157.97,523.35,0.8526,-1,-1,-1
854,51,223.18,48.56,335.56,1014.43,0.9451,-1,-1,-1
854,56,1177.32,241.69,99.48,315.01,0.7908,-1,-1,-1
854,53,532.75,99.19,311.75,945.95,0.9318,-1,-1,-1
854,57,1532.61,137.72,288.85,911.92,0.9326,-1,-1,-1
855,48,822.19,174.44,167.48,454.35,0.9123,-1,-1,-1
855,45,981.21,126.08,165.21,523.30,0.8649,-1,-1,-1
855,51,205.73,38.99,343.98,1024.98,0.9268,-1,-1,-1
855,56,1171.65,238.76,99.99,316.67,0.7165,-1,-1,-1
855,53,519.97,87.96,323.77,963.36,0.9302,-1,-1,-1
855,57,1540.71,127.74,297.59,925.99,0.9310,-1,-1,-1
856,48,816.20,170.75,171.51,454.75,0.8821,-1,-1,-1
856,45,980.34,123.66,166.36,525.03,0.8992,-1,-1,-1
856,51,184.06,27.92,352.24,1043.19,0.9289,-1,-1,-1
856,56,1170.20,234.74,98.05,318.56,0.7409,-1,-1,-1
856,53,508.83,75.15,335.77,981.33,0.9384,-1,-1,-1
856,57,1542.21,111.80,317.72,946.78,0.9328,-1,-1,-1
857,48,807.51,167.56,178.35,455.33,0.8984,-1,-1,-1
857,45,976.44,123.02,169.11,525.95,0.9001,-1,-1,-1
857,51,180.02,18.77,343.97,1056.32,0.9182,-1,-1,-1
857,56,1167.47,230.29,100.05,321.70,0.7862,-1,-1,-1
857,53,495.00,65.09,349.13,998.92,0.9407,-1,-1,-1
857,57,1538.57,103.87,339.70,958.47,0.9287,-1,-1,-1
858,48,800.90,161.71,175.55,460.48,0.8908,-1,-1,-1
858,45,975.57,122.04,164.76,524.54,0.8974,-1,-1,-1
858,51,130.23,5.72,377.79,1065.78,0.9370,-1,-1,-1
858,56,1163.23,226.00,101.22,323.72,0.7878,-1,-1,-1
858,53,481.22,53.06,361.63,1016.84,0.9334,-1,-1,-1
858,57,1529.74,90.71,370.24,981.29,0.9312,-1,-1,-1
859,48,798.59,156.65,173.10,462.47,0.8742,-1,-1,-1
859,45,967.12,120.14,168.11,524.17,0.8901,-1,-1,-1
859,51,102.31,-0.12,389.48,1069.60,0.9409,-1,-1,-1
859,56,1159.74,222.09,102.40,325.23,0.7939,-1,-1,-1
859,53,470.77,40.86,369.72,1034.04,0.9453,-1,-1,-1
859,57,1542.23,78.38,374.84,997.61,0.9261,-1,-1,-1
860,48,797.89,149.69,170.42,465.47,0.8833,-1,-1,-1
860,45,959.85,119.21,175.60,523.83,0.8938,-1,-1,-1
860,51,71.20,-2.45,404.65,1073.82,0.9315,-1,-1,-1
860,56,1157.37,216.71,101.66,328.07,0.7775,-1,-1,-1
860,53,459.93,28.09,378.54,1050.19,0.9510,-1,-1,-1
860,57,1554.10,63.26,370.33,1017.39,0.9421,-1,-1,-1
861,48,793.24,145.18,172.12,465.98,0.8919,-1,-1,-1
861,45,955.90,117.66,179.34,523.69,0.8987,-1,-1,-1
861,51,37.35,-3.06,424.50,1081.77,0.9188,-1,-1,-1
861,56,1157.00,212.32,101.80,329.55,0.7860,-1,-1,-1
861,53,446.63,16.41,390.11,1062.65,0.9452,-1,-1,-1
861,57,1560.49,53.99,366.34,1027.61,0.9409,-1,-1,-1
862,48,793.37,143.16,172.79,462.69,0.8937,-1,-1,-1
862,45,953.65,116.27,181.74,523.14,0.8924,-1,-1,-1
862,51,8.11,0.00,438.87,1076.12,0.8576,-1,-1,-1
862,56,1158.17,210.52,100.85,327.58,0.7673,-1,-1,-1
862,53,438.46,7.45,395.54,1071.67,0.9463,-1,-1,-1
862,57,1571.37,39.46,356.03,1039.21,0.9421,-1,-1,-1
863,48,792.86,141.06,172.79,461.16,0.8996,-1,-1,-1
863,45,957.04,115.15,179.48,523.59,0.8935,-1,-1,-1
863,56,1158.57,209.38,100.74,325.60,0.7455,-1,-1,-1
863,53,426.51,1.95,404.75,1076.43,0.9482,-1,-1,-1
863,57,1583.50,32.53,343.11,1045.43,0.9379,-1,-1,-1
864,48,791.93,139.06,172.90,461.56,0.9007,-1,-1,-1
864,45,960.01,113.41,179.24,525.13,0.9035,-1,-1,-1
864,56,1159.38,207.68,101.57,329.14,0.7120,-1,-1,-1
864,53,414.12,0.07,409.87,1077.82,0.9515,-1,-1,-1
864,57,1595.66,19.50,330.74,1059.64,0.9329,-1,-1,-1
864,51,-3.00,1.55,421.46,1072.36,0.9363,-1,-1,-1
865,48,793.70,137.37,172.01,462.48,0.8895,-1,-1,-1
865,45,960.41,111.11,182.77,528.81,0.9029,-1,-1,-1
865,56,1159.70,206.18,104.35,331.16,0.7528,-1,-1,-1
865,53,402.11,-0.24,414.87,1079.03,0.9511,-1,-1,-1
865,57,1610.99,11.05,314.94,1068.73,0.9283,-1,-1,-1
865,51,-3.68,2.59,406.14,1069.27,0.9200,-1,-1,-1
866,48,796.14,135.68,169.81,465.81,0.8978,-1,-1,-1
866,45,962.23,109.10,183.28,529.39,0.8971,-1,-1,-1
866,56,1162.90,204.04,101.77,332.44,0.7784,-1,-1,-1
866,53,383.80,0.36,426.21,1077.19,0.9526,-1,-1,-1
866,57,1643.44,2.07,281.75,1077.26,0.9219,-1,-1,-1
866,51,-4.58,5.45,378.40,1065.50,0.9245,-1,-1,-1
867,48,796.41,137.43,170.23,468.40,0.8923,-1,-1,-1
867,45,973.04,108.29,174.02,529.07,0.8908,-1,-1,-1
867,56,1167.78,203.79,99.04,334.47,0.7882,-1,-1,-1
867,53,363.86,2.58,434.96,1073.33,0.9549,-1,-1,-1
867,57,1679.54,0.30,244.51,1078.96,0.9144,-1,-1,-1
867,51,-4.88,5.34,348.26,1066.33,0.9399,-1,-1,-1
868,48,794.46,139.36,173.40,471.56,0.8974,-1,-1,-1
868,45,980.59,109.11,164.38,523.97,0.8945,-1,-1,-1
868,56,1169.93,203.63,98.53,337.15,0.7869,-1,-1,-1
868,53,337.54,1.79,446.57,1073.28,0.9474,-1,-1,-1
868,57,1706.84,102.04,216.05,972.30,0.7619,-1,-1,-1
868,51,-4.23,4.18,321.99,1067.54,0.9314,-1,-1,-1
869,48,794.31,140.67,172.81,473.33,0.9084,-1,-1,-1
869,45,984.53,108.34,157.95,520.61,0.8843,-1,-1,-1
869,56,1171.84,204.01,98.71,339.30,0.7869,-1,-1,-1
869,53,307.44,1.41,463.31,1071.83,0.9479,-1,-1,-1
869,51,-3.58,4.23,296.68,1062.19,0.9330,-1,-1,-1
870,48,794.31,142.84,172.21,474.30,0.9179,-1,-1,-1
870,45,985.75,109.36,151.28,518.62,0.8848,-1,-1,-1
870,56,1171.11,203.98,101.57,343.17,0.7898,-1,-1,-1
870,53,273.42,1.59,484.17,1071.45,0.9524,-1,-1,-1
870,51,-2.88,5.89,272.07,1059.69,0.9384,-1,-1,-1
870,57,1756.63,192.74,166.79,678.07,0.7334,-1,-1,-1
871,48,794.13,148.92,172.29,472.68,0.9134,-1,-1,-1
871,45,987.40,112.49,143.76,518.91,0.8872,-1,-1,-1
871,56,1172.60,205.14,101.44,346.08,0.7599,-1,-1,-1
871,53,240.23,1.90,501.66,1072.13,0.9605,-1,-1,-1
871,51,-2.53,7.06,246.61,1061.96,0.9240,-1,-1,-1
872,48,795.58,154.86,171.36,472.77,0.9146,-1,-1,-1
872,45,989.41,116.93,142.14,516.81,0.8908,-1,-1,-1
872,56,1179.15,206.65,97.14,347.97,0.7852,-1,-1,-1
872,53,207.89,1.98,521.98,1070.72,0.9508,-1,-1,-1
872,51,-1.54,8.34,212.72,1059.99,0.9081,-1,-1,-1
873,48,797.12,160.18,171.96,473.54,0.9012,-1,-1,-1
873,45,988.27,120.43,142.13,516.70,0.8916,-1,-1,-1
873,56,1179.96,207.88,99.83,350.69,0.7882,-1,-1,-1
873,53,168.35,2.17,548.82,1069.13,0.9550,-1,-1,-1
873,51,-0.12,35.53,179.59,1034.17,0.8927,-1,-1,-1
873,58,611.34,146.18,160.75,482.88,0.8558,-1,-1,-1
874,48,798.53,164.80,171.13,473.25,0.9009,-1,-1,-1
874,45,988.20,123.10,140.97,519.31,0.8853,-1,-1,-1
874,56,1179.66,208.53,102.09,351.90,0.7973,-1,-1,-1
874,53,129.11,0.24,573.34,1069.25,0.9511,-1,-1,-1
874,51,0.72,96.70,148.05,976.38,0.8532,-1,-1,-1
874,58,605.57,147.15,163.10,491.02,0.8468,-1,-1,-1
875,48,801.09,166.08,170.46,473.84,0.8898,-1,-1,-1
875,45,988.22,127.95,139.70,517.07,0.8722,-1,-1,-1
875,56,1174.47,209.79,109.46,351.14,0.7201,-1,-1,-1
875,53,102.10,0.22,585.66,1067.93,0.9505,-1,-1,-1
875,51,0.57,126.96,125.92,940.39,0.6277,-1,-1,-1
875,58,599.25,147.37,168.27,498.23,0.8459,-1,-1,-1
876,48,802.73,166.99,171.14,470.69,0.8925,-1,-1,-1
876,45,991.94,131.64,134.42,514.63,0.7448,-1,-1,-1
876,56,1175.85,210.14,113.50,352.32,0.6879,-1,-1,-1
876,53,35.85,0.59,635.71,1069.24,0.9324,-1,-1,-1
876,58,590.25,149.30,175.40,497.81,0.8675,-1,-1,-1
877,48,802.83,167.19,172.24,465.05,0.8981,-1,-1,-1
877,56,1175.38,209.64,114.65,354.83,0.7141,-1,-1,-1
877,53,4.59,0.44,648.75,1069.66,0.9569,-1,-1,-1
877,58,582.04,150.00,173.55,499.83,0.7764,-1,-1,-1
878,48,801.55,164.74,171.51,469.16,0.9010,-1,-1,-1
878,56,1177.03,207.63,114.37,357.67,0.5876,-1,-1,-1
878,53,-7.44,1.10,642.50,1069.12,0.9615,-1,-1,-1
878,58,573.18,147.86,179.34,502.93,0.6002,-1,-1,-1
878,45,985.14,133.67,137.76,513.11,0.8599,-1,-1,-1
879,48,800.60,162.03,171.01,473.30,0.9051,-1,-1,-1
879,56,1173.18,206.97,115.30,358.07,0.7771,-1,-1,-1
879,53,-10.72,0.98,625.19,1069.50,0.9482,-1,-1,-1
879,45,984.26,135.22,136.86,510.01,0.8847,-1,-1,-1
880,48,800.24,158.88,170.97,470.57,0.9106,-1,-1,-1
880,56,1170.72,205.49,116.26,359.11,0.7835,-1,-1,-1
880,53,-10.84,3.03,600.33,1071.54,0.9314,-1,-1,-1
880,45,981.12,135.44,139.06,508.92,0.8736,-1,-1,-1
880,58,547.77,143.21,201.72,518.71,0.8528,-1,-1,-1
881,48,798.56,156.76,172.27,466.99,0.9124,-1,-1,-1
881,53,-10.06,3.99,575.94,1069.17,0.9426,-1,-1,-1
881,45,980.02,133.67,138.36,512.01,0.8647,-1,-1,-1
881,58,534.44,142.36,217.78,522.92,0.8321,-1,-1,-1
882,48,796.81,154.16,172.02,466.29,0.9193,-1,-1,-1
882,53,-8.81,4.72,550.96,1068.79,0.9335,-1,-1,-1
882,45,971.62,131.22,141.99,517.21,0.8739,-1,-1,-1
882,58,523.08,141.34,224.17,530.24,0.8005,-1,-1,-1
882,56,1175.14,203.13,113.35,361.92,0.8156,-1,-1,-1
883,48,793.60,151.78,172.87,465.93,0.9183,-1,-1,-1
883,53,-7.53,4.33,523.89,1067.55,0.9550,-1,-1,-1
883,45,965.12,127.03,141.45,520.43,0.8790,-1,-1,-1
883,58,508.69,141.27,234.48,534.32,0.8058,-1,-1,-1
883,59,688.81,219.87,105.76,362.81,0.7431,-1,-1,-1
883,56,1174.85,203.30,113.89,362.52,0.8480,-1,-1,-1
884,48,792.42,148.09,171.65,469.18,0.9007,-1,-1,-1
884,53,-6.87,4.00,483.32,1065.01,0.9401,-1,-1,-1
884,45,959.09,123.93,144.13,521.85,0.8342,-1,-1,-1
884,58,494.98,139.15,235.95,540.38,0.7778,-1,-1,-1
884,59,677.16,225.78,112.00,342.40,0.5269,-1,-1,-1
884,56,1176.43,200.84,113.64,365.49,0.8353,-1,-1,-1
885,48,789.07,145.86,171.03,472.98,0.9060,-1,-1,-1
885,53,-5.74,6.34,433.61,1059.91,0.9237,-1,-1,-1
885,45,957.39,119.46,143.63,524.30,0.8629,-1,-1,-1
885,58,483.61,136.50,245.77,548.34,0.8012,-1,-1,-1
885,59,666.61,226.82,118.51,335.44,0.5413,-1,-1,-1
885,56,1173.92,199.17,117.80,365.81,0.8121,-1,-1,-1
886,48,781.99,148.15,172.18,475.55,0.9066,-1,-1,-1
886,53,-4.63,5.98,380.24,1060.37,0.8846,-1,-1,-1
886,45,955.27,118.55,142.01,518.75,0.8731,-1,-1,-1
886,58,465.02,133.38,247.48,559.61,0.7791,-1,-1,-1
886,56,1172.35,202.04,120.18,367.36,0.8297,-1,-1,-1
887,48,771.55,152.77,177.91,472.85,0.9172,-1,-1,-1
887,45,952.00,119.73,142.63,512.36,0.8859,-1,-1,-1
887,58,447.34,129.22,253.99,569.15,0.8513,-1,-1,-1
887,56,1169.96,204.18,117.69,367.93,0.8423,-1,-1,-1
888,48,769.57,154.25,172.62,472.13,0.9034,-1,-1,-1
888,45,935.96,118.01,153.70,510.14,0.8862,-1,-1,-1
888,58,430.33,120.84,260.91,581.26,0.8326,-1,-1,-1
888,56,1165.84,204.91,119.38,366.84,0.8284,-1,-1,-1
889,48,760.85,155.38,172.62,472.38,0.8667,-1,-1,-1
889,45,925.17,116.07,157.34,508.24,0.8773,-1,-1,-1
889,58,412.35,112.54,265.23,590.65,0.8779,-1,-1,-1
889,56,1162.90,204.72,119.23,368.27,0.8113,-1,-1,-1
890,48,743.37,160.19,173.99,474.88,0.8724,-1,-1,-1
890,45,901.69,117.24,160.55,511.61,0.8715,-1,-1,-1
890,58,388.89,106.79,261.22,603.63,0.8517,-1,-1,-1
890,56,1151.77,207.46,116.71,371.26,0.8179,-1,-1,-1
891,48,726.12,163.63,179.42,472.47,0.9092,-1,-1,-1
891,45,897.43,120.78,155.51,512.47,0.8863,-1,-1,-1
891,58,362.20,96.07,273.72,619.60,0.7976,-1,-1,-1
891,56,1142.02,208.96,117.37,373.79,0.8760,-1,-1,-1
892,48,714.14,166.69,176.72,469.57,0.9057,-1,-1,-1
892,45,883.27,122.50,161.03,514.83,0.9024,-1,-1,-1
892,58,340.12,88.46,280.73,632.90,0.8754,-1,-1,-1
892,56,1133.77,211.42,115.50,375.60,0.8571,-1,-1,-1
893,48,703.01,167.17,174.79,470.13,0.8682,-1,-1,-1
893,45,873.13,125.82,161.27,514.47,0.8945,-1,-1,-1
893,58,315.62,84.61,287.71,642.39,0.7750,-1,-1,-1
893,56,1124.41,214.38,116.93,378.98,0.8772,-1,-1,-1
894,48,692.87,169.33,173.33,473.18,0.9073,-1,-1,-1
894,45,864.05,130.63,158.43,518.29,0.8036,-1,-1,-1
894,58,296.35,82.53,295.19,655.03,0.8689,-1,-1,-1
894,56,1118.53,217.86,116.08,378.66,0.8681,-1,-1,-1
895,48,683.03,171.54,170.22,472.64,0.9180,-1,-1,-1
895,45,853.29,132.71,155.03,521.52,0.8106,-1,-1,-1
895,58,279.12,79.48,300.43,673.69,0.7638,-1,-1,-1
895,56,1111.27,221.07,119.65,378.59,0.8762,-1,-1,-1
896,48,672.52,171.36,172.06,467.29,0.8929,-1,-1,-1
896,45,836.55,135.42,169.04,522.39,0.8681,-1,-1,-1
896,58,260.40,76.53,297.74,685.86,0.8778,-1,-1,-1
896,56,1105.62,224.14,122.63,379.58,0.8112,-1,-1,-1
897,48,667.23,169.70,168.66,467.81,0.8610,-1,-1,-1
897,45,826.15,141.42,174.28,520.08,0.8688,-1,-1,-1
897,58,245.31,71.39,304.45,707.11,0.9058,-1,-1,-1
897,56,1099.90,226.74,124.22,379.68,0.8414,-1,-1,-1
898,48,665.13,169.28,166.14,469.69,0.8747,-1,-1,-1
898,45,825.14,145.87,175.80,520.49,0.8717,-1,-1,-1
898,58,232.76,66.67,312.49,731.77,0.9014,-1,-1,-1
898,56,1097.99,227.93,125.22,382.55,0.8576,-1,-1,-1
898,59,489.78,177.34,127.76,474.05,0.7132,-1,-1,-1
899,48,654.38,168.75,176.29,470.83,0.8020,-1,-1,-1
899,45,823.78,147.78,179.95,521.34,0.8734,-1,-1,-1
899,58,221.80,63.43,314.71,746.89,0.8334,-1,-1,-1
899,56,1097.44,230.37,124.59,381.75,0.8573,-1,-1,-1
899,59,481.48,177.03,130.88,485.11,0.5725,-1,-1,-1
900,48,658.25,167.90,171.86,479.11,0.8512,-1,-1,-1
900,45,827.03,150.62,178.20,518.39,0.8607,-1,-1,-1
900,58,215.14,58.57,300.37,760.40,0.7998,-1,-1,-1
900,56,1101.20,229.85,127.93,384.77,0.8683,-1,-1,-1
900,59,467.61,175.84,143.84,498.87,0.6440,-1,-1,-1
