1,1,117.91,157.61,80.11,170.96,0.8928,-1,-1,-1
1,2,16.80,148.38,73.86,190.81,0.8134,-1,-1,-1
2,1,119.42,156.40,81.29,172.48,0.8691,-1,-1,-1
2,2,18.59,146.41,73.49,192.74,0.7929,-1,-1,-1
3,1,124.60,154.45,70.53,175.58,0.8563,-1,-1,-1
3,2,22.78,141.52,73.68,198.40,0.7474,-1,-1,-1
4,1,129.84,154.10,78.72,178.93,0.9197,-1,-1,-1
4,2,28.07,143.48,72.38,198.63,0.6872,-1,-1,-1
5,1,135.75,155.50,85.74,180.27,0.7055,-1,-1,-1
5,2,35.12,146.53,73.21,200.03,0.8338,-1,-1,-1
6,1,141.20,154.50,87.18,183.81,0.8363,-1,-1,-1
6,2,35.80,145.09,78.23,204.00,0.8901,-1,-1,-1
7,1,144.60,151.88,88.22,187.15,0.8701,-1,-1,-1
7,2,38.78,140.73,77.56,208.83,0.8830,-1,-1,-1
7,3,226.38,197.36,24.95,66.74,0.7095,-1,-1,-1
7,4,274.13,198.53,26.00,63.36,0.7248,-1,-1,-1
8,1,151.98,152.72,89.12,190.32,0.9027,-1,-1,-1
8,2,43.41,140.28,78.18,213.22,0.8726,-1,-1,-1
8,3,234.57,200.34,24.71,65.50,0.8099,-1,-1,-1
8,4,281.99,200.50,25.49,64.64,0.6815,-1,-1,-1
9,1,156.52,151.66,88.61,193.75,0.8665,-1,-1,-1
9,2,47.68,139.11,77.94,215.26,0.8665,-1,-1,-1
9,3,240.30,202.18,25.39,63.84,0.6294,-1,-1,-1
9,4,287.90,199.39,25.43,66.32,0.8156,-1,-1,-1
10,1,164.52,148.27,89.23,197.80,0.8871,-1,-1,-1
10,2,50.07,135.24,83.90,220.56,0.8782,-1,-1,-1
10,3,250.38,197.37,25.51,68.11,0.7221,-1,-1,-1
10,4,297.03,200.55,25.14,64.78,0.6808,-1,-1,-1
11,1,170.74,147.12,89.38,200.84,0.8926,-1,-1,-1
11,2,54.32,134.67,85.35,222.68,0.9050,-1,-1,-1
11,3,256.64,198.56,24.57,67.15,0.5476,-1,-1,-1
11,4,304.18,200.40,23.49,65.39,0.7657,-1,-1,-1
12,1,181.69,147.98,91.69,205.00,0.8934,-1,-1,-1
12,2,63.85,131.81,84.94,231.33,0.9135,-1,-1,-1
12,3,269.17,199.75,24.81,68.78,0.7277,-1,-1,-1
13,1,184.37,147.29,95.84,207.90,0.8821,-1,-1,-1
13,2,66.91,138.36,86.20,226.70,0.8994,-1,-1,-1
13,3,275.08,198.93,24.59,69.42,0.5268,-1,-1,-1
14,1,196.95,144.79,95.14,211.82,0.8615,-1,-1,-1
14,2,80.67,130.41,83.12,236.16,0.8950,-1,-1,-1
14,3,287.12,201.71,23.65,65.33,0.7016,-1,-1,-1
15,1,208.58,144.68,95.38,216.19,0.5222,-1,-1,-1
15,2,86.14,135.43,85.65,234.88,0.8872,-1,-1,-1
15,3,297.34,202.51,23.18,66.42,0.6412,-1,-1,-1
15,7,181.96,197.64,29.11,70.88,0.7541,-1,-1,-1
15,4,346.22,204.87,26.25,64.78,0.7174,-1,-1,-1
16,1,212.10,141.66,97.88,219.06,0.8153,-1,-1,-1
16,2,81.27,126.06,93.56,243.98,0.8969,-1,-1,-1
16,3,301.63,197.20,23.37,69.16,0.7706,-1,-1,-1
16,7,185.70,193.51,30.03,71.66,0.7348,-1,-1,-1
16,4,350.58,198.76,27.87,68.43,0.5118,-1,-1,-1
17,1,213.87,139.70,104.47,223.38,0.7432,-1,-1,-1
17,2,83.71,123.73,93.78,247.81,0.8999,-1,-1,-1
17,3,305.82,195.31,23.72,70.10,0.6515,-1,-1,-1
17,7,189.09,192.62,28.99,71.57,0.7248,-1,-1,-1
18,1,216.38,138.21,108.57,229.12,0.8903,-1,-1,-1
18,2,83.89,123.95,96.25,252.30,0.9190,-1,-1,-1
18,3,311.18,194.75,22.71,71.29,0.8203,-1,-1,-1
19,1,216.98,133.43,110.89,234.19,0.9009,-1,-1,-1
19,2,81.02,118.99,98.08,256.97,0.9160,-1,-1,-1
19,3,310.71,192.08,25.02,71.27,0.7403,-1,-1,-1
19,7,193.95,192.20,28.89,70.35,0.6004,-1,-1,-1
20,1,214.60,129.70,113.17,239.72,0.9119,-1,-1,-1
20,2,76.62,114.18,99.39,263.65,0.9092,-1,-1,-1
21,1,213.73,127.58,115.87,246.29,0.9158,-1,-1,-1
21,2,72.88,109.23,101.88,272.50,0.9108,-1,-1,-1
21,7,192.46,187.26,28.00,73.71,0.6833,-1,-1,-1
22,1,214.71,123.38,117.70,252.31,0.9189,-1,-1,-1
22,2,69.13,104.14,105.41,279.43,0.8979,-1,-1,-1
23,1,216.38,124.85,118.31,258.79,0.9161,-1,-1,-1
23,2,68.27,105.21,107.21,288.73,0.9073,-1,-1,-1
23,7,198.15,190.18,26.41,73.28,0.6586,-1,-1,-1
24,1,219.08,122.54,118.12,265.01,0.8473,-1,-1,-1
24,2,65.52,103.74,111.48,294.44,0.8878,-1,-1,-1
25,1,227.43,121.41,113.32,272.97,0.9163,-1,-1,-1
25,2,62.30,103.35,115.69,302.80,0.9112,-1,-1,-1
26,1,229.31,117.72,112.57,280.35,0.9050,-1,-1,-1
26,2,58.54,100.71,118.26,309.83,0.9048,-1,-1,-1
27,1,234.65,113.31,111.78,287.73,0.9154,-1,-1,-1
27,2,55.83,95.98,121.38,318.15,0.9231,-1,-1,-1
28,1,239.61,110.83,111.27,294.64,0.9314,-1,-1,-1
28,2,54.64,93.81,123.69,325.36,0.9216,-1,-1,-1
29,1,235.98,105.00,120.75,300.49,0.9185,-1,-1,-1
29,2,51.90,86.63,127.69,336.37,0.9163,-1,-1,-1
30,1,234.93,103.06,124.19,308.10,0.9156,-1,-1,-1
30,2,48.40,83.61,131.29,345.13,0.9210,-1,-1,-1
31,1,243.04,98.78,121.95,318.88,0.9219,-1,-1,-1
31,2,44.13,79.99,137.66,353.79,0.9318,-1,-1,-1
32,1,252.46,95.96,121.94,328.91,0.9176,-1,-1,-1
32,2,44.84,77.67,140.48,363.13,0.9201,-1,-1,-1
32,4,408.12,190.76,25.73,75.46,0.7642,-1,-1,-1
33,1,260.45,89.46,125.85,339.61,0.8917,-1,-1,-1
33,2,52.26,70.80,139.63,372.88,0.9197,-1,-1,-1
33,4,418.54,188.33,26.22,75.36,0.7428,-1,-1,-1
33,3,360.79,186.66,26.91,75.26,0.7450,-1,-1,-1
34,1,269.48,88.78,129.98,350.02,0.9065,-1,-1,-1
34,2,58.92,70.46,140.99,380.48,0.9131,-1,-1,-1
34,4,426.48,188.35,26.70,78.10,0.7572,-1,-1,-1
34,3,368.88,187.77,28.84,76.19,0.7488,-1,-1,-1
35,1,273.11,88.23,141.96,359.94,0.8972,-1,-1,-1
35,2,65.07,70.47,141.34,387.43,0.9383,-1,-1,-1
35,4,435.46,190.43,27.92,78.53,0.7619,-1,-1,-1
35,3,377.81,189.70,28.22,76.81,0.8195,-1,-1,-1
36,1,275.76,81.55,156.37,369.93,0.9296,-1,-1,-1
36,2,71.91,63.45,145.50,397.86,0.9292,-1,-1,-1
36,4,447.42,188.79,27.94,78.52,0.7818,-1,-1,-1
36,3,388.35,188.24,27.97,76.55,0.6940,-1,-1,-1
37,1,274.82,78.69,164.49,378.62,0.9145,-1,-1,-1
37,2,71.92,61.03,148.61,405.04,0.9336,-1,-1,-1
37,4,452.11,189.61,27.21,78.79,0.7009,-1,-1,-1
37,3,391.90,188.87,28.21,76.35,0.7741,-1,-1,-1
38,1,278.97,76.48,173.56,388.99,0.9273,-1,-1,-1
38,2,71.41,58.71,153.07,415.42,0.9170,-1,-1,-1
38,4,457.44,190.24,27.88,80.32,0.8301,-1,-1,-1
38,3,397.62,193.24,29.01,73.97,0.5214,-1,-1,-1
39,1,283.39,70.19,178.67,399.69,0.9232,-1,-1,-1
39,2,69.73,53.53,157.52,423.95,0.9206,-1,-1,-1
39,4,460.55,187.39,31.46,81.76,0.7587,-1,-1,-1
39,3,402.89,194.10,27.66,71.50,0.6320,-1,-1,-1
40,1,285.48,66.82,186.02,411.01,0.9289,-1,-1,-1
40,2,68.08,52.60,161.97,428.93,0.9300,-1,-1,-1
40,4,465.04,188.65,31.62,83.08,0.7980,-1,-1,-1
40,3,408.42,198.52,25.18,70.60,0.5022,-1,-1,-1
41,1,288.47,63.39,191.28,418.06,0.9222,-1,-1,-1
41,2,64.34,49.21,165.82,433.29,0.9321,-1,-1,-1
41,4,468.02,189.06,32.28,59.99,0.6592,-1,-1,-1
41,8,182.89,62.35,58.59,201.35,0.6038,-1,-1,-1
42,1,283.24,56.54,198.54,424.98,0.9304,-1,-1,-1
42,2,52.34,42.32,171.92,439.24,0.9313,-1,-1,-1
42,4,464.87,187.66,33.84,43.19,0.5073,-1,-1,-1
42,8,176.49,59.59,61.03,202.79,0.5998,-1,-1,-1
43,1,281.28,53.42,205.52,429.20,0.9341,-1,-1,-1
43,2,46.81,37.40,174.87,444.59,0.9320,-1,-1,-1
43,4,464.93,189.74,30.95,33.66,0.5656,-1,-1,-1
44,1,281.41,50.25,210.66,432.43,0.9305,-1,-1,-1
44,2,43.31,32.05,178.45,449.65,0.9267,-1,-1,-1
45,1,283.22,46.32,214.79,435.21,0.9161,-1,-1,-1
45,2,41.24,27.31,180.16,452.61,0.9293,-1,-1,-1
46,1,279.17,43.08,223.25,438.79,0.9208,-1,-1,-1
46,2,36.07,21.17,184.77,459.32,0.9216,-1,-1,-1
46,8,174.63,45.38,62.13,208.80,0.6315,-1,-1,-1
47,1,282.54,38.26,224.79,443.14,0.9276,-1,-1,-1
47,2,32.70,15.34,187.55,464.58,0.9206,-1,-1,-1
47,8,174.74,41.49,62.40,211.33,0.6181,-1,-1,-1
48,1,286.16,32.42,227.43,448.84,0.9083,-1,-1,-1
48,2,30.23,11.23,193.00,469.28,0.9023,-1,-1,-1
48,8,176.83,38.85,63.18,212.71,0.5890,-1,-1,-1
49,1,286.10,29.06,232.39,450.26,0.9225,-1,-1,-1
49,2,27.26,9.42,198.20,471.15,0.9090,-1,-1,-1
49,8,176.68,37.40,64.25,215.27,0.6030,-1,-1,-1
50,1,285.09,23.94,236.39,455.95,0.9237,-1,-1,-1
50,2,20.75,5.41,204.25,475.00,0.9116,-1,-1,-1
50,8,174.72,34.29,65.89,230.12,0.7069,-1,-1,-1
51,1,285.72,20.72,239.93,459.23,0.9227,-1,-1,-1
51,2,20.23,1.80,204.59,478.13,0.9107,-1,-1,-1
51,8,174.68,32.30,68.93,237.52,0.7631,-1,-1,-1
52,1,288.64,16.90,243.76,462.30,0.9271,-1,-1,-1
52,2,17.19,-0.22,206.37,478.57,0.9055,-1,-1,-1
52,8,174.80,29.90,69.33,235.17,0.6304,-1,-1,-1
53,1,287.97,13.79,249.05,465.22,0.9227,-1,-1,-1
53,2,13.21,-1.43,211.00,480.86,0.8844,-1,-1,-1
53,8,173.89,28.09,70.14,234.42,0.6822,-1,-1,-1
54,1,289.46,11.91,251.40,468.30,0.9225,-1,-1,-1
54,2,11.62,-1.42,212.52,481.45,0.8518,-1,-1,-1
54,8,173.54,27.61,70.95,238.72,0.6494,-1,-1,-1
55,1,293.70,7.94,256.04,470.50,0.8978,-1,-1,-1
55,2,10.27,-2.02,215.16,481.93,0.8760,-1,-1,-1
55,8,175.34,25.20,71.37,246.70,0.5587,-1,-1,-1
56,1,294.66,5.44,259.39,474.41,0.8927,-1,-1,-1
56,2,9.68,-1.62,216.28,481.20,0.8567,-1,-1,-1
56,8,175.56,24.33,71.52,252.71,0.6279,-1,-1,-1
57,1,298.97,2.68,262.90,476.92,0.9234,-1,-1,-1
57,2,7.54,-1.50,219.71,480.30,0.8375,-1,-1,-1
57,8,175.83,22.69,73.51,275.89,0.6429,-1,-1,-1
58,1,301.65,2.01,265.72,478.56,0.9070,-1,-1,-1
58,2,7.24,-0.83,219.99,480.10,0.8519,-1,-1,-1
59,1,302.78,0.75,272.70,478.91,0.9041,-1,-1,-1
59,2,5.42,-0.95,223.04,480.22,0.8216,-1,-1,-1
59,8,177.17,21.02,75.84,320.09,0.6676,-1,-1,-1
60,1,303.11,-1.01,279.72,478.63,0.9052,-1,-1,-1
60,2,3.28,-1.26,225.65,480.36,0.7965,-1,-1,-1
61,1,305.96,-1.31,284.24,479.60,0.9043,-1,-1,-1
61,2,1.67,-0.70,226.25,480.35,0.8532,-1,-1,-1
62,1,310.29,-1.59,287.54,479.13,0.8547,-1,-1,-1
62,2,0.72,-0.34,226.76,477.74,0.8775,-1,-1,-1
62,8,177.78,17.70,78.28,398.17,0.8008,-1,-1,-1
63,1,312.19,-1.30,290.60,480.60,0.8748,-1,-1,-1
63,2,-0.23,0.53,227.44,476.46,0.8124,-1,-1,-1
63,8,177.54,16.44,79.15,409.41,0.7625,-1,-1,-1
64,1,316.52,-1.08,290.23,481.06,0.8822,-1,-1,-1
64,2,0.28,0.79,228.82,477.67,0.7849,-1,-1,-1
64,8,177.87,15.85,80.65,383.91,0.5496,-1,-1,-1
65,1,317.42,-0.91,291.19,481.14,0.8862,-1,-1,-1
65,2,-0.16,1.07,233.76,477.44,0.8015,-1,-1,-1
65,8,177.90,14.53,82.31,364.42,0.5044,-1,-1,-1
65,9,501.29,192.46,26.32,76.56,0.7310,-1,-1,-1
66,1,314.24,-0.79,295.96,481.09,0.8956,-1,-1,-1
66,2,-0.86,1.07,232.78,474.55,0.8584,-1,-1,-1
66,8,177.77,13.42,83.71,347.64,0.6751,-1,-1,-1
66,9,501.70,191.90,26.40,76.71,0.7847,-1,-1,-1
67,1,312.64,-0.56,300.43,480.99,0.8911,-1,-1,-1
67,2,-0.42,1.13,229.57,476.03,0.8330,-1,-1,-1
67,8,179.61,12.71,83.79,389.75,0.8310,-1,-1,-1
67,9,503.39,192.30,24.94,76.48,0.7518,-1,-1,-1
68,1,315.61,-0.44,299.93,480.89,0.9033,-1,-1,-1
68,2,-0.27,1.54,228.27,476.68,0.7556,-1,-1,-1
68,8,180.97,11.92,83.35,400.97,0.7366,-1,-1,-1
68,9,505.75,192.51,23.30,76.80,0.7156,-1,-1,-1
69,1,316.91,-0.36,298.55,480.79,0.8892,-1,-1,-1
69,2,-0.69,1.49,227.69,476.98,0.5256,-1,-1,-1
69,8,181.47,10.12,83.29,379.92,0.5055,-1,-1,-1
69,9,505.96,193.12,22.09,75.86,0.7430,-1,-1,-1
70,1,317.36,-0.22,298.36,480.69,0.8848,-1,-1,-1
70,2,-0.69,1.47,225.43,477.96,0.8343,-1,-1,-1
70,8,182.84,9.68,83.95,412.27,0.8535,-1,-1,-1
70,9,506.41,193.04,22.37,75.99,0.7297,-1,-1,-1
71,1,317.48,-0.19,297.82,479.77,0.8447,-1,-1,-1
71,2,-0.62,1.38,224.04,478.68,0.6561,-1,-1,-1
71,8,183.74,8.81,84.86,425.32,0.8578,-1,-1,-1
71,9,506.65,193.12,22.33,75.25,0.6987,-1,-1,-1
72,1,316.46,-0.02,299.63,479.62,0.8557,-1,-1,-1
72,2,-0.32,1.32,223.83,478.93,0.8603,-1,-1,-1
72,8,184.72,8.35,85.48,429.97,0.8597,-1,-1,-1
72,9,507.07,192.92,22.39,76.08,0.7151,-1,-1,-1
72,10,291.22,176.72,30.91,85.10,0.7354,-1,-1,-1
73,1,314.34,-0.06,301.36,480.13,0.8782,-1,-1,-1
73,2,-0.40,1.26,223.78,478.73,0.8614,-1,-1,-1
73,8,184.92,9.66,87.57,428.43,0.8663,-1,-1,-1
73,9,506.08,192.24,22.90,77.63,0.6287,-1,-1,-1
73,10,290.58,176.97,30.61,84.05,0.6863,-1,-1,-1
74,1,313.26,-0.11,300.36,479.72,0.8381,-1,-1,-1
74,2,-0.40,1.16,223.94,477.90,0.7878,-1,-1,-1
74,8,184.98,9.11,89.33,427.95,0.8773,-1,-1,-1
74,9,505.37,192.73,22.61,76.58,0.6720,-1,-1,-1
74,10,290.68,177.07,30.10,83.24,0.6015,-1,-1,-1
75,1,308.95,-0.12,298.95,477.89,0.8513,-1,-1,-1
75,2,-0.17,1.25,224.19,477.94,0.8231,-1,-1,-1
75,8,186.22,9.28,89.76,427.01,0.8805,-1,-1,-1
75,10,290.66,177.19,30.65,83.04,0.6519,-1,-1,-1
76,1,306.29,-0.34,298.96,478.31,0.8902,-1,-1,-1
76,2,-0.17,1.00,224.11,477.97,0.8045,-1,-1,-1
76,8,186.55,9.30,90.17,426.52,0.8937,-1,-1,-1
76,10,290.49,176.93,30.21,81.97,0.7049,-1,-1,-1
77,1,304.25,-0.33,297.28,477.73,0.8999,-1,-1,-1
77,2,0.30,0.92,224.14,477.78,0.7980,-1,-1,-1
77,8,187.13,9.00,90.07,424.38,0.8812,-1,-1,-1
77,10,290.24,176.77,31.58,81.78,0.7224,-1,-1,-1
78,1,302.14,-0.25,298.08,477.23,0.9044,-1,-1,-1
78,2,0.59,0.84,223.86,478.73,0.8027,-1,-1,-1
78,8,188.41,8.47,88.25,424.19,0.8795,-1,-1,-1
78,10,289.98,177.14,31.02,81.11,0.5206,-1,-1,-1
79,1,301.21,-0.24,294.29,479.12,0.8901,-1,-1,-1
79,2,0.47,0.86,224.28,479.00,0.8157,-1,-1,-1
79,8,188.42,8.97,86.52,423.61,0.8722,-1,-1,-1
80,1,307.76,-0.29,284.15,479.72,0.8857,-1,-1,-1
80,2,0.44,0.85,224.68,479.02,0.8550,-1,-1,-1
80,8,188.47,9.71,85.72,422.35,0.8560,-1,-1,-1
81,1,309.69,-0.12,279.47,479.72,0.9020,-1,-1,-1
81,2,0.62,0.90,226.70,478.59,0.8426,-1,-1,-1
81,8,189.24,10.62,83.90,411.95,0.6996,-1,-1,-1
82,1,312.71,0.18,275.66,479.77,0.8945,-1,-1,-1
82,2,0.44,1.12,229.91,477.10,0.8286,-1,-1,-1
82,8,189.19,11.53,82.64,393.98,0.7111,-1,-1,-1
83,1,310.54,0.19,277.93,478.03,0.9114,-1,-1,-1
83,2,0.23,1.33,227.57,477.43,0.8145,-1,-1,-1
83,8,187.88,12.80,83.60,412.15,0.8412,-1,-1,-1
84,1,306.44,0.28,280.87,477.08,0.9096,-1,-1,-1
84,2,-0.38,1.26,226.30,476.76,0.7861,-1,-1,-1
84,8,184.46,12.07,85.63,420.01,0.8264,-1,-1,-1
85,1,307.03,0.50,280.84,476.90,0.9113,-1,-1,-1
85,2,0.07,1.77,229.42,473.05,0.7860,-1,-1,-1
85,8,182.72,13.80,84.80,418.78,0.8018,-1,-1,-1
86,1,307.12,0.74,279.89,477.56,0.9021,-1,-1,-1
86,2,0.12,1.76,229.66,475.16,0.7606,-1,-1,-1
86,8,179.07,16.51,84.70,419.25,0.7837,-1,-1,-1
87,1,308.28,0.05,279.67,479.18,0.9065,-1,-1,-1
87,2,-0.35,1.22,231.51,475.05,0.7339,-1,-1,-1
87,9,503.41,192.87,23.78,75.89,0.7471,-1,-1,-1
88,1,307.45,0.43,281.40,479.55,0.9079,-1,-1,-1
88,2,0.09,1.83,229.00,475.42,0.8293,-1,-1,-1
88,9,504.80,193.12,23.51,77.09,0.6204,-1,-1,-1
88,8,174.95,21.30,82.82,411.49,0.8159,-1,-1,-1
89,1,310.20,0.02,278.87,479.68,0.9055,-1,-1,-1
89,2,0.06,1.53,227.99,476.32,0.8236,-1,-1,-1
89,9,505.60,192.49,22.52,77.36,0.5923,-1,-1,-1
89,8,172.60,22.75,83.82,406.63,0.7898,-1,-1,-1
90,1,309.05,-0.14,279.74,479.18,0.9051,-1,-1,-1
90,2,-0.10,1.25,225.61,477.13,0.7984,-1,-1,-1
90,8,169.42,23.49,86.57,404.18,0.7820,-1,-1,-1
91,1,308.61,-0.09,279.67,478.72,0.8899,-1,-1,-1
91,2,-0.11,1.19,224.28,477.32,0.8133,-1,-1,-1
91,8,167.80,23.79,89.07,397.16,0.7813,-1,-1,-1
92,1,306.28,0.15,281.97,477.01,0.9152,-1,-1,-1
92,2,0.27,1.41,230.67,476.35,0.7977,-1,-1,-1
92,8,166.91,24.61,92.30,398.06,0.7058,-1,-1,-1
93,1,305.94,0.01,279.66,476.74,0.8964,-1,-1,-1
93,2,0.05,1.36,226.26,475.40,0.8677,-1,-1,-1
93,8,166.79,24.56,100.47,404.71,0.7991,-1,-1,-1
94,1,306.49,-0.19,279.69,476.20,0.9021,-1,-1,-1
94,2,0.40,1.10,223.57,476.69,0.8607,-1,-1,-1
94,8,167.49,24.39,104.09,407.23,0.8198,-1,-1,-1
95,1,307.17,-0.17,277.80,476.75,0.9210,-1,-1,-1
95,2,0.54,1.17,223.42,475.50,0.8803,-1,-1,-1
96,1,306.58,-0.10,276.80,476.44,0.9210,-1,-1,-1
96,2,0.25,1.40,223.30,474.65,0.8449,-1,-1,-1
96,8,171.92,22.86,100.72,409.93,0.8018,-1,-1,-1
97,1,307.35,0.21,276.97,476.52,0.9170,-1,-1,-1
97,2,0.29,1.78,222.96,472.94,0.8757,-1,-1,-1
97,8,175.13,21.66,97.46,412.67,0.8378,-1,-1,-1
97,10,300.75,179.90,25.94,77.70,0.6698,-1,-1,-1
98,1,308.59,0.09,276.66,477.25,0.9197,-1,-1,-1
98,2,0.66,1.40,222.92,473.07,0.8652,-1,-1,-1
98,8,180.51,20.47,93.22,412.56,0.8577,-1,-1,-1
98,10,301.45,178.72,25.04,79.19,0.6889,-1,-1,-1
99,1,309.01,0.12,276.33,477.28,0.9195,-1,-1,-1
99,2,0.48,1.16,222.82,474.33,0.8714,-1,-1,-1
99,8,183.79,20.56,91.55,412.28,0.8705,-1,-1,-1
99,10,301.08,178.06,25.23,80.34,0.6272,-1,-1,-1
100,1,309.51,-0.04,275.32,476.84,0.9203,-1,-1,-1
100,2,0.32,0.93,222.16,475.29,0.8741,-1,-1,-1
100,8,186.18,18.50,90.76,413.49,0.8743,-1,-1,-1
100,10,300.86,178.30,25.96,80.02,0.7090,-1,-1,-1
100,9,505.78,192.11,22.03,76.20,0.6248,-1,-1,-1
101,1,310.25,0.06,275.40,476.62,0.9206,-1,-1,-1
101,2,0.59,0.88,222.06,475.57,0.8608,-1,-1,-1
101,8,189.02,17.66,91.50,413.56,0.8645,-1,-1,-1
101,10,300.79,178.03,25.57,81.62,0.5639,-1,-1,-1
102,1,312.27,-0.01,273.14,477.11,0.9113,-1,-1,-1
102,2,0.38,0.71,222.11,476.02,0.8543,-1,-1,-1
102,8,189.75,16.98,92.95,414.47,0.8588,-1,-1,-1
103,1,313.36,0.05,272.93,477.36,0.9155,-1,-1,-1
103,2,0.39,0.85,222.20,476.58,0.8545,-1,-1,-1
103,8,190.89,17.05,93.40,413.79,0.8642,-1,-1,-1
104,1,314.33,0.04,274.12,477.17,0.9180,-1,-1,-1
104,2,0.23,0.72,222.73,477.11,0.8753,-1,-1,-1
104,8,191.91,17.23,91.20,412.84,0.8615,-1,-1,-1
105,1,314.26,-0.02,274.50,477.14,0.9083,-1,-1,-1
105,2,-0.07,0.43,223.16,477.26,0.8361,-1,-1,-1
105,8,192.08,17.18,89.53,412.34,0.8606,-1,-1,-1
106,1,314.61,-0.08,275.84,477.11,0.9030,-1,-1,-1
106,2,0.04,0.26,223.62,477.76,0.8645,-1,-1,-1
106,8,192.46,17.00,87.06,413.86,0.8548,-1,-1,-1
106,10,300.67,178.54,24.75,82.70,0.7461,-1,-1,-1
107,1,313.78,0.02,278.90,477.73,0.8978,-1,-1,-1
107,2,-0.04,0.20,224.71,478.27,0.8755,-1,-1,-1
107,8,192.02,17.36,86.46,413.51,0.8503,-1,-1,-1
107,10,300.57,178.40,24.88,82.47,0.7030,-1,-1,-1
108,1,312.32,-0.14,283.25,476.92,0.9061,-1,-1,-1
108,2,-0.21,-0.10,225.57,477.96,0.8821,-1,-1,-1
108,8,191.10,16.73,86.52,413.84,0.8542,-1,-1,-1
108,10,300.53,178.38,24.68,81.72,0.7131,-1,-1,-1
109,1,313.14,-0.03,284.27,474.70,0.8614,-1,-1,-1
109,2,-0.42,-0.04,225.05,478.60,0.8829,-1,-1,-1
109,8,189.69,17.03,87.94,414.85,0.8586,-1,-1,-1
109,10,300.30,178.18,24.35,82.33,0.6733,-1,-1,-1
110,1,312.61,-0.07,287.60,476.87,0.8173,-1,-1,-1
110,2,-0.42,-0.09,224.10,478.35,0.9179,-1,-1,-1
110,8,188.24,17.07,90.45,414.75,0.8636,-1,-1,-1
110,10,299.73,177.79,24.88,82.61,0.5456,-1,-1,-1
111,1,312.01,0.06,289.19,476.32,0.8358,-1,-1,-1
111,2,-0.36,0.03,223.27,478.91,0.9038,-1,-1,-1
111,8,187.44,17.40,92.61,414.46,0.8688,-1,-1,-1
112,1,312.82,0.22,288.01,478.73,0.8429,-1,-1,-1
112,2,-0.28,0.18,223.13,479.07,0.9142,-1,-1,-1
112,8,187.12,17.58,95.10,414.09,0.8669,-1,-1,-1
113,1,310.73,0.49,287.44,479.26,0.8570,-1,-1,-1
113,2,-0.28,0.27,223.01,478.94,0.9078,-1,-1,-1
113,8,186.52,18.42,95.27,416.62,0.8603,-1,-1,-1
114,1,309.92,0.28,287.75,478.38,0.9029,-1,-1,-1
114,2,-0.09,0.18,222.51,478.64,0.8917,-1,-1,-1
114,8,186.26,19.56,95.84,416.12,0.8561,-1,-1,-1
115,1,309.00,0.10,286.31,477.63,0.8972,-1,-1,-1
115,2,0.00,0.05,222.51,478.83,0.8987,-1,-1,-1
115,8,187.17,19.76,95.90,415.10,0.8697,-1,-1,-1
116,1,306.18,-0.02,286.59,476.54,0.9344,-1,-1,-1
116,2,0.21,-0.05,222.01,478.57,0.8759,-1,-1,-1
116,8,189.85,20.14,94.60,413.92,0.8709,-1,-1,-1
117,1,305.99,-0.17,283.30,475.20,0.8907,-1,-1,-1
117,2,0.05,-0.19,222.84,478.31,0.8559,-1,-1,-1
117,8,191.23,19.83,95.60,414.08,0.8531,-1,-1,-1
118,1,303.64,0.03,281.46,472.96,0.9213,-1,-1,-1
118,2,0.00,0.00,224.37,478.62,0.8544,-1,-1,-1
118,8,192.85,19.89,94.50,414.05,0.8592,-1,-1,-1
119,1,302.50,0.14,281.24,476.54,0.9292,-1,-1,-1
119,2,0.37,0.35,227.49,479.33,0.8889,-1,-1,-1
119,8,196.42,20.45,92.34,412.77,0.8337,-1,-1,-1
119,9,499.01,193.30,29.35,78.17,0.7954,-1,-1,-1
120,1,301.80,0.12,281.56,478.00,0.9284,-1,-1,-1
120,2,0.46,0.57,230.69,479.45,0.8938,-1,-1,-1
120,8,199.52,20.94,89.82,412.69,0.8185,-1,-1,-1
120,9,499.19,193.25,29.30,78.74,0.8096,-1,-1,-1
121,1,302.91,0.02,281.15,476.96,0.8913,-1,-1,-1
121,2,0.57,0.53,234.90,479.50,0.9012,-1,-1,-1
121,8,200.52,21.03,88.82,414.40,0.8548,-1,-1,-1
121,9,499.24,192.85,29.71,79.43,0.7685,-1,-1,-1
122,1,305.42,-0.05,279.76,477.12,0.8972,-1,-1,-1
122,2,1.01,0.25,239.01,479.76,0.8837,-1,-1,-1
122,8,202.22,21.85,85.25,411.42,0.6565,-1,-1,-1
122,9,499.50,193.52,29.48,78.54,0.7656,-1,-1,-1
123,1,303.67,-0.14,281.80,476.78,0.9146,-1,-1,-1
123,2,1.05,0.77,242.75,479.16,0.9020,-1,-1,-1
123,8,202.17,21.92,85.09,409.83,0.8419,-1,-1,-1
123,9,499.60,193.78,30.04,78.10,0.7782,-1,-1,-1
124,1,304.52,-0.09,280.73,476.16,0.9204,-1,-1,-1
124,2,1.08,0.89,245.84,478.32,0.9003,-1,-1,-1
124,8,202.99,22.44,83.21,407.94,0.8624,-1,-1,-1
124,9,499.91,193.99,29.73,78.01,0.7535,-1,-1,-1
125,1,304.63,0.18,279.13,475.71,0.8670,-1,-1,-1
125,2,0.92,0.84,248.56,477.90,0.8893,-1,-1,-1
125,8,203.52,22.76,81.80,405.93,0.8635,-1,-1,-1
125,9,500.62,193.64,28.80,77.82,0.7383,-1,-1,-1
126,1,304.58,0.44,277.90,475.98,0.8992,-1,-1,-1
126,2,0.40,0.75,250.84,472.68,0.8258,-1,-1,-1
126,8,203.92,22.75,80.56,405.23,0.8243,-1,-1,-1
126,9,500.80,193.85,28.00,77.88,0.7284,-1,-1,-1
127,1,306.26,0.13,277.24,475.06,0.9026,-1,-1,-1
127,2,1.10,0.86,249.61,476.62,0.8651,-1,-1,-1
127,8,205.34,22.89,79.04,405.10,0.8395,-1,-1,-1
127,9,502.06,193.30,27.19,77.75,0.7019,-1,-1,-1
128,1,306.00,0.11,278.08,474.58,0.9019,-1,-1,-1
128,2,0.77,0.94,251.58,476.40,0.8590,-1,-1,-1
128,8,205.55,22.75,79.12,404.29,0.7615,-1,-1,-1
128,9,502.45,193.82,26.52,77.01,0.7010,-1,-1,-1
129,1,306.74,0.10,276.98,474.79,0.8981,-1,-1,-1
129,2,0.62,0.96,251.93,475.83,0.8799,-1,-1,-1
129,8,205.35,22.89,79.49,404.03,0.7754,-1,-1,-1
129,9,502.51,193.93,26.31,77.12,0.6931,-1,-1,-1
130,1,305.96,0.17,277.14,474.95,0.9226,-1,-1,-1
130,2,1.89,0.99,249.04,475.65,0.8621,-1,-1,-1
130,8,205.34,23.56,79.31,403.95,0.8164,-1,-1,-1
130,9,503.31,193.70,26.26,77.09,0.6850,-1,-1,-1
131,1,305.78,0.13,277.29,475.03,0.9041,-1,-1,-1
131,2,8.95,0.95,240.49,474.34,0.8497,-1,-1,-1
131,8,204.38,23.50,79.88,403.96,0.8301,-1,-1,-1
131,9,502.11,193.61,27.13,77.51,0.7402,-1,-1,-1
132,1,306.46,0.16,275.42,475.28,0.9098,-1,-1,-1
132,2,10.49,0.79,237.65,472.23,0.8458,-1,-1,-1
132,8,202.51,22.83,81.04,406.02,0.7749,-1,-1,-1
132,9,501.94,193.02,27.19,77.71,0.7433,-1,-1,-1
133,1,305.94,0.22,274.04,475.76,0.9226,-1,-1,-1
133,2,9.38,0.64,237.15,473.93,0.8778,-1,-1,-1
133,8,201.27,23.23,82.34,406.00,0.8411,-1,-1,-1
133,9,501.67,192.84,27.68,78.31,0.6972,-1,-1,-1
134,1,304.97,0.48,272.11,475.91,0.9182,-1,-1,-1
134,2,9.66,0.62,235.17,476.17,0.8921,-1,-1,-1
134,8,200.48,23.56,82.37,405.69,0.8678,-1,-1,-1
134,9,500.91,192.62,28.28,79.12,0.7434,-1,-1,-1
134,10,294.72,178.65,31.17,79.96,0.6282,-1,-1,-1
135,1,305.69,0.21,270.67,476.12,0.9010,-1,-1,-1
135,2,8.07,0.75,234.79,477.21,0.9199,-1,-1,-1
135,8,200.90,23.30,82.25,407.09,0.8776,-1,-1,-1
135,9,500.52,192.65,27.93,79.13,0.7343,-1,-1,-1
135,10,294.30,177.88,31.14,81.08,0.5466,-1,-1,-1
136,1,305.27,0.03,270.78,475.92,0.9046,-1,-1,-1
136,2,6.20,0.80,232.44,477.36,0.8880,-1,-1,-1
136,8,199.46,23.45,83.64,407.09,0.8680,-1,-1,-1
136,9,500.23,192.38,28.08,79.49,0.7407,-1,-1,-1
137,1,305.25,-0.07,271.04,476.06,0.9032,-1,-1,-1
137,2,6.11,0.74,227.54,478.01,0.8897,-1,-1,-1
137,8,195.96,23.32,87.18,405.89,0.8704,-1,-1,-1
137,9,500.44,192.70,27.87,79.04,0.7101,-1,-1,-1
138,1,303.81,-0.08,272.37,475.76,0.7444,-1,-1,-1
138,2,5.14,0.46,223.90,478.09,0.8854,-1,-1,-1
138,8,192.09,22.99,90.92,407.45,0.8725,-1,-1,-1
138,9,501.05,192.59,27.53,79.04,0.6816,-1,-1,-1
138,10,291.87,178.13,34.17,81.01,0.6594,-1,-1,-1
139,1,304.08,-0.04,273.31,476.16,0.9256,-1,-1,-1
139,2,4.01,0.42,223.12,477.82,0.8926,-1,-1,-1
139,8,190.25,22.67,93.18,407.83,0.8713,-1,-1,-1
139,9,501.67,193.05,27.42,78.33,0.6655,-1,-1,-1
139,10,291.04,178.01,35.43,81.10,0.7240,-1,-1,-1
140,1,304.22,0.00,274.77,475.35,0.9210,-1,-1,-1
140,2,2.82,0.19,221.22,477.76,0.8824,-1,-1,-1
140,8,188.92,22.43,94.81,407.77,0.8767,-1,-1,-1
140,9,502.21,192.61,27.56,78.50,0.6548,-1,-1,-1
140,10,291.37,177.12,34.04,81.95,0.6812,-1,-1,-1
141,1,303.66,-0.02,276.37,474.76,0.9250,-1,-1,-1
141,2,1.97,0.25,218.82,478.03,0.8800,-1,-1,-1
141,8,187.25,21.42,96.69,409.03,0.8798,-1,-1,-1
141,9,501.96,192.61,27.26,78.02,0.6959,-1,-1,-1
141,10,292.00,177.99,33.47,80.85,0.5359,-1,-1,-1
142,1,303.38,0.02,278.21,474.63,0.9276,-1,-1,-1
142,2,1.35,0.38,216.89,479.04,0.9028,-1,-1,-1
142,8,186.75,20.94,97.33,410.52,0.8777,-1,-1,-1
142,9,502.33,192.14,27.01,78.74,0.6706,-1,-1,-1
142,10,293.26,178.08,30.67,80.52,0.5053,-1,-1,-1
143,1,304.06,-0.07,279.58,474.22,0.9247,-1,-1,-1
143,2,0.48,0.38,216.65,479.41,0.9144,-1,-1,-1
143,8,184.98,20.49,99.29,412.19,0.8813,-1,-1,-1
143,9,503.55,191.76,25.11,78.49,0.6972,-1,-1,-1
143,10,291.69,177.93,32.56,81.19,0.6582,-1,-1,-1
144,1,303.83,-0.10,283.08,475.34,0.9227,-1,-1,-1
144,2,-0.02,0.50,216.89,478.86,0.9193,-1,-1,-1
144,8,184.15,20.40,100.15,412.86,0.8843,-1,-1,-1
144,9,504.22,191.11,23.81,78.75,0.6532,-1,-1,-1
144,10,291.92,177.95,31.29,80.71,0.6705,-1,-1,-1
145,1,305.61,-0.04,287.95,475.41,0.9045,-1,-1,-1
145,2,-0.33,0.62,215.96,477.81,0.9232,-1,-1,-1
145,8,182.06,20.32,102.06,412.69,0.8810,-1,-1,-1
145,9,505.14,191.54,22.96,78.21,0.6297,-1,-1,-1
145,10,292.86,178.29,29.72,80.51,0.6690,-1,-1,-1
146,1,307.93,0.03,287.41,475.29,0.8526,-1,-1,-1
146,2,-0.16,0.99,215.76,477.26,0.9146,-1,-1,-1
146,8,181.62,20.48,102.78,412.81,0.8760,-1,-1,-1
146,10,293.22,178.06,28.92,81.22,0.6523,-1,-1,-1
147,1,318.59,-0.09,284.57,476.32,0.8518,-1,-1,-1
147,2,0.08,0.86,216.25,476.89,0.9104,-1,-1,-1
147,8,182.25,20.30,102.18,413.01,0.8716,-1,-1,-1
148,1,317.23,-0.04,291.08,476.42,0.8649,-1,-1,-1
148,2,1.11,0.88,217.07,477.03,0.8742,-1,-1,-1
148,8,184.59,20.34,100.03,412.22,0.8707,-1,-1,-1
149,1,316.70,-0.04,295.16,476.95,0.8928,-1,-1,-1
149,2,1.75,1.08,220.37,476.82,0.8904,-1,-1,-1
149,8,187.53,20.59,96.92,410.87,0.8749,-1,-1,-1
150,1,316.20,0.09,298.10,478.18,0.8821,-1,-1,-1
150,2,2.47,1.28,223.19,476.87,0.8829,-1,-1,-1
150,8,189.59,21.03,95.06,410.15,0.8777,-1,-1,-1
151,1,316.85,0.06,296.68,478.82,0.8487,-1,-1,-1
151,2,4.15,0.87,224.19,476.93,0.8764,-1,-1,-1
151,8,191.61,21.23,92.69,412.43,0.8717,-1,-1,-1
152,1,316.92,-0.01,291.23,478.18,0.8278,-1,-1,-1
152,2,6.78,0.66,223.70,476.32,0.9022,-1,-1,-1
152,8,192.53,20.97,91.11,411.49,0.8740,-1,-1,-1
153,1,313.60,-0.05,291.45,476.25,0.8432,-1,-1,-1
153,2,8.34,0.78,224.87,475.03,0.8817,-1,-1,-1
153,8,192.42,20.90,91.23,407.29,0.7873,-1,-1,-1
154,1,308.44,-0.01,292.81,478.54,0.8601,-1,-1,-1
154,2,6.85,0.73,226.90,475.58,0.8891,-1,-1,-1
154,8,192.16,20.89,91.20,409.50,0.8733,-1,-1,-1
154,9,503.04,188.70,25.95,79.42,0.7870,-1,-1,-1
155,1,306.24,0.16,289.22,478.80,0.8839,-1,-1,-1
155,2,7.89,1.05,226.13,476.28,0.8965,-1,-1,-1
155,8,192.02,21.41,90.82,411.13,0.8496,-1,-1,-1
155,9,501.18,191.44,27.10,77.19,0.7311,-1,-1,-1
156,1,304.91,0.22,281.91,479.30,0.9221,-1,-1,-1
156,2,6.91,1.01,227.67,476.18,0.9131,-1,-1,-1
156,9,499.47,193.93,27.83,75.09,0.6688,-1,-1,-1
157,1,303.27,0.16,269.04,479.84,0.9326,-1,-1,-1
157,2,7.25,0.84,227.06,475.51,0.8888,-1,-1,-1
157,9,498.25,194.42,28.92,75.91,0.6713,-1,-1,-1
157,8,190.13,20.69,90.95,409.41,0.7564,-1,-1,-1
158,1,303.43,0.05,243.40,478.43,0.9353,-1,-1,-1
158,2,6.52,0.58,225.85,475.95,0.8864,-1,-1,-1
158,9,497.51,195.60,29.59,74.86,0.6023,-1,-1,-1
158,8,189.93,19.44,90.47,416.19,0.8782,-1,-1,-1
159,1,300.93,0.37,224.70,476.53,0.9295,-1,-1,-1
159,2,5.16,0.52,226.53,476.29,0.8485,-1,-1,-1
159,9,496.69,188.15,30.85,83.50,0.7924,-1,-1,-1
159,8,189.85,18.69,91.84,416.72,0.8723,-1,-1,-1
160,1,301.49,0.76,205.77,474.92,0.9376,-1,-1,-1
160,2,1.76,1.00,228.78,476.88,0.8637,-1,-1,-1
160,9,495.84,186.12,31.92,85.90,0.8017,-1,-1,-1
160,8,188.93,18.57,92.19,415.38,0.8786,-1,-1,-1
161,1,296.30,0.35,204.34,477.02,0.9136,-1,-1,-1
161,2,0.36,0.73,228.89,477.76,0.7643,-1,-1,-1
161,9,495.19,185.77,32.35,86.14,0.7825,-1,-1,-1
161,8,187.98,17.62,92.49,416.47,0.8798,-1,-1,-1
162,1,291.81,0.35,208.12,475.45,0.9151,-1,-1,-1
162,2,0.78,0.56,229.24,477.53,0.7995,-1,-1,-1
162,9,496.46,184.40,32.36,87.60,0.8089,-1,-1,-1
162,8,187.69,15.83,94.51,419.70,0.8718,-1,-1,-1
163,1,288.21,0.56,211.03,476.45,0.8907,-1,-1,-1
163,2,0.16,0.46,228.82,477.58,0.8404,-1,-1,-1
163,9,496.34,184.01,33.31,88.23,0.8041,-1,-1,-1
163,8,186.78,15.34,94.82,422.85,0.8716,-1,-1,-1
164,1,287.63,0.43,210.91,476.97,0.8803,-1,-1,-1
164,2,-0.23,0.04,226.71,478.49,0.8006,-1,-1,-1
164,9,495.57,182.87,32.94,89.39,0.8068,-1,-1,-1
164,8,185.16,13.71,95.55,426.06,0.8570,-1,-1,-1
165,1,292.22,0.69,207.24,477.30,0.9089,-1,-1,-1
165,2,-0.07,0.40,225.08,476.28,0.8264,-1,-1,-1
165,9,496.02,183.12,33.18,89.49,0.7996,-1,-1,-1
165,8,185.70,13.22,95.05,427.51,0.8660,-1,-1,-1
166,1,294.85,0.47,205.90,477.31,0.9182,-1,-1,-1
166,2,0.15,0.02,223.93,476.24,0.7893,-1,-1,-1
166,9,496.48,182.53,33.05,89.58,0.8115,-1,-1,-1
166,8,184.76,11.74,96.11,429.91,0.8586,-1,-1,-1
167,1,294.49,0.83,205.93,476.97,0.9097,-1,-1,-1
167,2,-0.37,0.54,222.33,473.65,0.7614,-1,-1,-1
167,9,495.74,183.33,33.64,89.11,0.8018,-1,-1,-1
167,8,182.90,10.75,96.74,434.42,0.8386,-1,-1,-1
168,1,293.79,1.09,206.43,476.47,0.8991,-1,-1,-1
168,2,-0.30,0.46,221.45,473.98,0.8043,-1,-1,-1
168,9,495.66,182.81,33.97,89.48,0.7980,-1,-1,-1
168,8,182.64,10.02,96.32,435.41,0.8741,-1,-1,-1
169,1,288.16,1.44,212.21,475.98,0.8739,-1,-1,-1
169,2,-0.06,0.55,221.00,473.87,0.7562,-1,-1,-1
169,9,496.13,183.61,33.56,89.29,0.8171,-1,-1,-1
169,8,182.63,9.99,96.63,436.53,0.8671,-1,-1,-1
170,1,281.81,1.35,218.10,475.50,0.8679,-1,-1,-1
170,2,-0.29,0.35,220.39,472.25,0.7744,-1,-1,-1
170,9,495.97,183.06,33.64,89.71,0.7996,-1,-1,-1
170,8,182.10,9.64,96.97,438.40,0.8701,-1,-1,-1
171,1,279.94,1.16,220.03,474.84,0.8851,-1,-1,-1
171,2,-0.23,0.21,219.62,473.20,0.8008,-1,-1,-1
171,8,181.72,9.44,97.42,439.95,0.8837,-1,-1,-1
172,1,280.80,1.04,219.53,475.23,0.8794,-1,-1,-1
172,2,0.01,0.14,219.16,474.79,0.8601,-1,-1,-1
172,8,181.98,9.17,97.38,440.51,0.8775,-1,-1,-1
173,1,282.33,0.97,217.53,476.17,0.8742,-1,-1,-1
173,2,0.15,0.12,218.97,476.17,0.8297,-1,-1,-1
174,1,282.42,1.01,216.63,477.24,0.8748,-1,-1,-1
174,2,-0.08,0.04,218.71,476.19,0.8534,-1,-1,-1
174,8,181.16,9.47,97.96,437.58,0.8864,-1,-1,-1
175,1,276.24,1.42,222.22,478.16,0.8467,-1,-1,-1
175,2,-0.11,0.26,218.58,476.80,0.8607,-1,-1,-1
175,8,180.09,10.40,99.33,442.20,0.8855,-1,-1,-1
176,1,280.95,1.22,218.24,478.00,0.8876,-1,-1,-1
176,2,0.22,0.01,218.65,477.44,0.8216,-1,-1,-1
176,8,180.47,11.25,99.95,440.18,0.8783,-1,-1,-1
177,1,281.93,0.84,217.13,476.38,0.8837,-1,-1,-1
177,2,0.00,-0.22,218.43,477.66,0.8387,-1,-1,-1
177,8,180.58,11.17,98.91,441.34,0.8671,-1,-1,-1
178,1,281.50,0.97,219.23,476.14,0.8986,-1,-1,-1
178,2,-0.00,-0.23,218.31,477.71,0.8387,-1,-1,-1
178,8,180.22,10.63,99.64,439.54,0.8799,-1,-1,-1
178,9,495.78,183.36,34.51,89.35,0.8073,-1,-1,-1
179,1,267.00,1.15,233.31,477.78,0.7982,-1,-1,-1
179,2,0.26,-0.06,217.99,477.52,0.8243,-1,-1,-1
179,8,180.80,11.02,98.87,440.79,0.8775,-1,-1,-1
179,9,496.29,183.40,33.99,89.39,0.8246,-1,-1,-1
180,1,277.43,1.25,223.80,476.04,0.8824,-1,-1,-1
180,8,180.87,11.01,98.99,439.12,0.8698,-1,-1,-1
180,9,496.63,183.33,33.47,89.27,0.8055,-1,-1,-1
181,1,280.13,1.46,222.05,476.21,0.8879,-1,-1,-1
181,8,181.80,11.95,98.04,438.01,0.8944,-1,-1,-1
181,9,496.88,183.60,32.95,89.11,0.8056,-1,-1,-1
181,2,0.43,0.06,218.25,476.86,0.8158,-1,-1,-1
182,1,281.44,1.22,222.11,475.62,0.8649,-1,-1,-1
182,8,181.50,11.54,97.91,436.22,0.8840,-1,-1,-1
182,9,496.87,183.58,32.48,88.51,0.8045,-1,-1,-1
182,2,0.30,-0.14,217.98,476.91,0.8566,-1,-1,-1
183,1,282.64,0.80,221.78,475.99,0.9018,-1,-1,-1
183,8,181.85,12.00,97.31,435.65,0.7441,-1,-1,-1
183,9,497.14,184.30,31.47,87.84,0.8146,-1,-1,-1
183,2,0.28,0.26,218.67,476.23,0.8615,-1,-1,-1
184,1,284.63,0.97,221.29,475.62,0.9047,-1,-1,-1
184,8,181.44,12.07,97.63,435.25,0.8913,-1,-1,-1
184,9,497.94,184.33,30.10,87.59,0.7013,-1,-1,-1
184,2,0.30,0.50,218.74,475.22,0.8480,-1,-1,-1
185,1,287.83,2.18,219.68,476.30,0.8622,-1,-1,-1
185,8,180.91,11.99,97.93,435.21,0.8936,-1,-1,-1
185,9,498.50,184.49,29.39,87.39,0.7634,-1,-1,-1
185,2,0.23,0.42,218.75,475.19,0.8635,-1,-1,-1
186,1,292.80,1.68,216.47,474.96,0.9218,-1,-1,-1
186,8,181.07,11.90,97.86,435.54,0.8855,-1,-1,-1
186,9,498.82,185.23,28.57,85.90,0.7359,-1,-1,-1
186,2,0.23,0.42,218.87,476.01,0.8636,-1,-1,-1
187,1,294.42,1.51,215.85,474.76,0.9225,-1,-1,-1
187,8,181.66,11.89,97.03,435.64,0.8927,-1,-1,-1
187,9,499.32,185.70,27.60,84.91,0.7366,-1,-1,-1
187,2,0.04,0.50,218.93,475.84,0.8718,-1,-1,-1
188,1,295.76,1.39,214.85,474.29,0.9224,-1,-1,-1
188,8,181.09,11.86,97.57,435.50,0.8827,-1,-1,-1
188,9,499.69,185.53,27.58,85.29,0.7340,-1,-1,-1
188,2,0.03,0.30,218.67,476.90,0.8646,-1,-1,-1
189,1,296.70,1.25,213.88,474.08,0.9201,-1,-1,-1
189,8,181.10,11.51,97.38,435.70,0.8950,-1,-1,-1
189,9,499.52,184.95,28.04,86.07,0.7546,-1,-1,-1
189,2,0.10,0.17,218.53,477.19,0.8543,-1,-1,-1
190,1,296.85,1.20,213.73,474.51,0.9200,-1,-1,-1
190,8,181.33,11.41,97.00,435.09,0.8630,-1,-1,-1
190,9,499.24,185.44,28.53,85.86,0.7120,-1,-1,-1
190,2,0.03,0.38,218.68,476.02,0.8687,-1,-1,-1
191,1,296.89,1.21,213.32,474.61,0.9239,-1,-1,-1
191,8,181.20,11.29,97.05,435.60,0.8678,-1,-1,-1
191,9,498.97,185.17,28.84,86.41,0.7551,-1,-1,-1
191,2,-0.02,0.20,218.33,476.90,0.8608,-1,-1,-1
192,1,296.14,1.17,214.04,474.55,0.9193,-1,-1,-1
192,8,180.71,11.36,97.72,435.67,0.8959,-1,-1,-1
192,9,498.99,184.75,28.83,86.61,0.7605,-1,-1,-1
192,2,-0.01,0.08,218.15,476.93,0.8514,-1,-1,-1
193,1,295.02,1.04,215.08,474.76,0.9162,-1,-1,-1
193,8,180.88,11.50,97.50,436.16,0.8968,-1,-1,-1
193,9,498.97,184.86,28.78,86.94,0.7792,-1,-1,-1
193,2,-0.06,0.10,217.84,476.93,0.8390,-1,-1,-1
194,1,291.72,0.70,218.12,475.38,0.9083,-1,-1,-1
194,8,180.20,11.33,98.06,436.64,0.8953,-1,-1,-1
194,9,499.17,184.70,28.61,87.17,0.7760,-1,-1,-1
194,2,-0.00,-0.02,217.35,477.52,0.8458,-1,-1,-1
195,1,287.23,0.54,222.13,475.71,0.8871,-1,-1,-1
195,8,179.70,11.32,98.05,436.58,0.8895,-1,-1,-1
195,9,498.94,184.44,28.23,87.81,0.7631,-1,-1,-1
195,2,-0.19,0.31,217.39,476.48,0.8304,-1,-1,-1
196,1,283.86,0.57,225.42,476.01,0.8938,-1,-1,-1
196,8,178.90,11.38,98.96,436.55,0.8822,-1,-1,-1
196,9,499.38,183.94,28.34,88.64,0.7035,-1,-1,-1
196,2,0.17,0.11,216.66,476.62,0.8079,-1,-1,-1
197,1,281.74,0.63,228.19,476.43,0.8989,-1,-1,-1
197,8,178.08,10.97,99.63,436.96,0.8816,-1,-1,-1
197,9,499.34,184.48,28.53,87.82,0.7340,-1,-1,-1
197,2,0.15,0.35,217.13,475.24,0.8590,-1,-1,-1
198,1,280.70,0.76,228.75,476.44,0.9139,-1,-1,-1
198,8,176.96,10.84,99.54,437.78,0.8719,-1,-1,-1
198,9,499.09,184.84,29.17,87.38,0.7606,-1,-1,-1
198,2,-0.11,0.17,216.59,476.36,0.5913,-1,-1,-1
199,1,279.29,0.68,229.86,477.44,0.8846,-1,-1,-1
199,8,175.56,11.31,99.29,437.47,0.8666,-1,-1,-1
199,9,498.14,184.83,29.90,86.61,0.7734,-1,-1,-1
199,2,-0.14,0.68,216.26,475.69,0.8157,-1,-1,-1
200,1,276.71,0.21,232.18,478.73,0.8589,-1,-1,-1
200,8,174.41,11.92,97.68,437.08,0.8720,-1,-1,-1
200,9,497.93,185.11,30.26,87.06,0.7826,-1,-1,-1
200,2,-0.02,4.11,215.93,471.59,0.8045,-1,-1,-1
201,1,274.38,0.67,233.90,476.93,0.8950,-1,-1,-1
201,8,170.59,12.92,98.89,437.33,0.8510,-1,-1,-1
201,9,497.40,185.31,30.01,87.43,0.7729,-1,-1,-1
201,2,-0.04,3.79,215.85,471.85,0.7888,-1,-1,-1
202,1,272.98,1.01,234.49,475.93,0.8894,-1,-1,-1
202,8,165.65,14.72,100.11,435.23,0.8311,-1,-1,-1
202,9,496.85,185.38,29.87,87.39,0.7553,-1,-1,-1
202,2,-0.20,5.87,216.25,470.12,0.7661,-1,-1,-1
203,1,272.69,0.55,233.93,477.43,0.8256,-1,-1,-1
203,8,159.06,16.67,104.34,431.80,0.7961,-1,-1,-1
203,9,496.56,185.16,29.74,87.97,0.7544,-1,-1,-1
203,2,-0.09,11.86,215.96,464.27,0.6751,-1,-1,-1
204,1,270.65,0.71,235.16,476.26,0.8744,-1,-1,-1
204,8,156.59,19.21,103.17,421.04,0.8106,-1,-1,-1
204,9,495.34,186.36,29.64,88.73,0.7952,-1,-1,-1
204,2,-0.27,4.63,215.06,470.70,0.7214,-1,-1,-1
205,1,269.91,0.42,236.39,478.25,0.8795,-1,-1,-1
205,8,153.27,20.50,100.34,413.32,0.8214,-1,-1,-1
205,9,496.00,186.37,29.07,88.34,0.7621,-1,-1,-1
205,2,0.01,1.50,214.72,473.80,0.6957,-1,-1,-1
206,1,269.58,0.04,236.61,479.35,0.8778,-1,-1,-1
206,8,151.21,22.64,98.41,406.93,0.7873,-1,-1,-1
206,9,495.47,186.42,29.35,87.76,0.7543,-1,-1,-1
206,2,-0.05,0.51,214.35,475.38,0.6638,-1,-1,-1
207,1,268.16,0.44,238.03,477.13,0.8878,-1,-1,-1
207,8,152.77,24.83,95.21,398.04,0.7507,-1,-1,-1
207,9,495.28,186.41,28.92,88.14,0.7815,-1,-1,-1
207,2,-0.08,0.61,217.37,474.64,0.6448,-1,-1,-1
208,1,264.95,0.53,241.58,478.51,0.8887,-1,-1,-1
208,8,161.46,28.80,88.02,380.55,0.8398,-1,-1,-1
208,9,494.18,186.34,29.48,87.99,0.7878,-1,-1,-1
208,2,-0.07,0.00,213.19,477.27,0.8016,-1,-1,-1
209,1,262.35,0.95,244.49,478.83,0.8842,-1,-1,-1
209,8,167.26,32.86,82.64,368.12,0.8570,-1,-1,-1
209,9,494.43,186.29,29.34,88.17,0.7992,-1,-1,-1
209,2,0.13,0.24,210.86,475.67,0.7682,-1,-1,-1
210,1,257.82,0.98,248.17,477.59,0.8774,-1,-1,-1
210,8,171.37,41.75,79.92,354.25,0.8853,-1,-1,-1
210,9,492.97,186.03,30.22,88.14,0.7942,-1,-1,-1
210,2,-0.13,0.70,206.43,475.10,0.8740,-1,-1,-1
211,1,261.63,1.23,243.59,478.14,0.8245,-1,-1,-1
211,8,172.14,46.78,82.66,347.35,0.8954,-1,-1,-1
211,9,492.14,184.42,31.20,89.04,0.8151,-1,-1,-1
211,2,0.04,0.95,202.66,475.48,0.8776,-1,-1,-1
212,1,263.47,1.86,241.56,477.37,0.8698,-1,-1,-1
212,8,170.77,53.34,89.47,342.86,0.9045,-1,-1,-1
212,9,491.27,186.14,30.52,89.34,0.7900,-1,-1,-1
212,2,0.07,1.33,198.91,472.78,0.8173,-1,-1,-1
213,1,256.21,1.25,247.11,478.21,0.8613,-1,-1,-1
213,8,168.65,54.64,98.54,343.64,0.8968,-1,-1,-1
213,9,489.85,184.40,29.82,90.08,0.7434,-1,-1,-1
213,2,-0.21,1.11,192.03,475.87,0.8125,-1,-1,-1
214,1,254.68,1.48,246.41,477.40,0.8789,-1,-1,-1
214,8,159.80,57.22,113.84,348.38,0.9048,-1,-1,-1
214,9,489.40,184.86,29.34,89.99,0.8217,-1,-1,-1
214,2,-0.00,1.20,185.82,477.10,0.8313,-1,-1,-1
215,1,255.25,1.41,243.70,475.99,0.8941,-1,-1,-1
215,8,160.17,57.64,117.99,344.08,0.9133,-1,-1,-1
215,9,486.39,184.97,31.69,90.08,0.7935,-1,-1,-1
215,2,0.33,0.70,182.92,477.16,0.7787,-1,-1,-1
216,1,255.47,0.49,240.91,476.23,0.8823,-1,-1,-1
216,8,164.75,58.99,116.85,340.63,0.8888,-1,-1,-1
216,9,486.05,183.90,30.69,90.27,0.8246,-1,-1,-1
216,2,0.32,0.08,179.55,475.39,0.7428,-1,-1,-1
217,1,277.54,0.74,217.59,478.05,0.8332,-1,-1,-1
217,8,168.61,61.56,116.64,338.52,0.9085,-1,-1,-1
217,9,485.72,182.80,30.89,91.39,0.8213,-1,-1,-1
217,2,0.75,0.16,178.32,476.77,0.8249,-1,-1,-1
218,1,271.86,1.06,220.09,479.12,0.8395,-1,-1,-1
218,8,171.96,67.96,115.95,334.34,0.9063,-1,-1,-1
218,9,483.15,182.80,31.41,92.56,0.7993,-1,-1,-1
218,2,0.73,0.94,179.40,478.19,0.8077,-1,-1,-1
219,1,288.66,0.79,201.02,479.77,0.8712,-1,-1,-1
219,8,179.09,73.71,113.13,327.43,0.8997,-1,-1,-1
219,9,482.37,181.48,31.14,93.98,0.7600,-1,-1,-1
219,2,1.30,0.98,181.10,477.26,0.8392,-1,-1,-1
220,1,288.41,7.69,198.10,473.49,0.8114,-1,-1,-1
220,8,185.52,79.87,108.24,319.47,0.8989,-1,-1,-1
220,9,481.67,181.31,31.29,95.67,0.8540,-1,-1,-1
220,2,1.71,1.39,184.60,476.95,0.8137,-1,-1,-1
221,1,276.19,18.21,211.09,462.04,0.8925,-1,-1,-1
221,8,189.73,86.80,105.58,306.33,0.8906,-1,-1,-1
221,9,483.89,181.78,27.65,96.12,0.5822,-1,-1,-1
221,2,1.65,1.68,190.19,476.99,0.7628,-1,-1,-1
222,1,281.44,25.35,209.89,453.66,0.9285,-1,-1,-1
222,8,196.47,90.39,102.81,293.58,0.8929,-1,-1,-1
222,9,486.86,182.20,24.69,93.50,0.7445,-1,-1,-1
222,2,1.71,0.63,196.88,387.18,0.6008,-1,-1,-1
222,11,506.87,182.74,30.99,86.35,0.7894,-1,-1,-1
223,1,288.30,30.54,207.24,448.67,0.9119,-1,-1,-1
223,8,202.82,92.73,98.30,277.72,0.9092,-1,-1,-1
223,2,1.51,0.15,207.20,446.01,0.7899,-1,-1,-1
224,1,291.25,34.40,205.82,445.18,0.9331,-1,-1,-1
224,8,208.02,95.10,94.15,271.33,0.9106,-1,-1,-1
224,2,0.94,0.16,213.49,466.05,0.7362,-1,-1,-1
225,1,293.42,37.78,203.34,442.09,0.9381,-1,-1,-1
225,8,214.01,100.69,90.37,265.82,0.9106,-1,-1,-1
225,2,1.24,0.67,218.69,472.19,0.8419,-1,-1,-1
225,9,486.86,183.61,28.40,94.75,0.7093,-1,-1,-1
226,1,295.41,42.29,196.30,437.74,0.9294,-1,-1,-1
226,8,218.88,106.86,87.40,259.89,0.9085,-1,-1,-1
226,2,0.78,1.07,224.32,474.97,0.8344,-1,-1,-1
226,9,485.39,181.45,29.86,97.54,0.7765,-1,-1,-1
227,1,298.17,48.36,186.96,431.98,0.9310,-1,-1,-1
227,8,222.02,111.20,86.97,250.89,0.9059,-1,-1,-1
227,2,0.11,1.42,227.31,474.71,0.8266,-1,-1,-1
227,9,482.13,181.10,32.50,99.62,0.7995,-1,-1,-1
228,1,301.60,54.00,176.48,425.75,0.9398,-1,-1,-1
228,8,228.91,112.85,85.03,245.39,0.8661,-1,-1,-1
228,2,-0.06,1.85,231.01,476.54,0.9256,-1,-1,-1
228,9,481.54,180.90,34.04,101.68,0.8145,-1,-1,-1
229,1,305.80,60.41,162.70,419.94,0.9348,-1,-1,-1
229,8,236.16,111.52,85.07,235.58,0.8755,-1,-1,-1
229,2,0.85,1.96,228.52,476.23,0.9132,-1,-1,-1
229,9,483.56,183.08,33.57,100.55,0.7797,-1,-1,-1
230,1,309.04,65.54,152.91,414.71,0.9231,-1,-1,-1
230,8,239.56,110.18,84.95,232.62,0.8686,-1,-1,-1
230,2,0.23,1.77,226.23,476.95,0.9022,-1,-1,-1
230,9,484.85,183.50,32.78,102.04,0.7829,-1,-1,-1
231,1,309.13,66.65,148.02,412.99,0.9206,-1,-1,-1
231,8,244.76,110.15,84.34,230.10,0.8834,-1,-1,-1
231,2,0.18,3.28,224.59,474.49,0.7291,-1,-1,-1
231,9,487.28,182.58,30.58,103.92,0.7670,-1,-1,-1
231,12,453.38,165.23,38.13,126.66,0.8427,-1,-1,-1
231,13,550.66,199.07,22.16,59.51,0.7582,-1,-1,-1
232,1,321.49,67.53,136.88,411.95,0.9192,-1,-1,-1
232,8,251.22,112.73,81.99,226.57,0.9055,-1,-1,-1
232,2,0.45,5.03,223.21,473.79,0.8134,-1,-1,-1
232,9,491.81,182.33,27.10,102.65,0.6530,-1,-1,-1
232,12,455.75,163.71,42.01,129.08,0.8410,-1,-1,-1
232,13,552.86,199.02,25.47,60.46,0.6013,-1,-1,-1
233,1,329.47,68.29,133.19,410.94,0.9153,-1,-1,-1
233,8,257.86,117.17,80.08,222.24,0.8827,-1,-1,-1
233,2,1.02,2.75,222.00,472.50,0.5995,-1,-1,-1
233,12,464.75,160.08,40.53,133.88,0.7316,-1,-1,-1
233,13,557.14,198.70,25.97,61.23,0.7006,-1,-1,-1
233,11,522.24,183.98,21.95,93.87,0.6641,-1,-1,-1
234,1,326.86,70.16,153.75,409.18,0.9269,-1,-1,-1
234,8,266.25,120.13,77.00,216.91,0.8726,-1,-1,-1
234,2,1.89,1.43,222.33,474.32,0.6654,-1,-1,-1
234,12,475.86,159.37,40.54,133.70,0.6056,-1,-1,-1
234,13,563.97,199.96,25.88,59.84,0.5150,-1,-1,-1
234,11,521.49,183.71,25.91,94.09,0.5140,-1,-1,-1
235,1,333.95,74.91,162.75,403.16,0.9197,-1,-1,-1
235,8,272.11,120.29,77.38,214.10,0.8746,-1,-1,-1
235,2,5.23,1.46,221.98,477.11,0.8761,-1,-1,-1
235,13,570.15,198.50,27.67,62.77,0.5661,-1,-1,-1
236,1,342.72,78.85,167.22,400.23,0.9279,-1,-1,-1
236,8,279.89,118.31,76.53,208.06,0.6218,-1,-1,-1
236,2,7.49,1.95,223.84,477.50,0.9209,-1,-1,-1
236,13,575.61,193.07,28.69,68.20,0.7102,-1,-1,-1
237,1,358.94,87.03,165.94,393.40,0.9327,-1,-1,-1
237,8,288.42,120.23,74.83,203.89,0.8843,-1,-1,-1
237,2,10.33,6.06,229.36,474.71,0.9177,-1,-1,-1
237,13,585.01,193.36,28.36,69.94,0.6383,-1,-1,-1
238,1,371.37,88.49,163.86,390.26,0.9382,-1,-1,-1
238,8,291.88,120.76,76.22,201.72,0.8650,-1,-1,-1
238,2,10.65,8.12,234.97,472.38,0.9171,-1,-1,-1
238,13,589.71,194.42,29.23,69.36,0.6637,-1,-1,-1
239,1,388.33,89.33,158.95,389.85,0.9314,-1,-1,-1
239,8,303.54,124.08,69.33,197.27,0.6055,-1,-1,-1
239,2,7.13,12.38,245.49,467.85,0.8828,-1,-1,-1
240,1,398.41,86.60,160.08,377.79,0.9216,-1,-1,-1
240,8,306.64,123.85,70.27,194.38,0.6890,-1,-1,-1
240,2,19.27,14.07,241.25,465.41,0.8630,-1,-1,-1
240,13,598.52,190.00,31.10,72.15,0.6318,-1,-1,-1
241,1,408.49,84.67,156.42,374.96,0.9184,-1,-1,-1
241,8,309.43,123.84,75.15,193.25,0.7862,-1,-1,-1
241,2,10.32,14.26,254.79,465.35,0.7982,-1,-1,-1
242,1,413.93,86.72,151.73,375.89,0.9031,-1,-1,-1
242,8,297.52,123.12,88.23,191.50,0.8585,-1,-1,-1
242,2,36.62,13.12,234.39,466.95,0.9024,-1,-1,-1
243,1,415.88,88.49,147.88,378.42,0.9393,-1,-1,-1
243,8,301.59,122.27,83.08,189.79,0.8444,-1,-1,-1
243,2,50.63,11.18,225.11,469.01,0.8831,-1,-1,-1
244,1,423.99,91.50,142.09,377.45,0.9275,-1,-1,-1
244,8,312.38,121.34,72.18,188.83,0.7517,-1,-1,-1
244,2,63.34,10.11,217.46,466.66,0.8252,-1,-1,-1
244,15,550.29,15.27,90.11,464.10,0.8442,-1,-1,-1
245,1,429.71,92.26,133.68,378.67,0.8929,-1,-1,-1
245,8,311.52,121.69,72.76,189.01,0.8121,-1,-1,-1
245,2,68.38,10.15,215.30,455.35,0.8463,-1,-1,-1
245,15,537.89,4.97,102.59,475.04,0.8085,-1,-1,-1
246,1,434.13,89.61,122.48,379.45,0.8975,-1,-1,-1
246,8,310.70,121.40,71.96,188.59,0.5724,-1,-1,-1
246,2,72.70,10.94,213.37,463.34,0.9246,-1,-1,-1
246,15,538.54,0.20,101.61,479.40,0.8104,-1,-1,-1
246,17,389.38,175.52,26.89,86.00,0.7680,-1,-1,-1
247,1,437.28,87.49,117.30,367.41,0.8822,-1,-1,-1
247,8,308.43,122.77,72.44,189.06,0.8395,-1,-1,-1
247,2,78.74,12.35,208.65,464.98,0.9231,-1,-1,-1
247,15,514.26,0.21,125.56,477.09,0.8543,-1,-1,-1
247,17,386.17,176.62,26.91,85.45,0.6111,-1,-1,-1
247,18,0.19,165.31,19.85,89.54,0.7173,-1,-1,-1
247,19,409.32,171.73,34.44,107.25,0.8595,-1,-1,-1
248,1,437.80,87.62,125.32,359.23,0.8877,-1,-1,-1
248,8,307.21,122.56,73.40,189.18,0.8496,-1,-1,-1
248,2,85.14,11.55,203.98,467.64,0.8747,-1,-1,-1
248,15,518.13,-0.27,121.79,479.36,0.8846,-1,-1,-1
248,17,383.87,175.32,28.38,87.22,0.6819,-1,-1,-1
248,19,408.14,172.09,34.33,107.63,0.8665,-1,-1,-1
249,1,446.47,89.15,113.09,356.64,0.8375,-1,-1,-1
249,8,311.63,122.34,73.16,187.27,0.8607,-1,-1,-1
249,2,96.22,10.03,198.57,469.94,0.9273,-1,-1,-1
249,15,503.56,-0.31,137.46,479.10,0.8780,-1,-1,-1
249,17,385.96,174.39,29.22,87.60,0.8122,-1,-1,-1
249,19,410.53,170.26,35.15,110.48,0.8065,-1,-1,-1
250,1,458.91,93.00,106.44,359.10,0.6950,-1,-1,-1
250,8,318.82,123.74,71.94,183.42,0.8867,-1,-1,-1
250,2,108.76,10.30,195.23,470.81,0.9477,-1,-1,-1
250,15,502.53,0.87,139.96,474.28,0.8603,-1,-1,-1
250,17,389.81,175.50,31.02,90.59,0.7794,-1,-1,-1
250,19,414.57,171.85,35.44,113.19,0.8760,-1,-1,-1
251,8,323.96,123.95,68.72,182.26,0.8901,-1,-1,-1
251,2,119.26,9.85,190.53,470.88,0.9449,-1,-1,-1
251,15,506.01,0.42,135.68,474.16,0.8663,-1,-1,-1
251,17,393.92,175.22,28.72,91.68,0.7096,-1,-1,-1
251,19,415.38,170.62,36.47,116.45,0.8466,-1,-1,-1
252,2,127.06,16.10,189.21,465.61,0.9257,-1,-1,-1
252,15,513.71,3.56,127.50,471.73,0.9015,-1,-1,-1
252,17,396.94,177.81,27.74,92.31,0.5717,-1,-1,-1
252,19,416.86,173.42,36.42,118.37,0.8002,-1,-1,-1
253,2,138.22,25.29,186.29,455.94,0.9296,-1,-1,-1
253,15,520.51,5.07,121.71,470.04,0.8868,-1,-1,-1
253,17,401.66,175.82,27.46,94.85,0.5287,-1,-1,-1
253,19,421.00,174.14,38.26,120.82,0.7080,-1,-1,-1
253,8,334.33,131.38,69.33,181.79,0.8914,-1,-1,-1
254,2,143.86,29.26,186.29,450.54,0.9263,-1,-1,-1
254,15,525.19,3.90,115.40,472.67,0.8984,-1,-1,-1
254,19,421.45,173.14,38.75,122.84,0.7303,-1,-1,-1
254,21,67.47,180.47,45.80,93.85,0.7180,-1,-1,-1
254,8,338.04,132.61,65.99,181.78,0.8971,-1,-1,-1
255,2,136.20,36.67,202.27,444.41,0.9031,-1,-1,-1
255,15,526.14,4.63,113.39,475.15,0.9133,-1,-1,-1
255,19,418.66,173.78,40.01,125.68,0.6776,-1,-1,-1
255,21,61.00,181.60,42.62,97.02,0.7343,-1,-1,-1
255,8,341.02,136.90,62.13,179.64,0.8814,-1,-1,-1
256,2,154.79,35.81,193.75,444.13,0.9256,-1,-1,-1
256,15,524.27,1.23,114.46,477.26,0.9275,-1,-1,-1
256,19,423.17,151.83,71.46,169.04,0.8238,-1,-1,-1
256,21,42.00,178.58,46.16,100.07,0.6619,-1,-1,-1
256,8,342.90,134.98,59.64,177.30,0.8624,-1,-1,-1
256,24,87.82,136.77,69.39,167.43,0.6414,-1,-1,-1
257,2,164.70,36.43,188.49,441.99,0.9196,-1,-1,-1
257,15,522.36,0.23,115.69,478.85,0.9226,-1,-1,-1
257,19,423.41,142.92,80.52,188.15,0.9067,-1,-1,-1
257,21,18.42,178.20,60.86,101.99,0.6591,-1,-1,-1
257,8,344.55,133.74,54.19,176.37,0.8476,-1,-1,-1
257,24,66.26,133.32,80.61,173.79,0.8453,-1,-1,-1
257,1,489.20,163.68,54.37,155.43,0.7581,-1,-1,-1
258,2,157.10,30.71,196.74,448.29,0.9067,-1,-1,-1
258,15,492.24,-0.68,144.70,479.31,0.8873,-1,-1,-1
258,19,415.22,134.48,80.73,202.89,0.8555,-1,-1,-1
258,8,341.95,132.97,54.83,179.37,0.8604,-1,-1,-1
258,24,38.72,132.14,94.67,178.14,0.8771,-1,-1,-1
258,1,483.98,164.54,53.62,147.72,0.7816,-1,-1,-1
259,2,152.91,29.83,198.72,449.67,0.9060,-1,-1,-1
259,15,475.14,-0.42,160.90,479.73,0.8909,-1,-1,-1
259,19,402.05,129.32,77.38,212.50,0.9231,-1,-1,-1
259,8,342.24,135.48,51.86,177.24,0.8701,-1,-1,-1
259,24,15.06,130.54,107.97,183.27,0.9215,-1,-1,-1
259,1,480.49,164.55,56.69,145.78,0.6919,-1,-1,-1
260,2,143.89,29.11,198.43,451.45,0.9283,-1,-1,-1
260,15,482.57,0.95,151.04,479.51,0.9182,-1,-1,-1
260,19,391.33,126.81,75.18,225.35,0.8008,-1,-1,-1
260,8,334.86,140.07,52.04,175.71,0.8625,-1,-1,-1
260,24,-3.74,128.50,109.00,191.15,0.9184,-1,-1,-1
260,1,472.85,148.77,55.73,162.29,0.7829,-1,-1,-1
261,2,134.64,27.76,194.88,452.93,0.9378,-1,-1,-1
261,15,482.17,1.23,151.18,478.19,0.9319,-1,-1,-1
261,19,365.77,126.47,91.88,234.42,0.8694,-1,-1,-1
261,8,323.67,144.77,56.21,173.13,0.8515,-1,-1,-1
261,24,-9.96,125.56,92.39,195.65,0.8684,-1,-1,-1
261,1,466.32,147.56,47.06,171.21,0.6250,-1,-1,-1
262,2,119.90,24.24,195.52,455.93,0.8527,-1,-1,-1
262,15,460.98,1.02,172.18,475.62,0.9134,-1,-1,-1
262,19,339.64,124.98,105.44,242.36,0.8703,-1,-1,-1
263,2,110.61,15.57,195.90,464.12,0.9211,-1,-1,-1
263,15,444.97,0.30,189.69,477.13,0.9383,-1,-1,-1
263,19,323.51,121.18,106.16,254.71,0.8966,-1,-1,-1
264,2,100.78,11.74,198.51,466.61,0.8812,-1,-1,-1
264,15,437.00,-0.32,199.46,478.66,0.9293,-1,-1,-1
264,19,316.37,116.38,108.45,264.29,0.8890,-1,-1,-1
265,2,80.02,9.06,211.74,470.10,0.9005,-1,-1,-1
265,15,427.63,0.22,208.08,478.70,0.9245,-1,-1,-1
265,19,295.55,108.51,88.74,277.46,0.8187,-1,-1,-1
266,2,78.00,7.90,213.54,470.65,0.8762,-1,-1,-1
266,15,423.34,-0.40,214.36,478.50,0.8887,-1,-1,-1
266,19,285.00,100.62,72.88,287.24,0.7941,-1,-1,-1
266,25,370.08,156.17,48.22,160.38,0.8241,-1,-1,-1
267,2,61.83,4.32,224.55,472.31,0.8540,-1,-1,-1
267,15,419.05,-2.08,218.90,476.89,0.9283,-1,-1,-1
267,19,261.76,88.01,80.08,295.68,0.8506,-1,-1,-1
267,25,360.59,147.88,55.80,164.06,0.8577,-1,-1,-1
267,8,313.02,140.59,51.76,157.68,0.8803,-1,-1,-1
268,2,45.41,1.25,241.29,476.10,0.8195,-1,-1,-1
268,15,419.09,-1.46,220.61,474.38,0.9337,-1,-1,-1
268,19,246.64,78.78,87.72,299.98,0.5075,-1,-1,-1
268,25,355.33,141.25,65.19,167.40,0.8599,-1,-1,-1
268,8,309.45,134.91,55.04,159.56,0.9115,-1,-1,-1
269,2,36.71,0.07,256.88,477.87,0.8391,-1,-1,-1
269,15,417.33,-1.47,222.78,477.08,0.9226,-1,-1,-1
269,25,347.88,135.98,63.65,169.55,0.5930,-1,-1,-1
269,8,308.45,130.81,54.17,158.18,0.8689,-1,-1,-1
270,2,30.38,-5.60,261.70,479.14,0.8999,-1,-1,-1
270,15,406.21,-6.05,232.92,477.22,0.9256,-1,-1,-1
270,25,337.89,116.79,60.37,173.87,0.8640,-1,-1,-1
270,8,308.97,111.36,45.40,159.27,0.8001,-1,-1,-1
271,2,27.78,-10.15,263.66,479.20,0.9312,-1,-1,-1
271,15,400.15,-10.38,239.64,478.98,0.9408,-1,-1,-1
271,25,329.37,86.81,60.47,180.54,0.7939,-1,-1,-1
271,8,313.12,84.52,37.79,159.60,0.5946,-1,-1,-1
272,2,27.48,-12.64,253.81,463.25,0.8753,-1,-1,-1
272,15,394.32,-12.28,244.12,479.65,0.9375,-1,-1,-1
272,25,316.09,49.55,65.48,190.15,0.7582,-1,-1,-1
273,2,27.32,-3.05,248.52,459.07,0.7804,-1,-1,-1
273,15,394.91,-2.69,245.36,479.77,0.9386,-1,-1,-1
273,25,311.20,42.44,66.44,193.88,0.8062,-1,-1,-1
273,17,252.10,60.77,61.70,147.31,0.8128,-1,-1,-1
274,2,55.36,7.59,212.40,469.78,0.7919,-1,-1,-1
274,15,395.71,7.91,245.31,477.43,0.9369,-1,-1,-1
274,25,306.61,55.56,69.04,198.87,0.8208,-1,-1,-1
274,17,254.70,79.27,56.68,145.28,0.8174,-1,-1,-1
275,2,39.31,11.37,218.91,475.91,0.8866,-1,-1,-1
275,15,392.07,11.59,246.68,478.27,0.9180,-1,-1,-1
275,25,298.27,73.18,67.96,202.93,0.8029,-1,-1,-1
275,17,259.32,99.45,46.50,142.80,0.7442,-1,-1,-1
276,2,39.51,15.45,213.93,472.75,0.8507,-1,-1,-1
276,15,400.34,15.49,240.86,478.48,0.9322,-1,-1,-1
276,25,294.16,101.61,71.12,205.40,0.8335,-1,-1,-1
276,17,263.48,130.46,44.67,138.67,0.5444,-1,-1,-1
277,2,42.45,9.12,203.86,448.33,0.8569,-1,-1,-1
277,15,401.77,9.51,238.09,479.44,0.9442,-1,-1,-1
277,25,284.63,111.49,72.18,210.26,0.7370,-1,-1,-1
278,2,27.86,3.59,206.95,468.06,0.8729,-1,-1,-1
278,15,398.30,4.70,227.91,479.17,0.9322,-1,-1,-1
278,25,270.57,112.87,72.96,217.55,0.7704,-1,-1,-1
278,8,325.70,132.16,44.02,144.41,0.6865,-1,-1,-1
279,2,9.23,20.73,205.42,459.15,0.9067,-1,-1,-1
279,15,381.45,6.72,222.40,479.77,0.9297,-1,-1,-1
279,25,252.45,128.73,73.79,222.57,0.8103,-1,-1,-1
279,8,314.10,149.05,51.24,142.90,0.7437,-1,-1,-1
280,2,-4.00,18.93,192.12,456.56,0.8983,-1,-1,-1
280,15,359.26,0.86,222.99,479.83,0.9117,-1,-1,-1
280,25,230.21,125.95,75.17,228.01,0.8152,-1,-1,-1
280,8,297.66,149.29,53.83,144.78,0.8501,-1,-1,-1
280,27,563.70,61.99,71.80,313.99,0.8429,-1,-1,-1
280,17,173.79,146.92,68.85,194.38,0.8647,-1,-1,-1
281,2,-10.31,3.91,160.49,469.90,0.9318,-1,-1,-1
281,15,330.18,-4.52,230.66,479.92,0.6336,-1,-1,-1
281,25,194.65,108.44,77.68,239.93,0.8073,-1,-1,-1
281,8,270.10,138.02,53.25,144.77,0.8897,-1,-1,-1
281,27,540.29,56.90,81.06,309.47,0.8840,-1,-1,-1
281,17,140.45,132.92,72.25,200.98,0.8379,-1,-1,-1
281,1,317.26,104.23,57.53,216.03,0.6784,-1,-1,-1
282,2,-6.44,12.45,127.33,468.80,0.9320,-1,-1,-1
282,15,323.37,2.93,236.52,479.37,0.9276,-1,-1,-1
282,25,166.11,111.46,81.90,252.10,0.8445,-1,-1,-1
282,8,258.39,147.34,47.15,143.92,0.8761,-1,-1,-1
282,27,529.53,94.25,82.06,294.16,0.5150,-1,-1,-1
282,17,115.21,151.66,48.80,171.56,0.6842,-1,-1,-1
282,1,294.94,89.76,70.52,267.42,0.5037,-1,-1,-1
283,2,1.50,23.47,117.90,461.48,0.9035,-1,-1,-1
283,15,343.06,5.67,234.79,479.40,0.9215,-1,-1,-1
283,25,154.30,118.19,90.13,262.98,0.8613,-1,-1,-1
283,8,264.60,160.05,40.74,142.91,0.7907,-1,-1,-1
283,17,112.33,166.80,45.11,157.82,0.6822,-1,-1,-1
283,1,304.59,121.85,73.07,273.83,0.6775,-1,-1,-1
284,2,5.60,19.18,122.16,462.12,0.8888,-1,-1,-1
284,15,373.33,1.74,230.49,479.44,0.9305,-1,-1,-1
284,25,154.08,114.28,94.26,271.18,0.8838,-1,-1,-1
284,8,277.10,160.62,40.82,144.34,0.7949,-1,-1,-1
284,17,118.68,166.10,44.03,154.26,0.7652,-1,-1,-1
284,1,318.13,125.96,79.91,286.20,0.7651,-1,-1,-1
285,2,8.07,15.49,128.60,461.75,0.9163,-1,-1,-1
285,15,406.60,-2.14,227.97,479.48,0.9495,-1,-1,-1
285,25,162.12,105.42,92.35,277.74,0.8895,-1,-1,-1
285,8,292.97,158.26,38.47,141.77,0.7288,-1,-1,-1
285,17,125.06,160.64,46.34,157.49,0.7761,-1,-1,-1
285,1,337.56,97.87,86.17,317.41,0.8677,-1,-1,-1
286,2,7.22,25.06,136.10,454.27,0.9272,-1,-1,-1
286,15,437.18,-0.14,208.11,478.69,0.9387,-1,-1,-1
286,25,166.89,105.37,93.00,284.43,0.8930,-1,-1,-1
286,8,315.51,102.24,64.88,224.69,0.7419,-1,-1,-1
286,17,130.87,163.76,43.93,160.22,0.7284,-1,-1,-1
286,1,353.32,85.91,98.32,346.07,0.8830,-1,-1,-1
287,2,5.46,33.60,141.81,446.03,0.9226,-1,-1,-1
287,15,467.05,-0.39,179.89,478.68,0.9163,-1,-1,-1
287,25,169.62,104.50,99.15,290.45,0.8569,-1,-1,-1
287,8,329.56,83.09,74.78,267.03,0.8347,-1,-1,-1
287,17,136.78,163.62,41.71,163.12,0.6520,-1,-1,-1
287,1,366.99,73.31,113.37,372.56,0.9027,-1,-1,-1
288,2,3.87,37.23,146.68,441.60,0.9291,-1,-1,-1
288,15,496.84,-1.40,148.96,479.55,0.8951,-1,-1,-1
288,25,173.29,99.93,98.73,301.49,0.8743,-1,-1,-1
288,8,341.25,68.65,83.54,295.29,0.8435,-1,-1,-1
288,17,139.01,160.54,45.25,165.87,0.7109,-1,-1,-1
288,1,381.45,61.06,132.20,395.61,0.9171,-1,-1,-1
289,2,5.67,47.96,155.56,432.02,0.8833,-1,-1,-1
289,15,548.91,3.37,97.41,475.23,0.8083,-1,-1,-1
289,25,184.49,100.55,100.37,314.25,0.8437,-1,-1,-1
289,17,148.53,160.11,56.09,167.44,0.5997,-1,-1,-1
289,1,403.50,54.78,145.00,416.45,0.8966,-1,-1,-1
290,2,7.22,55.98,167.60,423.13,0.9182,-1,-1,-1
290,25,196.96,98.07,103.08,326.40,0.8101,-1,-1,-1
290,17,161.05,157.48,51.24,174.52,0.8007,-1,-1,-1
290,1,428.32,42.73,158.35,436.72,0.8991,-1,-1,-1
290,8,378.72,54.42,90.36,325.56,0.8745,-1,-1,-1
291,2,7.83,55.69,174.76,422.21,0.9073,-1,-1,-1
291,25,209.18,91.28,104.99,340.98,0.8632,-1,-1,-1
291,17,167.78,152.24,50.46,178.32,0.7794,-1,-1,-1
291,1,448.29,27.30,172.66,453.52,0.9248,-1,-1,-1
291,8,394.02,44.55,101.32,339.82,0.8752,-1,-1,-1
291,15,592.41,46.23,51.62,403.81,0.6241,-1,-1,-1
292,2,11.85,55.77,179.00,422.59,0.9105,-1,-1,-1
292,25,220.42,88.28,111.17,359.82,0.8509,-1,-1,-1
292,17,172.79,154.99,53.69,178.62,0.7709,-1,-1,-1
292,1,468.58,15.95,172.37,466.97,0.9205,-1,-1,-1
292,8,409.34,39.14,108.55,361.04,0.9219,-1,-1,-1
293,2,12.56,47.86,181.31,429.66,0.9347,-1,-1,-1
293,25,228.18,77.90,112.49,372.11,0.8876,-1,-1,-1
293,17,178.17,153.71,51.14,177.59,0.5810,-1,-1,-1
293,1,484.95,1.86,161.29,479.75,0.9168,-1,-1,-1
293,8,419.46,27.71,117.65,387.54,0.8800,-1,-1,-1
293,29,331.31,167.50,63.19,174.38,0.8261,-1,-1,-1
294,2,21.95,46.47,180.62,432.08,0.8054,-1,-1,-1
294,25,237.24,69.73,117.25,391.71,0.8960,-1,-1,-1
294,1,508.91,-0.80,139.79,480.95,0.8393,-1,-1,-1
294,8,432.70,19.79,127.98,412.87,0.8992,-1,-1,-1
295,2,34.26,47.36,182.31,431.09,0.8753,-1,-1,-1
295,25,243.76,60.39,121.78,409.87,0.9243,-1,-1,-1
295,1,531.45,41.43,116.24,440.41,0.8679,-1,-1,-1
295,8,444.48,11.44,138.24,432.43,0.9135,-1,-1,-1
295,17,207.89,183.19,41.45,129.84,0.8306,-1,-1,-1
295,29,369.07,165.96,57.89,168.27,0.8253,-1,-1,-1
296,2,13.11,53.31,206.84,425.59,0.8794,-1,-1,-1
296,25,249.12,52.83,124.85,424.26,0.9252,-1,-1,-1
296,1,552.66,57.36,93.03,425.60,0.7063,-1,-1,-1
296,8,453.85,4.49,148.79,451.40,0.9074,-1,-1,-1
296,17,217.65,193.22,40.06,116.67,0.8348,-1,-1,-1
296,29,385.38,165.08,55.91,170.81,0.8435,-1,-1,-1
297,2,5.76,53.37,219.25,423.93,0.9080,-1,-1,-1
297,25,248.65,38.42,129.73,440.85,0.9256,-1,-1,-1
297,8,461.27,-0.76,160.50,462.37,0.9121,-1,-1,-1
297,17,222.10,194.99,37.96,111.55,0.5894,-1,-1,-1
297,29,389.15,162.77,64.94,172.77,0.5833,-1,-1,-1
298,2,12.20,55.34,221.06,423.42,0.8148,-1,-1,-1
298,25,242.24,24.18,140.92,457.91,0.9255,-1,-1,-1
298,8,469.59,-1.65,169.43,475.16,0.9316,-1,-1,-1
298,29,399.85,164.87,78.45,172.04,0.8953,-1,-1,-1
298,30,1.70,122.00,57.98,198.58,0.8484,-1,-1,-1
299,2,42.05,53.81,197.50,423.60,0.8926,-1,-1,-1
299,25,239.28,11.95,141.33,470.20,0.9233,-1,-1,-1
299,8,473.96,-2.62,169.80,480.93,0.9190,-1,-1,-1
299,30,1.09,117.59,53.26,201.97,0.8793,-1,-1,-1
300,2,66.10,53.99,175.48,424.70,0.8545,-1,-1,-1
300,25,229.49,1.96,146.14,479.84,0.9114,-1,-1,-1
300,8,485.00,-1.97,160.38,482.90,0.9258,-1,-1,-1
300,30,0.74,132.22,57.36,199.54,0.8064,-1,-1,-1
300,29,412.86,166.31,83.55,170.65,0.8871,-1,-1,-1
301,2,80.39,49.82,158.35,428.12,0.8873,-1,-1,-1
301,25,214.30,-2.32,156.55,484.27,0.9356,-1,-1,-1
301,8,494.81,-2.26,149.63,483.52,0.9421,-1,-1,-1
301,30,-0.27,146.63,60.64,182.01,0.5755,-1,-1,-1
301,31,365.69,166.12,53.93,139.41,0.8240,-1,-1,-1
301,29,419.29,163.78,80.18,171.96,0.8791,-1,-1,-1
302,2,90.69,43.72,143.54,432.10,0.7920,-1,-1,-1
302,25,187.91,-3.54,168.65,484.24,0.9019,-1,-1,-1
302,8,506.71,-2.07,136.46,483.53,0.9258,-1,-1,-1
302,30,-0.70,146.88,56.25,172.07,0.6690,-1,-1,-1
302,31,361.10,164.50,62.76,142.52,0.7876,-1,-1,-1
302,29,436.03,160.85,65.48,172.99,0.6941,-1,-1,-1
303,2,97.98,15.22,197.37,460.55,0.6927,-1,-1,-1
303,25,130.66,-3.62,204.58,482.87,0.6574,-1,-1,-1
303,8,521.06,-1.86,121.08,483.41,0.9169,-1,-1,-1
303,30,6.18,147.86,52.80,168.72,0.6920,-1,-1,-1
303,31,374.48,162.86,60.25,143.27,0.6933,-1,-1,-1
303,29,447.85,159.37,68.01,173.92,0.7069,-1,-1,-1
304,2,102.19,2.89,195.22,467.39,0.8174,-1,-1,-1
304,8,535.15,-2.20,105.73,482.52,0.8523,-1,-1,-1
304,30,1.78,109.36,99.80,258.94,0.8354,-1,-1,-1
304,31,381.90,159.75,55.85,142.05,0.6851,-1,-1,-1
304,29,457.91,157.36,64.59,172.97,0.8059,-1,-1,-1
304,32,335.56,190.93,47.35,121.73,0.6938,-1,-1,-1
305,8,529.28,91.43,80.42,322.06,0.8365,-1,-1,-1
305,30,-0.56,97.93,127.64,288.93,0.8799,-1,-1,-1
305,31,385.20,160.31,52.33,146.37,0.7701,-1,-1,-1
305,29,463.46,160.52,65.05,172.41,0.7453,-1,-1,-1
305,32,334.56,190.62,54.40,125.19,0.7853,-1,-1,-1
306,8,516.20,125.62,89.52,258.55,0.8653,-1,-1,-1
306,31,385.14,159.73,55.22,147.74,0.7960,-1,-1,-1
306,29,466.27,161.10,68.80,170.91,0.5242,-1,-1,-1
306,32,343.09,188.57,46.37,125.80,0.6053,-1,-1,-1
307,8,511.41,131.16,102.91,245.51,0.8449,-1,-1,-1
307,31,386.20,159.42,63.42,147.81,0.7644,-1,-1,-1
307,32,345.26,186.68,44.46,128.61,0.5937,-1,-1,-1
307,35,304.20,152.76,53.79,166.52,0.7212,-1,-1,-1
307,2,165.51,84.44,120.63,351.44,0.6571,-1,-1,-1
308,8,502.44,128.00,114.95,251.07,0.8504,-1,-1,-1
308,31,386.57,159.43,69.81,147.48,0.6595,-1,-1,-1
308,32,352.88,185.81,37.79,129.56,0.7762,-1,-1,-1
308,35,306.81,152.24,52.27,167.58,0.8384,-1,-1,-1
308,2,154.25,66.19,133.28,398.71,0.9062,-1,-1,-1
309,8,495.41,123.24,128.56,269.65,0.9058,-1,-1,-1
309,31,392.12,157.98,69.32,149.62,0.7086,-1,-1,-1
309,32,362.50,184.81,36.14,129.33,0.7123,-1,-1,-1
309,35,309.13,150.90,66.23,169.39,0.8945,-1,-1,-1
309,2,130.19,61.52,164.23,412.81,0.9049,-1,-1,-1
310,8,495.03,122.79,135.69,283.45,0.8969,-1,-1,-1
310,31,394.58,159.80,65.29,152.20,0.7951,-1,-1,-1
310,32,364.83,186.51,48.41,130.81,0.7528,-1,-1,-1
310,35,306.29,152.26,77.25,172.15,0.9110,-1,-1,-1
310,2,114.13,79.17,179.42,399.76,0.9118,-1,-1,-1
310,30,70.05,88.57,91.66,300.05,0.7526,-1,-1,-1
311,8,492.33,119.22,142.10,302.49,0.9266,-1,-1,-1
311,31,395.82,159.95,61.82,155.59,0.7882,-1,-1,-1
311,32,364.29,188.21,54.05,131.86,0.7543,-1,-1,-1
311,35,299.28,152.90,84.17,173.96,0.8922,-1,-1,-1
311,2,114.62,83.06,174.36,397.28,0.8748,-1,-1,-1
311,36,459.52,176.89,37.82,116.32,0.8282,-1,-1,-1
311,30,45.19,77.96,107.28,349.22,0.8444,-1,-1,-1
312,8,489.49,112.25,145.17,321.81,0.9338,-1,-1,-1
312,32,364.45,189.85,55.90,133.40,0.6096,-1,-1,-1
312,35,294.83,152.45,87.91,177.86,0.9153,-1,-1,-1
312,2,112.79,72.36,171.25,407.34,0.9135,-1,-1,-1
312,36,453.36,178.35,38.22,115.53,0.8032,-1,-1,-1
312,30,17.01,68.72,119.01,376.69,0.9104,-1,-1,-1
313,8,483.44,102.32,146.43,339.90,0.9215,-1,-1,-1
313,32,360.71,188.81,55.20,137.45,0.7416,-1,-1,-1
313,35,293.36,150.94,86.58,180.62,0.8718,-1,-1,-1
313,2,108.03,70.93,170.50,408.72,0.9208,-1,-1,-1
313,36,445.99,178.20,38.00,113.47,0.7720,-1,-1,-1
313,30,4.87,58.07,106.56,401.51,0.9169,-1,-1,-1
313,31,397.58,157.87,55.96,161.80,0.7134,-1,-1,-1
314,8,479.32,91.41,149.87,356.07,0.9166,-1,-1,-1
314,32,363.33,186.10,50.83,140.05,0.7852,-1,-1,-1
314,35,296.80,148.99,84.74,183.58,0.8776,-1,-1,-1
314,2,103.71,68.38,175.27,411.10,0.9205,-1,-1,-1
314,36,442.57,177.24,36.18,113.29,0.7182,-1,-1,-1
314,30,0.69,52.23,90.51,418.78,0.8591,-1,-1,-1
314,31,399.22,157.97,58.33,161.16,0.7221,-1,-1,-1
315,8,478.97,84.38,157.54,382.40,0.9260,-1,-1,-1
315,32,373.25,189.24,48.95,143.11,0.6920,-1,-1,-1
315,35,308.79,151.31,73.11,185.81,0.6852,-1,-1,-1
315,2,109.48,70.18,176.75,411.03,0.9249,-1,-1,-1
315,31,405.41,160.51,64.36,161.69,0.7037,-1,-1,-1
316,8,481.10,71.45,159.71,404.55,0.9247,-1,-1,-1
316,32,376.85,187.15,65.67,145.81,0.8653,-1,-1,-1
316,2,116.85,65.74,178.41,413.74,0.9192,-1,-1,-1
316,31,415.47,157.86,62.50,161.34,0.6555,-1,-1,-1
316,30,16.78,122.68,69.13,240.75,0.8458,-1,-1,-1
317,8,486.97,57.79,156.02,422.71,0.9406,-1,-1,-1
317,32,391.97,188.20,68.48,146.51,0.5976,-1,-1,-1
317,2,123.94,65.60,179.51,413.34,0.9092,-1,-1,-1
317,31,425.99,156.33,63.10,164.68,0.6685,-1,-1,-1
317,30,29.17,142.41,58.12,185.91,0.8040,-1,-1,-1
317,35,324.17,144.17,79.11,196.11,0.8682,-1,-1,-1
318,8,491.81,45.73,151.60,436.31,0.9497,-1,-1,-1
318,32,400.15,187.60,71.42,148.51,0.7306,-1,-1,-1
318,2,129.33,66.36,183.50,413.11,0.8376,-1,-1,-1
318,31,435.23,157.49,60.72,164.89,0.6845,-1,-1,-1
318,30,33.36,147.22,57.24,176.05,0.8445,-1,-1,-1
318,35,328.57,142.19,82.84,199.53,0.8877,-1,-1,-1
319,8,502.18,23.46,142.43,457.21,0.9400,-1,-1,-1
319,2,138.38,69.80,180.97,409.29,0.8833,-1,-1,-1
319,30,38.64,147.13,60.16,174.72,0.8660,-1,-1,-1
319,35,333.87,131.14,91.77,210.61,0.9220,-1,-1,-1
320,8,516.00,5.34,128.70,475.45,0.9070,-1,-1,-1
320,2,149.50,72.29,178.66,404.82,0.8633,-1,-1,-1
320,30,37.78,144.95,68.49,173.17,0.8724,-1,-1,-1
320,32,423.36,176.46,67.66,157.76,0.7731,-1,-1,-1
321,2,168.27,58.40,172.38,419.16,0.9079,-1,-1,-1
321,30,46.07,138.80,70.12,174.42,0.8952,-1,-1,-1
321,32,453.68,171.63,48.00,160.66,0.5966,-1,-1,-1
321,35,347.61,125.01,100.63,214.26,0.9195,-1,-1,-1
322,2,184.10,46.36,170.78,431.08,0.9107,-1,-1,-1
322,32,472.33,163.34,58.86,165.24,0.6822,-1,-1,-1
322,35,358.66,117.88,102.68,216.91,0.8673,-1,-1,-1
322,17,144.77,111.43,68.99,198.86,0.6460,-1,-1,-1
323,2,197.61,42.62,172.58,437.27,0.9364,-1,-1,-1
323,32,485.00,162.67,61.80,168.28,0.6417,-1,-1,-1
323,35,379.25,115.61,98.03,222.76,0.9102,-1,-1,-1
323,17,145.12,105.73,75.47,211.76,0.8748,-1,-1,-1
323,30,72.20,128.02,62.45,173.31,0.8485,-1,-1,-1
324,2,204.81,34.65,176.73,444.83,0.9365,-1,-1,-1
324,32,492.02,157.66,87.50,172.91,0.8107,-1,-1,-1
324,35,397.65,109.48,87.59,227.93,0.8615,-1,-1,-1
324,17,139.53,98.39,81.19,221.01,0.8509,-1,-1,-1
324,37,473.40,162.75,35.68,108.83,0.6795,-1,-1,-1
324,30,78.12,122.94,60.94,175.59,0.8696,-1,-1,-1
325,2,213.92,32.91,179.62,447.44,0.9330,-1,-1,-1
325,32,507.12,153.92,90.50,177.19,0.7699,-1,-1,-1
325,35,415.83,103.45,79.92,235.91,0.8200,-1,-1,-1
325,17,129.78,93.17,85.97,236.20,0.8731,-1,-1,-1
325,30,71.40,122.13,71.76,176.94,0.8663,-1,-1,-1
326,2,218.06,34.46,181.43,445.68,0.9338,-1,-1,-1
326,32,524.88,154.93,84.77,176.97,0.6347,-1,-1,-1
326,35,428.83,100.69,76.06,241.18,0.8878,-1,-1,-1
326,17,119.64,90.01,89.88,246.21,0.8445,-1,-1,-1
327,2,218.92,37.80,186.11,441.90,0.9140,-1,-1,-1
327,32,551.83,147.64,74.78,181.88,0.8424,-1,-1,-1
327,35,433.65,96.62,82.83,246.36,0.9190,-1,-1,-1
327,17,104.59,83.80,94.11,256.84,0.8931,-1,-1,-1
327,31,516.13,114.84,84.59,199.25,0.7149,-1,-1,-1
328,2,212.47,41.78,200.25,435.12,0.9009,-1,-1,-1
328,32,565.61,144.84,73.01,189.49,0.8356,-1,-1,-1
328,35,432.78,95.47,94.79,249.96,0.8944,-1,-1,-1
328,17,91.57,79.56,94.32,272.29,0.8449,-1,-1,-1
328,38,-0.18,125.03,30.79,160.21,0.8294,-1,-1,-1
329,2,219.88,40.68,196.96,438.56,0.8798,-1,-1,-1
329,32,567.12,144.71,75.42,190.88,0.8290,-1,-1,-1
329,35,428.78,94.15,102.74,252.66,0.9055,-1,-1,-1
329,17,64.36,70.81,106.24,287.43,0.8987,-1,-1,-1
329,38,-0.35,125.57,41.56,158.67,0.5584,-1,-1,-1
330,2,232.34,38.50,189.42,442.49,0.8990,-1,-1,-1
330,32,565.19,148.53,79.05,191.40,0.7691,-1,-1,-1
330,35,425.87,95.95,105.71,256.65,0.9071,-1,-1,-1
330,17,48.67,64.83,108.37,302.70,0.8696,-1,-1,-1
330,31,548.44,112.54,64.42,216.79,0.7289,-1,-1,-1
331,2,240.26,34.44,185.03,446.06,0.8992,-1,-1,-1
331,32,567.55,150.28,77.50,191.78,0.6911,-1,-1,-1
331,35,428.22,94.72,104.10,262.73,0.9017,-1,-1,-1
331,17,30.05,56.33,113.19,316.22,0.8825,-1,-1,-1
331,31,560.12,111.08,59.04,223.76,0.7966,-1,-1,-1
332,2,241.95,28.35,185.65,450.60,0.9233,-1,-1,-1
332,35,441.72,88.78,98.87,265.34,0.9038,-1,-1,-1
332,17,10.61,44.02,112.60,333.28,0.9039,-1,-1,-1
332,31,562.97,106.87,67.60,221.31,0.8693,-1,-1,-1
333,2,244.08,25.81,183.90,453.99,0.9125,-1,-1,-1
333,35,451.88,87.37,91.89,266.69,0.8679,-1,-1,-1
333,17,0.13,35.89,105.34,348.18,0.9349,-1,-1,-1
333,31,562.23,108.00,76.18,223.57,0.9065,-1,-1,-1
334,2,242.39,27.29,182.58,452.29,0.9057,-1,-1,-1
334,35,459.98,82.90,92.57,272.09,0.9283,-1,-1,-1
334,17,-3.50,26.41,81.10,364.40,0.9037,-1,-1,-1
334,31,557.57,107.94,83.47,222.75,0.9207,-1,-1,-1
334,41,419.09,128.98,59.06,211.84,0.7603,-1,-1,-1
334,30,41.18,119.57,59.94,177.13,0.6063,-1,-1,-1
335,2,241.13,28.44,181.03,451.62,0.9188,-1,-1,-1
335,35,463.36,83.39,91.64,273.31,0.9055,-1,-1,-1
335,17,-4.30,35.18,57.61,361.91,0.8292,-1,-1,-1
335,31,552.71,109.72,88.66,221.91,0.9179,-1,-1,-1
336,2,241.21,23.11,179.12,455.49,0.9173,-1,-1,-1
336,35,465.18,77.99,97.48,274.14,0.8988,-1,-1,-1
336,31,553.46,104.72,88.17,224.02,0.9125,-1,-1,-1
336,41,410.28,127.00,86.65,220.62,0.6175,-1,-1,-1
337,2,241.57,14.85,181.55,462.60,0.9324,-1,-1,-1
337,35,467.54,69.60,108.24,276.94,0.8849,-1,-1,-1
337,31,566.84,97.04,75.34,224.29,0.8966,-1,-1,-1
337,41,409.71,120.09,95.56,227.32,0.8346,-1,-1,-1
337,30,28.84,110.31,56.58,174.84,0.8794,-1,-1,-1
338,2,241.53,18.16,185.18,461.51,0.9326,-1,-1,-1
338,35,468.58,69.73,114.33,283.21,0.8855,-1,-1,-1
338,31,586.87,96.99,54.85,218.19,0.6732,-1,-1,-1
338,41,419.20,118.21,83.17,227.84,0.8315,-1,-1,-1
338,38,0.42,165.30,37.24,125.78,0.6420,-1,-1,-1
338,32,595.40,98.29,47.63,223.74,0.7996,-1,-1,-1
339,2,241.34,16.60,186.75,463.25,0.9312,-1,-1,-1
339,35,467.92,68.34,117.88,288.21,0.8982,-1,-1,-1
339,31,593.90,94.09,47.11,224.54,0.6384,-1,-1,-1
339,41,427.75,116.41,76.79,223.55,0.7851,-1,-1,-1
339,32,595.97,93.95,45.00,229.12,0.6028,-1,-1,-1
339,30,22.49,112.11,62.31,180.59,0.8488,-1,-1,-1
340,2,242.53,12.65,190.54,466.85,0.9221,-1,-1,-1
340,35,469.14,66.37,126.90,290.58,0.9082,-1,-1,-1
340,31,602.46,92.64,38.49,229.58,0.7450,-1,-1,-1
340,41,429.11,111.29,62.05,204.18,0.8170,-1,-1,-1
340,30,15.06,111.54,84.19,181.85,0.8472,-1,-1,-1
341,2,248.71,13.84,189.33,466.98,0.8967,-1,-1,-1
341,35,488.88,65.68,123.06,295.09,0.8943,-1,-1,-1
341,31,611.01,112.59,30.56,213.12,0.5251,-1,-1,-1
341,41,434.54,109.93,55.60,204.93,0.6314,-1,-1,-1
341,30,7.67,115.65,102.17,182.15,0.8776,-1,-1,-1
341,38,0.77,121.29,28.17,169.80,0.6268,-1,-1,-1
342,2,249.17,13.47,197.85,466.62,0.7004,-1,-1,-1
342,35,509.83,59.61,118.84,301.24,0.8667,-1,-1,-1
342,41,434.62,104.64,63.20,212.50,0.7629,-1,-1,-1
342,30,3.81,116.02,110.68,182.04,0.9116,-1,-1,-1
342,42,229.68,170.80,34.26,86.21,0.7806,-1,-1,-1
342,38,1.53,114.15,32.49,176.29,0.7404,-1,-1,-1
343,2,253.41,17.33,210.52,464.59,0.8951,-1,-1,-1
343,35,540.15,60.02,102.43,308.32,0.8918,-1,-1,-1
343,41,450.54,105.15,60.60,215.34,0.7731,-1,-1,-1
343,30,19.62,120.42,98.68,177.17,0.9001,-1,-1,-1
343,42,228.54,174.24,36.53,88.17,0.8263,-1,-1,-1
343,38,4.52,117.66,45.46,182.44,0.8108,-1,-1,-1
343,43,496.93,116.87,69.94,239.28,0.7970,-1,-1,-1
344,2,258.49,15.69,214.07,465.43,0.8722,-1,-1,-1
344,35,556.07,58.72,88.50,314.93,0.9023,-1,-1,-1
344,41,459.53,104.03,56.73,224.99,0.7193,-1,-1,-1
344,30,31.34,120.44,83.08,177.96,0.8449,-1,-1,-1
344,42,221.93,173.92,37.49,90.05,0.8391,-1,-1,-1
344,38,3.25,119.49,50.71,180.67,0.8244,-1,-1,-1
345,2,271.76,7.47,215.75,471.75,0.8649,-1,-1,-1
345,35,575.09,54.49,71.12,320.95,0.9056,-1,-1,-1
345,41,467.14,98.01,53.36,232.33,0.5012,-1,-1,-1
345,30,54.22,116.34,62.11,179.07,0.8398,-1,-1,-1
345,42,213.05,169.34,43.19,93.74,0.7418,-1,-1,-1
345,38,4.59,119.07,61.99,175.21,0.8235,-1,-1,-1
345,43,514.36,116.82,79.08,241.98,0.8932,-1,-1,-1
346,2,292.34,8.61,204.79,473.16,0.8572,-1,-1,-1
346,35,595.40,58.59,50.37,326.37,0.7963,-1,-1,-1
346,30,70.86,123.95,52.65,179.45,0.8368,-1,-1,-1
346,42,211.11,175.66,46.72,95.08,0.8149,-1,-1,-1
346,38,6.20,128.70,72.38,173.71,0.8493,-1,-1,-1
346,43,538.59,117.24,83.21,250.58,0.7624,-1,-1,-1
347,2,305.05,3.29,206.94,477.16,0.8644,-1,-1,-1
347,30,83.45,127.57,60.13,177.68,0.8524,-1,-1,-1
347,42,213.32,175.76,46.24,96.69,0.8074,-1,-1,-1
347,38,11.90,129.19,75.90,175.64,0.8578,-1,-1,-1
347,43,565.38,114.34,74.68,261.14,0.8536,-1,-1,-1
348,2,313.73,0.02,206.07,478.68,0.8442,-1,-1,-1
348,30,86.76,127.20,72.04,175.90,0.8152,-1,-1,-1
348,42,213.05,170.88,43.41,99.65,0.7552,-1,-1,-1
348,43,581.95,107.62,62.15,261.30,0.8730,-1,-1,-1
349,2,318.91,1.33,208.63,477.89,0.8616,-1,-1,-1
349,30,88.11,131.68,81.77,172.77,0.7412,-1,-1,-1
349,42,208.31,171.45,43.71,102.00,0.6340,-1,-1,-1
349,43,596.73,111.13,47.10,260.61,0.7580,-1,-1,-1
349,38,42.99,128.37,59.71,174.94,0.8546,-1,-1,-1
350,2,319.92,0.82,208.85,479.10,0.9056,-1,-1,-1
350,30,87.02,131.55,84.82,173.71,0.8969,-1,-1,-1
350,42,202.30,170.59,43.97,104.04,0.7564,-1,-1,-1
350,38,50.28,129.93,56.22,172.14,0.8674,-1,-1,-1
350,41,508.14,77.86,57.81,296.19,0.8271,-1,-1,-1
351,2,321.99,-0.42,211.73,479.66,0.8718,-1,-1,-1
351,30,107.99,128.42,65.29,170.96,0.8305,-1,-1,-1
351,42,197.48,168.35,44.82,104.20,0.7016,-1,-1,-1
351,41,512.45,66.93,64.19,318.93,0.8443,-1,-1,-1
352,2,325.43,-0.69,202.87,478.07,0.8546,-1,-1,-1
352,30,127.02,125.64,55.48,169.73,0.9075,-1,-1,-1
352,42,193.33,165.08,46.29,107.40,0.8182,-1,-1,-1
352,41,513.04,60.48,82.79,339.44,0.7021,-1,-1,-1
352,38,53.94,129.62,88.71,166.63,0.9309,-1,-1,-1
353,2,329.85,-1.79,204.53,479.08,0.8227,-1,-1,-1
353,30,142.00,120.94,54.44,169.15,0.8002,-1,-1,-1
353,42,193.93,160.13,43.36,108.76,0.5977,-1,-1,-1
353,41,516.80,50.44,97.23,361.26,0.9053,-1,-1,-1
353,38,58.32,129.12,92.64,163.39,0.9213,-1,-1,-1
354,2,331.47,0.85,208.84,478.12,0.8477,-1,-1,-1
354,30,150.83,126.15,60.91,169.80,0.7445,-1,-1,-1
354,42,194.23,163.66,40.14,108.09,0.7095,-1,-1,-1
354,41,523.06,45.94,108.73,379.09,0.9325,-1,-1,-1
354,38,64.15,133.51,90.87,163.25,0.8875,-1,-1,-1
354,44,1.12,88.21,41.92,263.91,0.7867,-1,-1,-1
355,2,330.71,1.40,221.51,477.26,0.7668,-1,-1,-1
355,30,154.47,132.97,78.70,167.92,0.8937,-1,-1,-1
355,41,540.57,37.46,99.73,400.02,0.9172,-1,-1,-1
355,38,86.26,135.35,81.31,162.32,0.8307,-1,-1,-1
355,44,1.84,78.01,62.88,287.96,0.8681,-1,-1,-1
356,2,327.56,-1.65,231.66,476.70,0.7166,-1,-1,-1
356,30,152.31,129.32,87.23,166.78,0.9017,-1,-1,-1
356,41,553.04,18.59,89.03,417.40,0.5398,-1,-1,-1
356,38,104.92,128.29,67.69,162.81,0.8246,-1,-1,-1
356,44,0.74,47.98,75.52,313.72,0.8885,-1,-1,-1
357,2,325.98,-1.12,235.16,478.65,0.8010,-1,-1,-1
357,30,156.35,127.91,83.73,166.35,0.8960,-1,-1,-1
357,41,568.52,11.40,73.57,451.71,0.8209,-1,-1,-1
357,38,120.03,125.98,59.62,163.04,0.8639,-1,-1,-1
357,44,0.04,37.46,96.83,315.76,0.9326,-1,-1,-1
358,2,327.22,1.55,238.20,479.27,0.8428,-1,-1,-1
358,30,171.12,131.80,67.66,162.80,0.6472,-1,-1,-1
358,41,581.34,44.30,60.80,409.07,0.7658,-1,-1,-1
358,38,126.61,131.89,58.86,162.04,0.8770,-1,-1,-1
358,44,0.13,40.77,107.80,313.90,0.9307,-1,-1,-1
359,2,326.46,19.81,236.80,469.04,0.8609,-1,-1,-1
359,30,182.51,155.21,53.24,163.25,0.8236,-1,-1,-1
359,41,545.97,50.46,77.33,399.04,0.9248,-1,-1,-1
359,38,120.46,159.03,71.42,158.73,0.8377,-1,-1,-1
359,44,-1.32,72.09,107.22,310.63,0.9130,-1,-1,-1
360,2,330.62,27.40,234.08,456.66,0.8602,-1,-1,-1
360,30,192.62,162.09,45.13,164.42,0.8680,-1,-1,-1
360,41,539.63,45.92,92.30,406.27,0.8918,-1,-1,-1
360,38,120.84,164.12,75.61,162.61,0.5418,-1,-1,-1
360,44,0.33,81.80,103.15,310.40,0.9257,-1,-1,-1
361,2,332.32,18.72,228.83,458.35,0.8410,-1,-1,-1
361,30,189.89,156.45,46.86,165.05,0.8960,-1,-1,-1
361,41,529.41,24.94,106.52,419.91,0.9126,-1,-1,-1
361,38,116.63,160.40,74.16,159.28,0.8325,-1,-1,-1
361,44,-1.47,73.16,96.37,315.81,0.9278,-1,-1,-1
362,2,334.19,11.84,224.46,463.84,0.8223,-1,-1,-1
362,30,184.25,152.67,52.48,163.43,0.9179,-1,-1,-1
362,41,525.07,4.58,112.71,438.31,0.9107,-1,-1,-1
362,38,128.21,154.12,57.79,156.62,0.8184,-1,-1,-1
362,44,-1.77,64.47,94.97,321.86,0.9175,-1,-1,-1
363,2,339.83,12.90,222.06,463.57,0.8928,-1,-1,-1
363,30,182.93,156.78,58.82,162.26,0.8745,-1,-1,-1
363,41,530.93,0.15,110.15,451.28,0.8806,-1,-1,-1
363,38,138.02,155.47,50.40,155.95,0.8542,-1,-1,-1
363,44,0.37,65.55,99.37,326.81,0.9278,-1,-1,-1
363,42,98.36,174.34,48.23,134.02,0.8118,-1,-1,-1
364,2,348.75,18.01,213.46,460.73,0.8488,-1,-1,-1
364,30,184.57,163.55,59.63,163.32,0.8981,-1,-1,-1
364,41,541.14,1.21,100.92,471.34,0.8183,-1,-1,-1
364,38,146.02,163.15,47.79,156.28,0.8511,-1,-1,-1
364,44,1.04,73.15,105.16,328.86,0.9134,-1,-1,-1
364,42,92.64,179.85,47.44,137.15,0.8150,-1,-1,-1
365,2,350.72,21.20,206.14,459.29,0.8909,-1,-1,-1
365,30,188.95,169.14,53.87,160.52,0.8749,-1,-1,-1
365,41,544.75,23.49,95.71,455.76,0.8421,-1,-1,-1
365,38,144.26,168.56,51.18,156.75,0.6911,-1,-1,-1
365,44,-0.64,81.13,106.54,326.95,0.9175,-1,-1,-1
366,2,350.53,14.77,201.18,461.25,0.8296,-1,-1,-1
366,30,191.38,156.68,50.44,159.80,0.8855,-1,-1,-1
366,41,560.35,22.36,79.04,452.04,0.8819,-1,-1,-1
366,38,134.07,159.70,72.44,154.53,0.7719,-1,-1,-1
366,44,-1.64,70.81,105.91,324.37,0.9163,-1,-1,-1
367,2,357.91,10.90,202.03,464.94,0.7316,-1,-1,-1
367,30,201.08,148.41,50.01,158.36,0.8723,-1,-1,-1
367,41,591.67,26.26,50.54,329.65,0.6420,-1,-1,-1
367,38,136.63,151.82,75.69,152.89,0.8174,-1,-1,-1
367,44,1.67,62.86,114.29,324.12,0.7567,-1,-1,-1
368,2,369.65,13.80,204.38,465.22,0.7986,-1,-1,-1
368,30,212.59,149.23,53.86,158.37,0.8953,-1,-1,-1
368,38,144.17,154.31,74.66,151.69,0.8753,-1,-1,-1
368,44,3.63,64.69,121.58,324.55,0.9345,-1,-1,-1
369,2,378.55,16.13,209.57,465.15,0.7800,-1,-1,-1
369,38,158.73,159.47,70.73,152.36,0.8924,-1,-1,-1
369,44,4.18,73.87,132.32,316.01,0.9090,-1,-1,-1
370,2,395.79,13.83,198.40,466.60,0.7474,-1,-1,-1
370,38,170.52,160.34,62.45,150.86,0.8575,-1,-1,-1
370,44,0.84,75.68,136.63,309.92,0.9232,-1,-1,-1
370,30,220.99,160.22,65.77,156.68,0.8958,-1,-1,-1
371,2,388.01,8.60,218.13,470.71,0.7616,-1,-1,-1
371,38,183.14,157.27,54.44,151.62,0.8687,-1,-1,-1
371,44,0.20,73.99,137.94,309.20,0.9146,-1,-1,-1
371,30,222.32,160.05,66.94,156.20,0.8745,-1,-1,-1
372,2,389.11,2.29,236.04,477.01,0.8327,-1,-1,-1
372,38,194.60,157.64,52.15,151.56,0.8633,-1,-1,-1
372,44,6.75,73.15,136.32,308.53,0.9167,-1,-1,-1
372,30,230.96,159.08,63.77,155.96,0.8703,-1,-1,-1
373,2,397.53,0.32,241.14,476.56,0.8132,-1,-1,-1
373,38,206.01,158.87,54.02,150.65,0.8444,-1,-1,-1
373,44,18.63,76.84,135.00,308.01,0.8962,-1,-1,-1
373,30,246.57,157.76,58.66,157.22,0.8750,-1,-1,-1
374,2,404.45,0.55,239.36,478.62,0.8320,-1,-1,-1
374,38,213.61,162.74,58.70,148.90,0.8792,-1,-1,-1
374,44,26.26,82.69,135.50,309.93,0.9243,-1,-1,-1
374,30,263.73,158.36,49.63,157.68,0.8898,-1,-1,-1
375,2,413.30,0.13,230.81,478.79,0.8736,-1,-1,-1
375,38,217.19,164.09,59.55,147.14,0.8999,-1,-1,-1
375,44,29.66,80.43,132.14,316.55,0.9247,-1,-1,-1
375,30,272.89,157.81,46.15,157.15,0.8855,-1,-1,-1
375,46,1.15,102.81,50.59,280.58,0.8638,-1,-1,-1
376,2,424.36,0.08,218.93,479.21,0.8943,-1,-1,-1
376,38,221.19,163.37,58.02,148.22,0.8909,-1,-1,-1
376,44,33.35,79.84,132.04,314.60,0.9302,-1,-1,-1
376,30,278.40,158.54,45.22,156.06,0.8772,-1,-1,-1
376,46,1.28,100.40,58.05,281.23,0.8658,-1,-1,-1
377,2,445.78,11.93,196.59,466.67,0.8684,-1,-1,-1
377,38,228.15,161.07,51.99,146.52,0.8906,-1,-1,-1
377,44,35.26,75.41,136.29,315.17,0.9385,-1,-1,-1
377,30,280.53,159.54,46.69,155.37,0.8694,-1,-1,-1
377,46,1.00,97.25,64.33,287.95,0.8891,-1,-1,-1
378,2,470.92,22.13,170.56,455.76,0.7875,-1,-1,-1
378,38,233.47,160.01,47.32,147.31,0.8755,-1,-1,-1
378,44,41.25,73.18,134.05,309.66,0.9364,-1,-1,-1
378,30,282.65,159.98,47.90,155.72,0.8830,-1,-1,-1
378,46,0.52,96.24,67.32,291.05,0.8570,-1,-1,-1
378,47,447.68,192.51,40.49,91.84,0.7997,-1,-1,-1
379,2,496.66,35.22,144.09,441.24,0.8453,-1,-1,-1
379,38,237.42,158.04,44.73,147.58,0.8246,-1,-1,-1
379,44,43.48,69.90,131.94,311.18,0.9376,-1,-1,-1
379,30,287.08,156.82,47.46,154.00,0.8756,-1,-1,-1
379,46,-0.16,94.53,60.50,281.50,0.8434,-1,-1,-1
379,47,447.26,190.80,41.42,90.42,0.7942,-1,-1,-1
380,2,523.81,50.69,116.07,427.47,0.8470,-1,-1,-1
380,38,238.45,160.99,51.33,148.07,0.8340,-1,-1,-1
380,44,41.28,72.07,131.05,315.79,0.9393,-1,-1,-1
380,30,290.69,158.62,46.17,154.96,0.9043,-1,-1,-1
380,46,-0.75,99.16,57.40,279.97,0.8443,-1,-1,-1
380,47,444.70,193.02,41.61,91.51,0.8082,-1,-1,-1
381,2,547.60,71.83,91.90,407.79,0.8751,-1,-1,-1
381,38,235.80,167.84,57.46,145.40,0.8505,-1,-1,-1
381,44,37.92,75.41,128.92,321.76,0.9348,-1,-1,-1
381,30,292.42,161.53,46.16,155.91,0.8926,-1,-1,-1
381,46,-1.15,108.95,52.05,274.24,0.8231,-1,-1,-1
381,47,442.57,196.00,42.15,91.67,0.6720,-1,-1,-1
381,48,508.65,165.35,64.58,167.31,0.8768,-1,-1,-1
382,2,571.43,105.58,67.82,371.98,0.8528,-1,-1,-1
382,38,232.07,168.66,59.36,144.71,0.8565,-1,-1,-1
382,44,32.85,75.11,126.56,328.16,0.9224,-1,-1,-1
382,30,292.03,160.02,49.88,156.14,0.8915,-1,-1,-1
382,46,-1.58,122.27,43.03,226.38,0.7195,-1,-1,-1
382,47,444.38,194.89,40.30,90.76,0.6307,-1,-1,-1
382,48,508.07,164.31,74.09,170.96,0.7996,-1,-1,-1
383,2,591.26,197.99,47.92,280.88,0.6920,-1,-1,-1
383,38,228.12,171.47,59.52,144.92,0.8825,-1,-1,-1
383,44,22.83,76.01,126.87,335.61,0.9190,-1,-1,-1
383,30,289.56,162.55,55.76,157.55,0.9128,-1,-1,-1
383,46,-1.69,131.64,39.53,205.53,0.5837,-1,-1,-1
383,47,446.50,198.58,33.75,88.57,0.6173,-1,-1,-1
383,48,503.84,164.18,85.89,177.78,0.8967,-1,-1,-1
384,38,226.63,167.08,59.31,144.55,0.8910,-1,-1,-1
384,44,7.80,71.45,127.34,337.39,0.9252,-1,-1,-1
384,30,283.50,161.11,56.40,157.03,0.9241,-1,-1,-1
384,47,434.42,195.70,41.19,87.95,0.5788,-1,-1,-1
384,48,504.87,154.83,85.98,186.33,0.8818,-1,-1,-1
385,38,232.49,163.60,54.63,145.54,0.8780,-1,-1,-1
385,44,1.44,67.35,127.11,334.74,0.9332,-1,-1,-1
385,30,283.21,160.32,56.23,156.85,0.8610,-1,-1,-1
385,47,432.52,193.94,42.55,86.99,0.7519,-1,-1,-1
385,48,510.44,148.76,82.69,192.77,0.8759,-1,-1,-1
386,38,235.69,160.45,51.75,148.36,0.8619,-1,-1,-1
386,44,-2.20,63.46,123.56,337.29,0.9259,-1,-1,-1
386,30,283.15,158.34,54.58,157.23,0.9244,-1,-1,-1
386,47,428.02,191.71,43.38,87.27,0.7801,-1,-1,-1
386,48,519.55,143.78,66.51,204.23,0.8739,-1,-1,-1
387,38,234.04,158.04,53.66,149.89,0.8927,-1,-1,-1
387,44,-3.49,58.49,119.90,347.35,0.9350,-1,-1,-1
387,30,285.32,154.54,49.58,157.72,0.8846,-1,-1,-1
387,47,421.67,190.06,42.77,87.60,0.7776,-1,-1,-1
387,48,522.03,137.39,68.28,218.01,0.9010,-1,-1,-1
388,38,233.74,161.78,52.91,148.93,0.8968,-1,-1,-1
388,44,-2.84,57.74,114.08,356.09,0.9170,-1,-1,-1
388,30,287.09,155.69,46.25,159.01,0.8622,-1,-1,-1
388,47,417.58,191.16,41.45,88.36,0.5647,-1,-1,-1
388,48,522.36,135.62,69.77,228.88,0.8850,-1,-1,-1
389,38,229.34,170.48,53.11,146.43,0.9207,-1,-1,-1
389,44,-2.86,60.35,108.31,359.82,0.9209,-1,-1,-1
389,30,284.35,162.57,44.97,158.98,0.8437,-1,-1,-1
389,48,522.81,136.70,72.37,241.75,0.9071,-1,-1,-1
390,38,223.24,167.22,53.05,148.69,0.9070,-1,-1,-1
390,44,-3.09,58.10,98.79,347.64,0.9088,-1,-1,-1
390,30,277.21,161.48,49.33,155.00,0.8819,-1,-1,-1
390,48,519.68,126.95,75.28,252.66,0.9001,-1,-1,-1
390,47,403.82,194.35,39.97,86.10,0.7899,-1,-1,-1
391,38,215.23,164.45,50.68,147.10,0.9026,-1,-1,-1
391,44,-3.92,80.65,83.68,324.79,0.8874,-1,-1,-1
391,30,268.11,161.83,49.12,154.26,0.8309,-1,-1,-1
391,48,508.29,116.89,91.44,264.79,0.9146,-1,-1,-1
391,47,394.94,191.91,36.84,85.10,0.7784,-1,-1,-1
392,38,212.79,161.91,49.05,147.16,0.9006,-1,-1,-1
392,44,-1.88,91.52,68.30,317.28,0.8228,-1,-1,-1
392,30,264.25,158.88,50.32,156.49,0.8357,-1,-1,-1
392,48,501.95,109.06,110.73,275.20,0.9082,-1,-1,-1
392,47,388.72,191.83,36.83,81.00,0.8215,-1,-1,-1
393,38,209.74,164.04,46.95,149.25,0.8713,-1,-1,-1
393,44,-0.87,101.54,54.36,313.35,0.7977,-1,-1,-1
393,30,259.65,162.90,52.18,154.85,0.8760,-1,-1,-1
393,48,494.10,107.31,136.16,296.06,0.9313,-1,-1,-1
393,47,382.96,196.17,36.73,82.07,0.7998,-1,-1,-1
394,38,212.13,165.18,46.66,149.39,0.8546,-1,-1,-1
394,44,1.05,104.57,62.34,314.43,0.7475,-1,-1,-1
394,30,261.13,162.42,52.15,154.77,0.8569,-1,-1,-1
394,48,495.05,103.37,145.45,310.84,0.9361,-1,-1,-1
394,47,383.37,195.98,37.30,82.99,0.7927,-1,-1,-1
395,38,208.36,161.21,50.82,150.20,0.8925,-1,-1,-1
395,44,-0.09,103.22,43.99,255.33,0.6419,-1,-1,-1
395,30,256.57,159.18,51.28,154.03,0.8943,-1,-1,-1
395,48,490.04,94.21,152.15,331.61,0.9439,-1,-1,-1
395,47,378.10,192.04,37.16,84.02,0.8234,-1,-1,-1
396,38,204.43,164.96,54.68,150.06,0.9153,-1,-1,-1
396,44,-0.05,109.43,28.16,228.92,0.6468,-1,-1,-1
396,30,253.75,161.17,49.76,155.26,0.8809,-1,-1,-1
396,48,488.81,89.21,154.38,355.82,0.9456,-1,-1,-1
396,47,373.60,196.19,36.12,82.96,0.8044,-1,-1,-1
397,38,200.51,168.76,55.66,148.13,0.9174,-1,-1,-1
397,30,253.44,165.32,48.64,154.75,0.9010,-1,-1,-1
397,48,491.74,79.88,151.96,380.87,0.9414,-1,-1,-1
397,47,370.97,198.96,34.26,82.93,0.5824,-1,-1,-1
398,38,199.75,171.68,53.72,147.51,0.9166,-1,-1,-1
398,30,253.71,168.64,47.67,154.52,0.8948,-1,-1,-1
398,48,505.32,66.49,138.92,404.95,0.9074,-1,-1,-1
398,47,369.65,201.88,33.28,81.18,0.5506,-1,-1,-1
399,38,200.53,169.24,52.17,147.44,0.8724,-1,-1,-1
399,30,253.26,166.41,48.87,154.83,0.8891,-1,-1,-1
399,48,517.91,46.27,126.13,431.82,0.9006,-1,-1,-1
399,47,368.40,197.59,34.95,82.63,0.6918,-1,-1,-1
400,38,203.49,165.90,46.93,147.50,0.8835,-1,-1,-1
400,30,250.85,164.66,49.43,153.18,0.9016,-1,-1,-1
400,48,533.02,28.99,109.69,452.28,0.8938,-1,-1,-1
400,47,364.42,194.94,34.02,83.95,0.7752,-1,-1,-1
401,38,200.07,164.92,50.32,147.40,0.9001,-1,-1,-1
401,30,247.99,164.47,49.59,151.58,0.8910,-1,-1,-1
401,48,555.26,25.42,86.30,458.27,0.8902,-1,-1,-1
401,47,359.52,197.48,33.08,82.31,0.5821,-1,-1,-1
402,38,197.21,160.78,50.33,147.51,0.9069,-1,-1,-1
402,30,246.01,160.24,47.18,151.28,0.9009,-1,-1,-1
402,48,577.29,56.98,63.91,425.43,0.8564,-1,-1,-1
403,38,197.17,165.13,50.37,147.58,0.9078,-1,-1,-1
403,30,245.09,165.77,49.51,149.13,0.8910,-1,-1,-1
404,38,197.39,166.62,49.67,146.01,0.8998,-1,-1,-1
404,30,244.19,166.54,51.68,148.60,0.8465,-1,-1,-1
404,47,351.10,193.91,34.28,81.95,0.6125,-1,-1,-1
405,38,195.82,166.71,51.42,144.23,0.9047,-1,-1,-1
405,30,243.93,164.85,52.42,148.22,0.8637,-1,-1,-1
405,47,348.88,192.23,32.39,80.57,0.7011,-1,-1,-1
406,38,195.30,166.34,51.91,141.76,0.9033,-1,-1,-1
406,30,244.14,164.75,50.55,145.64,0.8700,-1,-1,-1
406,47,347.48,191.55,32.63,81.38,0.7832,-1,-1,-1
407,38,195.37,161.00,51.65,142.55,0.9005,-1,-1,-1
407,30,247.47,161.09,48.07,144.13,0.8469,-1,-1,-1
407,47,346.72,190.92,31.99,79.79,0.7734,-1,-1,-1
408,38,196.87,157.17,48.90,145.15,0.8678,-1,-1,-1
408,30,249.46,160.12,46.76,143.69,0.8708,-1,-1,-1
408,47,345.91,190.93,32.16,78.78,0.8439,-1,-1,-1
409,38,196.58,155.51,46.75,145.67,0.8885,-1,-1,-1
409,30,249.36,157.62,46.28,144.35,0.8736,-1,-1,-1
409,47,344.97,188.30,33.10,79.56,0.8373,-1,-1,-1
410,38,191.57,156.55,48.41,144.27,0.8788,-1,-1,-1
410,30,246.27,157.01,46.60,145.12,0.8960,-1,-1,-1
410,47,339.16,185.49,34.45,80.48,0.6556,-1,-1,-1
411,38,184.45,157.97,51.44,141.87,0.9004,-1,-1,-1
411,30,242.71,157.79,45.66,145.04,0.8771,-1,-1,-1
412,38,181.97,161.80,46.91,141.01,0.8922,-1,-1,-1
412,30,238.14,161.56,45.81,143.26,0.8456,-1,-1,-1
412,47,327.70,188.44,33.79,78.54,0.7420,-1,-1,-1
413,38,182.26,161.87,45.77,140.51,0.8732,-1,-1,-1
413,30,236.44,159.99,47.50,142.83,0.8357,-1,-1,-1
413,47,325.43,187.26,34.15,77.47,0.6535,-1,-1,-1
414,38,178.50,161.98,47.05,140.41,0.8827,-1,-1,-1
414,30,232.84,162.42,47.30,140.76,0.8479,-1,-1,-1
414,47,318.17,188.65,35.96,77.24,0.6929,-1,-1,-1
415,38,173.06,160.79,47.87,140.26,0.8863,-1,-1,-1
415,30,227.18,160.55,46.75,140.83,0.8497,-1,-1,-1
415,47,312.20,191.40,33.39,74.29,0.6147,-1,-1,-1
416,38,169.49,162.50,49.74,140.40,0.8863,-1,-1,-1
416,30,222.14,164.54,46.13,139.30,0.8490,-1,-1,-1
416,50,543.22,101.17,95.43,325.06,0.9102,-1,-1,-1
417,38,168.14,164.48,49.74,141.05,0.9087,-1,-1,-1
417,30,219.27,168.99,44.06,137.80,0.8377,-1,-1,-1
417,50,543.32,59.38,95.47,374.79,0.8779,-1,-1,-1
417,47,300.99,194.02,32.53,77.25,0.7913,-1,-1,-1
418,38,165.85,163.46,48.97,138.44,0.9027,-1,-1,-1
418,30,212.30,166.85,49.18,136.47,0.8695,-1,-1,-1
418,50,542.68,31.80,96.18,403.26,0.9088,-1,-1,-1
418,47,296.49,192.93,31.81,73.97,0.6938,-1,-1,-1
419,38,164.41,166.50,49.77,136.30,0.9021,-1,-1,-1
419,30,210.05,168.97,49.92,134.76,0.8569,-1,-1,-1
419,50,530.00,21.73,109.67,416.33,0.9136,-1,-1,-1
419,47,294.33,192.45,31.66,74.98,0.8315,-1,-1,-1
420,38,160.48,166.05,49.30,135.63,0.8868,-1,-1,-1
420,30,207.47,168.67,46.64,132.71,0.8584,-1,-1,-1
420,50,503.17,15.50,135.76,426.01,0.9470,-1,-1,-1
420,47,288.58,192.29,31.97,72.15,0.8335,-1,-1,-1
421,38,153.61,167.06,48.40,131.32,0.8783,-1,-1,-1
421,30,202.33,169.45,43.97,129.07,0.8222,-1,-1,-1
421,50,478.38,19.16,159.09,427.61,0.9502,-1,-1,-1
421,47,280.49,191.76,32.12,73.73,0.8602,-1,-1,-1
422,38,151.25,164.85,47.28,130.74,0.8940,-1,-1,-1
422,30,199.29,165.60,43.46,130.64,0.8556,-1,-1,-1
422,50,465.01,22.70,173.65,426.83,0.9469,-1,-1,-1
422,47,277.08,189.99,31.56,74.29,0.8208,-1,-1,-1
423,38,146.72,160.21,47.03,133.66,0.8882,-1,-1,-1
423,30,195.30,160.86,42.67,131.70,0.8591,-1,-1,-1
423,50,454.63,27.86,179.41,423.51,0.9432,-1,-1,-1
423,47,271.71,189.23,31.41,72.75,0.6796,-1,-1,-1
424,38,142.02,159.88,45.96,134.83,0.8697,-1,-1,-1
424,30,192.37,161.39,41.15,131.59,0.8601,-1,-1,-1
424,50,442.21,36.55,184.26,418.27,0.9237,-1,-1,-1
424,47,266.29,188.20,30.39,74.41,0.7874,-1,-1,-1
425,38,135.09,159.51,46.36,132.66,0.8757,-1,-1,-1
425,30,185.79,159.26,41.10,132.08,0.8580,-1,-1,-1
425,50,427.53,40.37,187.25,409.59,0.9386,-1,-1,-1
425,47,259.00,185.41,30.04,74.04,0.7961,-1,-1,-1
426,38,130.83,158.46,48.31,132.21,0.8347,-1,-1,-1
426,30,182.86,159.13,39.62,130.93,0.8589,-1,-1,-1
426,50,417.56,42.60,190.86,405.09,0.9269,-1,-1,-1
426,47,254.45,183.52,29.00,73.80,0.7342,-1,-1,-1
427,38,124.87,157.72,49.29,130.15,0.8504,-1,-1,-1
427,30,177.36,156.95,42.42,130.55,0.8415,-1,-1,-1
427,50,408.01,42.94,172.61,399.54,0.9295,-1,-1,-1
427,47,248.55,179.14,28.14,75.56,0.8287,-1,-1,-1
428,38,119.44,157.07,51.24,129.03,0.8816,-1,-1,-1
428,30,173.77,153.36,42.62,130.17,0.8648,-1,-1,-1
428,50,402.88,41.22,147.51,385.78,0.9236,-1,-1,-1
428,47,241.56,178.64,28.91,74.45,0.7669,-1,-1,-1
429,38,115.47,156.57,50.21,128.01,0.8884,-1,-1,-1
429,30,170.31,152.79,42.88,129.50,0.8589,-1,-1,-1
429,50,397.39,43.10,125.66,366.22,0.9404,-1,-1,-1
429,47,235.08,178.88,28.29,74.73,0.8241,-1,-1,-1
429,51,487.66,0.97,150.94,477.40,0.8413,-1,-1,-1
430,38,111.53,155.16,50.35,127.38,0.8732,-1,-1,-1
430,30,165.65,154.08,42.68,127.78,0.8316,-1,-1,-1
430,50,372.77,47.55,128.30,355.20,0.9189,-1,-1,-1
430,47,229.20,180.94,27.30,72.81,0.6772,-1,-1,-1
430,51,429.51,0.19,207.43,478.78,0.8949,-1,-1,-1
431,38,108.97,151.97,50.95,127.49,0.8541,-1,-1,-1
431,30,163.47,153.59,43.83,125.80,0.8565,-1,-1,-1
431,50,351.23,49.61,136.16,347.94,0.9182,-1,-1,-1
431,47,224.15,178.74,29.25,72.63,0.8257,-1,-1,-1
431,51,395.17,-0.56,242.28,479.87,0.8984,-1,-1,-1
432,38,107.54,150.83,51.18,126.75,0.8630,-1,-1,-1
432,30,161.35,154.29,41.97,123.76,0.7881,-1,-1,-1
432,50,337.72,52.51,128.88,324.64,0.8983,-1,-1,-1
432,47,220.98,174.84,29.60,75.57,0.8488,-1,-1,-1
432,51,401.93,-0.33,236.05,479.54,0.9196,-1,-1,-1
433,38,105.93,153.09,51.05,125.34,0.8840,-1,-1,-1
433,30,157.74,154.53,42.27,123.89,0.8080,-1,-1,-1
433,50,332.85,55.68,112.42,316.39,0.8719,-1,-1,-1
433,47,218.10,175.73,29.96,74.88,0.8657,-1,-1,-1
433,51,402.39,0.15,236.27,479.17,0.9269,-1,-1,-1
434,38,100.08,155.17,50.71,123.00,0.9069,-1,-1,-1
434,30,154.36,154.32,41.51,122.69,0.8604,-1,-1,-1
434,50,326.57,57.09,94.25,314.24,0.8420,-1,-1,-1
434,47,211.88,173.64,30.88,76.26,0.8464,-1,-1,-1
434,51,384.43,0.03,207.03,479.64,0.8510,-1,-1,-1
435,38,97.35,153.45,51.00,123.60,0.8728,-1,-1,-1
435,30,151.60,152.76,41.75,119.91,0.8274,-1,-1,-1
435,50,314.42,84.41,73.72,287.87,0.7735,-1,-1,-1
435,47,209.31,174.82,30.40,73.95,0.7651,-1,-1,-1
435,51,354.10,-0.34,184.75,479.83,0.8799,-1,-1,-1
436,38,92.47,150.74,49.02,123.51,0.8572,-1,-1,-1
436,30,149.00,148.48,41.62,120.90,0.8596,-1,-1,-1
436,47,205.13,173.04,29.38,73.37,0.7212,-1,-1,-1
436,51,310.80,-0.45,189.12,479.62,0.9250,-1,-1,-1
437,38,88.93,150.19,47.76,121.98,0.8816,-1,-1,-1
437,30,147.48,149.52,41.77,120.52,0.8191,-1,-1,-1
437,47,202.68,172.04,28.90,75.03,0.7887,-1,-1,-1
437,51,260.49,1.41,217.53,477.23,0.9420,-1,-1,-1
437,53,596.42,91.75,42.52,307.26,0.7467,-1,-1,-1
438,38,83.66,151.31,47.59,119.52,0.8976,-1,-1,-1
438,30,144.40,149.16,41.86,120.51,0.8301,-1,-1,-1
438,47,199.98,169.39,26.95,77.22,0.7341,-1,-1,-1
438,51,210.55,0.52,258.45,478.96,0.9458,-1,-1,-1
438,53,556.52,76.11,82.10,324.83,0.8893,-1,-1,-1
439,38,81.52,149.05,46.79,120.97,0.8807,-1,-1,-1
439,30,142.55,149.02,39.11,119.78,0.8692,-1,-1,-1
439,51,181.25,1.30,262.81,478.79,0.8913,-1,-1,-1
439,53,531.03,74.36,107.63,328.27,0.9209,-1,-1,-1
440,51,107.96,1.86,319.41,478.20,0.8998,-1,-1,-1
440,53,513.38,75.97,123.20,332.01,0.9244,-1,-1,-1
441,51,29.71,2.31,307.20,478.81,0.8838,-1,-1,-1
441,53,510.81,77.94,126.47,335.90,0.9143,-1,-1,-1
441,54,282.31,64.50,105.91,308.26,0.8507,-1,-1,-1
441,55,369.17,137.50,51.84,178.74,0.7545,-1,-1,-1
442,51,-1.20,2.01,274.19,479.14,0.5085,-1,-1,-1
442,53,518.69,77.62,115.55,326.67,0.9135,-1,-1,-1
442,54,264.02,66.41,120.19,323.79,0.9130,-1,-1,-1
442,55,366.76,137.10,51.34,175.34,0.6731,-1,-1,-1
443,51,-11.16,1.12,231.81,479.16,0.6875,-1,-1,-1
443,53,515.63,75.26,111.06,316.14,0.8071,-1,-1,-1
443,54,255.04,63.44,123.93,331.85,0.9047,-1,-1,-1
443,55,365.25,133.65,46.75,178.80,0.5379,-1,-1,-1
444,53,498.59,79.66,115.84,309.17,0.6745,-1,-1,-1
444,54,248.39,65.41,123.35,328.25,0.9227,-1,-1,-1
444,55,359.03,136.18,47.59,179.20,0.6959,-1,-1,-1
444,30,143.65,155.54,35.80,118.47,0.8278,-1,-1,-1
445,54,247.89,62.86,118.99,322.75,0.9281,-1,-1,-1
445,55,357.52,137.81,50.23,178.42,0.8915,-1,-1,-1
445,56,188.72,179.14,29.99,70.87,0.7878,-1,-1,-1
445,57,582.76,87.24,56.89,272.38,0.7427,-1,-1,-1
445,30,144.55,156.75,37.92,117.17,0.8344,-1,-1,-1
446,54,246.71,59.12,112.61,322.92,0.9273,-1,-1,-1
446,55,348.03,138.64,58.62,178.57,0.8152,-1,-1,-1
446,56,192.31,177.54,29.37,71.61,0.7356,-1,-1,-1
446,57,582.47,77.36,57.46,288.79,0.8571,-1,-1,-1
446,30,147.46,156.66,39.99,115.56,0.8165,-1,-1,-1
446,58,95.64,153.33,43.05,118.37,0.8731,-1,-1,-1
446,51,-13.05,4.22,119.21,318.96,0.7625,-1,-1,-1
446,53,468.93,81.62,153.15,313.61,0.9016,-1,-1,-1
447,54,240.15,60.57,112.37,326.75,0.9321,-1,-1,-1
447,55,342.65,142.55,63.82,178.49,0.8532,-1,-1,-1
447,56,193.76,180.94,30.15,70.57,0.6666,-1,-1,-1
447,57,576.46,79.14,63.43,293.51,0.8505,-1,-1,-1
447,30,148.62,160.05,41.76,114.44,0.7872,-1,-1,-1
447,58,96.39,155.39,46.51,118.51,0.8205,-1,-1,-1
447,51,-3.42,1.64,103.76,313.81,0.7812,-1,-1,-1
447,53,467.71,84.78,158.15,315.72,0.8707,-1,-1,-1
448,54,236.75,59.32,109.56,330.27,0.9269,-1,-1,-1
448,55,341.83,141.84,63.96,178.58,0.8501,-1,-1,-1
448,56,193.76,180.62,32.02,69.17,0.6659,-1,-1,-1
448,57,574.91,80.37,65.13,296.96,0.7905,-1,-1,-1
448,30,149.49,157.32,41.93,113.97,0.8265,-1,-1,-1
448,58,98.09,152.43,47.85,117.76,0.7084,-1,-1,-1
448,51,-2.95,-0.31,103.32,428.05,0.9084,-1,-1,-1
448,53,469.85,83.17,140.36,313.56,0.8909,-1,-1,-1
449,54,239.49,63.03,104.18,333.26,0.9276,-1,-1,-1
449,55,344.34,143.31,62.25,177.99,0.8434,-1,-1,-1
449,56,197.31,182.86,32.76,69.35,0.7086,-1,-1,-1
449,57,560.91,86.18,80.04,297.22,0.6043,-1,-1,-1
449,30,152.42,158.86,39.37,113.09,0.8535,-1,-1,-1
449,58,102.98,157.30,47.12,114.16,0.8584,-1,-1,-1
449,51,-1.92,0.60,107.25,461.67,0.7260,-1,-1,-1
449,53,479.82,84.20,111.80,308.23,0.6535,-1,-1,-1
450,54,243.23,64.87,102.01,331.99,0.9261,-1,-1,-1
450,55,353.12,141.25,59.08,176.51,0.8654,-1,-1,-1
450,56,205.46,182.66,32.33,70.00,0.7695,-1,-1,-1
450,57,570.83,85.91,71.88,272.61,0.6949,-1,-1,-1
450,30,160.85,158.36,38.22,112.39,0.8720,-1,-1,-1
450,58,113.26,158.60,45.93,113.37,0.8445,-1,-1,-1
450,51,-0.36,-0.07,116.16,476.57,0.9072,-1,-1,-1
450,53,494.74,82.62,102.37,312.55,0.8658,-1,-1,-1
451,54,237.48,66.31,110.78,332.76,0.9232,-1,-1,-1
451,55,357.34,141.74,58.06,177.12,0.7947,-1,-1,-1
451,56,209.85,184.37,30.97,69.44,0.6255,-1,-1,-1
451,57,564.40,88.02,77.17,275.41,0.7742,-1,-1,-1
451,30,166.30,160.89,38.81,111.90,0.8470,-1,-1,-1
451,58,120.65,160.63,43.87,113.30,0.8551,-1,-1,-1
451,51,-0.89,3.27,125.07,479.41,0.9358,-1,-1,-1
451,53,491.59,85.03,108.51,315.86,0.8913,-1,-1,-1
452,54,230.30,61.98,119.75,329.53,0.9312,-1,-1,-1
452,55,360.22,139.05,60.75,180.07,0.7433,-1,-1,-1
452,57,574.63,86.08,67.80,274.54,0.7253,-1,-1,-1
452,30,175.36,160.71,37.42,112.50,0.8736,-1,-1,-1
452,58,130.59,159.33,43.38,112.46,0.8333,-1,-1,-1
452,51,0.21,4.41,133.27,478.66,0.9430,-1,-1,-1
452,53,483.74,86.00,125.32,319.62,0.8924,-1,-1,-1
453,54,232.96,55.68,122.95,329.58,0.9196,-1,-1,-1
453,55,362.88,137.11,67.88,181.05,0.8078,-1,-1,-1
453,57,580.64,79.85,61.61,290.71,0.7850,-1,-1,-1
453,30,183.70,159.36,35.58,111.41,0.8424,-1,-1,-1
453,58,139.43,156.69,41.79,111.21,0.8495,-1,-1,-1
453,51,0.70,2.36,144.01,478.40,0.8625,-1,-1,-1
453,53,486.43,82.81,128.29,324.53,0.9067,-1,-1,-1
454,54,240.70,58.53,124.81,332.98,0.9208,-1,-1,-1
454,55,370.47,142.42,71.16,181.99,0.8466,-1,-1,-1
454,57,588.75,82.22,53.35,301.96,0.8150,-1,-1,-1
454,30,193.16,163.76,35.60,111.81,0.8678,-1,-1,-1
454,58,150.43,159.64,39.62,113.44,0.8376,-1,-1,-1
454,51,1.24,4.68,154.82,477.88,0.9311,-1,-1,-1
454,53,499.02,85.62,121.10,327.78,0.9207,-1,-1,-1
455,54,251.04,56.74,121.98,338.99,0.9308,-1,-1,-1
455,55,377.24,138.95,71.12,183.69,0.8667,-1,-1,-1
455,57,575.57,79.10,65.80,308.64,0.7865,-1,-1,-1
455,30,199.19,161.18,38.33,110.83,0.8308,-1,-1,-1
455,58,159.70,158.68,37.90,110.69,0.8371,-1,-1,-1
455,51,0.96,0.31,166.28,480.81,0.9125,-1,-1,-1
455,53,504.12,79.18,110.44,321.67,0.9148,-1,-1,-1
456,54,257.52,60.38,120.09,341.70,0.9319,-1,-1,-1
456,55,380.95,139.95,69.73,186.35,0.8053,-1,-1,-1
456,57,581.05,82.74,59.37,297.98,0.7976,-1,-1,-1
456,30,205.61,161.80,38.38,111.46,0.8765,-1,-1,-1
456,58,167.92,161.73,34.16,108.01,0.7823,-1,-1,-1
456,51,0.00,1.07,176.39,479.46,0.9066,-1,-1,-1
456,53,504.32,80.16,105.65,319.96,0.9108,-1,-1,-1
457,54,265.37,64.81,121.20,347.80,0.9255,-1,-1,-1
457,55,388.74,141.59,66.22,185.91,0.7712,-1,-1,-1
457,57,596.37,87.06,44.88,297.74,0.7247,-1,-1,-1
457,30,214.64,164.37,37.42,111.11,0.8302,-1,-1,-1
457,58,178.39,166.00,34.11,106.47,0.7951,-1,-1,-1
457,51,2.33,5.54,187.59,473.49,0.9113,-1,-1,-1
457,53,490.24,85.06,122.84,325.90,0.9097,-1,-1,-1
458,54,271.65,62.05,121.31,351.07,0.9309,-1,-1,-1
458,55,393.68,137.23,62.30,185.91,0.7423,-1,-1,-1
458,57,605.13,81.20,35.35,303.26,0.7241,-1,-1,-1
458,30,223.58,161.65,35.14,110.36,0.8636,-1,-1,-1
458,58,187.91,163.34,31.83,105.36,0.6259,-1,-1,-1
458,51,11.18,2.98,190.65,474.08,0.9103,-1,-1,-1
458,53,481.03,84.30,140.23,329.01,0.9184,-1,-1,-1
459,54,275.37,67.51,124.17,355.77,0.9244,-1,-1,-1
459,55,400.78,143.05,60.61,188.70,0.6750,-1,-1,-1
459,57,604.44,85.77,36.06,298.02,0.6544,-1,-1,-1
459,30,232.01,168.47,33.53,109.57,0.8221,-1,-1,-1
459,51,29.97,5.68,190.16,475.61,0.8783,-1,-1,-1
459,53,485.68,90.55,148.53,332.91,0.9304,-1,-1,-1
460,54,273.94,64.62,128.66,355.94,0.9253,-1,-1,-1
460,55,400.41,142.57,61.17,189.80,0.7623,-1,-1,-1
460,57,604.74,81.30,34.22,306.44,0.6606,-1,-1,-1
460,30,234.13,168.03,32.91,108.93,0.7961,-1,-1,-1
460,51,34.96,2.45,193.94,478.50,0.9173,-1,-1,-1
460,53,490.15,87.91,146.60,335.49,0.9136,-1,-1,-1
461,54,277.45,57.09,130.08,349.16,0.9253,-1,-1,-1
461,55,405.33,140.49,59.08,193.37,0.7606,-1,-1,-1
461,57,602.19,77.53,37.38,308.83,0.6953,-1,-1,-1
461,30,241.00,165.19,31.94,109.69,0.8154,-1,-1,-1
461,51,45.52,-0.68,193.61,480.91,0.9018,-1,-1,-1
461,53,504.53,81.99,119.21,327.27,0.9054,-1,-1,-1
462,54,278.87,56.98,127.77,347.21,0.9198,-1,-1,-1
462,55,404.39,143.05,61.28,194.34,0.8791,-1,-1,-1
462,57,591.08,80.39,47.22,307.01,0.6505,-1,-1,-1
462,30,242.04,166.18,35.52,111.15,0.7917,-1,-1,-1
462,51,50.35,0.29,192.23,481.68,0.8870,-1,-1,-1
462,53,511.02,82.09,106.66,328.89,0.8931,-1,-1,-1
463,54,279.27,60.60,123.25,350.79,0.9239,-1,-1,-1
463,55,406.18,147.83,57.31,195.20,0.6689,-1,-1,-1
463,57,583.94,87.28,53.10,307.20,0.6132,-1,-1,-1
463,30,242.56,168.21,34.88,111.85,0.7568,-1,-1,-1
463,51,50.82,4.12,195.04,479.51,0.8828,-1,-1,-1
463,53,505.03,88.48,118.10,332.90,0.9261,-1,-1,-1
464,54,279.84,58.27,115.86,356.33,0.9218,-1,-1,-1
464,55,405.56,145.75,55.75,194.23,0.8332,-1,-1,-1
464,57,583.86,87.40,51.91,307.17,0.7259,-1,-1,-1
464,30,241.52,169.02,33.71,108.87,0.8170,-1,-1,-1
464,51,48.15,0.85,196.79,480.85,0.9035,-1,-1,-1
464,53,488.16,89.30,135.81,336.12,0.9329,-1,-1,-1
465,54,281.37,55.89,108.00,363.07,0.9227,-1,-1,-1
465,55,405.61,142.69,55.56,191.35,0.7597,-1,-1,-1
465,57,586.89,85.94,48.89,310.63,0.8182,-1,-1,-1
465,30,239.92,168.71,34.40,107.33,0.8091,-1,-1,-1
465,51,45.95,-0.49,197.45,481.26,0.9134,-1,-1,-1
465,53,477.74,89.53,142.43,336.53,0.9246,-1,-1,-1
466,54,280.07,56.30,105.25,365.24,0.9266,-1,-1,-1
466,55,405.44,141.33,56.02,191.50,0.7540,-1,-1,-1
466,57,591.41,84.76,45.64,312.88,0.8547,-1,-1,-1
466,30,241.11,166.52,35.42,109.65,0.7592,-1,-1,-1
466,51,45.56,-0.55,197.62,481.30,0.9018,-1,-1,-1
466,53,477.50,89.31,135.84,339.48,0.9204,-1,-1,-1
467,54,274.51,57.16,109.55,367.41,0.9337,-1,-1,-1
467,55,400.14,140.93,63.92,192.55,0.8025,-1,-1,-1
467,57,587.55,82.49,50.89,317.94,0.8984,-1,-1,-1
467,30,242.68,168.07,35.99,107.79,0.7721,-1,-1,-1
467,51,45.65,-0.79,199.80,481.22,0.9207,-1,-1,-1
467,53,480.28,87.34,117.56,331.48,0.9019,-1,-1,-1
468,54,267.97,51.61,113.24,371.75,0.9274,-1,-1,-1
468,55,400.52,139.34,63.07,192.88,0.7784,-1,-1,-1
468,57,574.44,80.41,63.09,320.01,0.9044,-1,-1,-1
468,30,239.15,166.24,35.44,106.43,0.6284,-1,-1,-1
468,51,42.35,-1.02,201.07,479.99,0.9118,-1,-1,-1
468,53,470.92,80.63,108.88,327.11,0.9000,-1,-1,-1
469,54,258.33,45.22,121.90,366.75,0.9268,-1,-1,-1
469,55,399.87,138.51,62.29,192.80,0.6535,-1,-1,-1
469,57,561.37,82.20,76.03,318.01,0.8787,-1,-1,-1
469,51,39.99,-0.47,204.20,469.92,0.8585,-1,-1,-1
469,53,447.43,79.77,122.37,328.63,0.8625,-1,-1,-1
470,54,254.89,43.27,130.61,365.37,0.9166,-1,-1,-1
470,55,400.64,140.54,64.33,189.11,0.5514,-1,-1,-1
470,57,554.11,83.80,85.08,306.34,0.8957,-1,-1,-1
470,51,40.94,1.12,209.39,476.30,0.8943,-1,-1,-1
470,53,434.86,85.36,129.61,329.66,0.9083,-1,-1,-1
471,54,255.35,40.34,137.09,367.89,0.9174,-1,-1,-1
471,57,550.93,80.77,89.37,306.08,0.8484,-1,-1,-1
471,51,45.09,0.89,212.34,478.42,0.8950,-1,-1,-1
471,53,433.72,86.83,132.28,330.05,0.8944,-1,-1,-1
472,54,257.22,37.27,138.64,373.73,0.9227,-1,-1,-1
472,57,555.00,75.53,85.18,315.39,0.8964,-1,-1,-1
472,51,49.79,0.36,213.32,477.36,0.9040,-1,-1,-1
472,53,436.13,83.81,127.96,331.86,0.9020,-1,-1,-1
472,55,399.97,134.22,67.34,192.39,0.6135,-1,-1,-1
473,54,260.68,32.81,132.14,381.62,0.9209,-1,-1,-1
473,57,563.70,71.04,75.24,321.71,0.9051,-1,-1,-1
473,51,53.71,-0.25,217.59,477.70,0.8874,-1,-1,-1
473,53,438.94,77.42,116.77,327.46,0.9047,-1,-1,-1
473,55,401.09,130.09,62.71,194.48,0.6621,-1,-1,-1
474,54,269.43,32.46,124.50,385.79,0.9192,-1,-1,-1
474,57,549.72,70.55,90.16,321.76,0.8912,-1,-1,-1
474,51,60.85,0.40,221.44,477.94,0.8770,-1,-1,-1
474,53,444.62,75.59,107.99,324.02,0.8845,-1,-1,-1
475,54,276.66,34.65,121.23,388.70,0.9181,-1,-1,-1
475,57,534.89,71.98,106.26,306.45,0.9230,-1,-1,-1
475,51,70.49,1.20,221.03,477.19,0.8756,-1,-1,-1
475,53,449.47,74.13,109.45,328.17,0.8526,-1,-1,-1
476,54,281.43,39.53,120.33,389.91,0.9198,-1,-1,-1
476,57,531.12,74.04,109.77,303.26,0.8811,-1,-1,-1
476,51,75.34,2.37,220.45,476.84,0.8908,-1,-1,-1
476,53,451.50,77.94,113.94,330.56,0.9151,-1,-1,-1
477,54,281.21,39.82,122.10,392.31,0.9220,-1,-1,-1
477,57,530.95,73.38,108.63,306.08,0.9259,-1,-1,-1
477,51,77.14,1.91,220.77,474.84,0.7578,-1,-1,-1
477,53,447.36,81.44,119.70,331.04,0.8072,-1,-1,-1
478,54,280.94,36.18,121.89,391.15,0.9250,-1,-1,-1
478,57,532.27,72.09,106.08,309.17,0.9046,-1,-1,-1
478,51,72.71,0.85,224.71,478.11,0.7917,-1,-1,-1
478,53,443.62,80.04,119.95,334.89,0.8539,-1,-1,-1
479,54,278.32,40.07,122.19,379.07,0.9235,-1,-1,-1
479,57,536.20,76.92,101.56,317.94,0.9258,-1,-1,-1
479,51,70.15,2.88,228.15,479.55,0.8171,-1,-1,-1
479,53,442.20,86.02,115.71,332.05,0.8887,-1,-1,-1
480,54,275.42,40.03,122.83,382.09,0.9217,-1,-1,-1
480,57,542.69,77.10,93.63,326.43,0.8957,-1,-1,-1
480,51,71.26,1.72,226.05,479.17,0.8323,-1,-1,-1
480,53,439.80,87.35,116.09,323.12,0.9040,-1,-1,-1
481,54,272.19,33.85,118.64,387.37,0.9198,-1,-1,-1
481,57,534.88,73.15,96.93,332.28,0.8978,-1,-1,-1
481,51,66.14,-0.00,228.36,477.99,0.8224,-1,-1,-1
481,53,434.73,81.96,110.09,320.93,0.9012,-1,-1,-1
482,54,265.35,33.21,113.67,392.49,0.9240,-1,-1,-1
482,57,518.37,74.52,113.37,337.16,0.8975,-1,-1,-1
482,51,56.97,-0.33,234.11,470.67,0.7947,-1,-1,-1
482,53,416.94,81.32,113.96,323.64,0.8753,-1,-1,-1
483,54,260.78,41.09,107.48,394.41,0.8876,-1,-1,-1
483,57,509.81,83.52,116.38,335.29,0.8972,-1,-1,-1
483,51,48.67,7.92,239.50,470.45,0.8003,-1,-1,-1
483,53,401.14,89.93,119.46,326.06,0.8871,-1,-1,-1
484,54,254.61,46.50,104.16,394.73,0.8972,-1,-1,-1
484,57,507.23,86.27,113.63,335.60,0.9071,-1,-1,-1
484,51,39.38,7.97,244.93,472.40,0.6337,-1,-1,-1
484,53,386.59,93.92,125.23,329.44,0.8478,-1,-1,-1
485,54,250.78,49.11,101.93,398.34,0.8864,-1,-1,-1
485,57,507.62,86.89,101.80,328.92,0.8764,-1,-1,-1
485,51,33.87,10.15,248.72,471.12,0.7314,-1,-1,-1
485,53,388.85,95.04,119.01,330.68,0.8495,-1,-1,-1
486,54,245.89,44.06,102.04,392.84,0.9190,-1,-1,-1
486,57,502.96,83.40,91.50,323.66,0.9073,-1,-1,-1
486,51,27.79,3.90,252.81,476.26,0.7372,-1,-1,-1
486,53,394.27,91.34,105.25,325.80,0.9026,-1,-1,-1
487,54,241.14,41.44,102.29,391.10,0.9215,-1,-1,-1
487,57,491.52,85.52,90.83,325.81,0.9230,-1,-1,-1
487,51,23.09,2.57,256.79,478.42,0.8197,-1,-1,-1
487,53,391.64,91.93,100.06,324.04,0.9075,-1,-1,-1
488,54,242.21,38.59,99.79,385.78,0.9056,-1,-1,-1
488,57,469.02,88.30,109.75,329.97,0.8918,-1,-1,-1
488,51,25.32,2.21,258.76,476.28,0.8087,-1,-1,-1
488,53,389.47,92.82,101.47,325.73,0.8826,-1,-1,-1
489,54,243.26,35.14,93.87,379.73,0.8956,-1,-1,-1
489,57,455.18,87.40,125.93,332.88,0.9073,-1,-1,-1
489,51,19.53,-0.69,265.25,478.65,0.6820,-1,-1,-1
489,53,387.88,92.72,103.72,329.51,0.8383,-1,-1,-1
490,54,247.14,35.43,82.50,328.39,0.6269,-1,-1,-1
490,57,451.96,89.15,132.81,332.10,0.9162,-1,-1,-1
490,53,383.24,94.80,106.91,330.27,0.8714,-1,-1,-1
491,57,454.73,93.39,125.10,326.89,0.8971,-1,-1,-1
491,53,377.85,98.07,110.70,333.63,0.8879,-1,-1,-1
491,51,3.86,-0.45,280.09,477.84,0.8285,-1,-1,-1
492,57,460.27,90.87,109.71,320.89,0.8505,-1,-1,-1
492,53,376.84,96.12,107.82,328.95,0.9072,-1,-1,-1
492,51,1.13,-0.47,282.42,477.87,0.6995,-1,-1,-1
492,54,249.20,38.69,75.63,298.11,0.8387,-1,-1,-1
493,57,465.67,90.56,103.68,325.01,0.8539,-1,-1,-1
493,53,377.06,95.50,102.34,323.34,0.9054,-1,-1,-1
493,51,0.50,1.53,282.84,477.18,0.6073,-1,-1,-1
493,54,246.20,40.91,79.10,288.42,0.8099,-1,-1,-1
494,57,466.16,92.41,97.10,329.39,0.8161,-1,-1,-1
494,53,373.72,96.39,101.29,323.64,0.8927,-1,-1,-1
494,51,-0.05,2.29,281.77,477.90,0.7423,-1,-1,-1
494,54,241.54,42.21,85.92,323.32,0.8838,-1,-1,-1
495,57,462.47,88.03,97.45,335.05,0.8724,-1,-1,-1
495,53,365.95,90.60,108.57,328.35,0.9117,-1,-1,-1
495,54,233.51,30.82,97.23,345.39,0.9054,-1,-1,-1
496,57,463.13,89.51,97.69,337.60,0.8650,-1,-1,-1
496,53,365.32,92.20,110.03,332.14,0.9187,-1,-1,-1
496,54,231.16,28.14,103.78,354.08,0.9067,-1,-1,-1
497,57,463.35,89.63,103.62,339.64,0.8548,-1,-1,-1
497,53,369.55,92.74,105.30,336.54,0.8852,-1,-1,-1
497,54,229.56,25.85,107.68,353.33,0.7854,-1,-1,-1
498,57,466.87,89.00,98.04,337.06,0.8517,-1,-1,-1
498,53,376.71,91.74,96.86,339.18,0.8595,-1,-1,-1
498,54,229.33,24.58,106.19,358.34,0.8397,-1,-1,-1
498,51,0.43,-0.49,277.23,479.06,0.6583,-1,-1,-1
499,57,470.04,85.75,96.80,329.78,0.8576,-1,-1,-1
499,53,379.67,89.27,95.03,335.70,0.8812,-1,-1,-1
499,54,230.85,23.53,101.66,332.37,0.8609,-1,-1,-1
499,51,0.79,-0.35,279.13,479.74,0.6563,-1,-1,-1
500,57,472.83,86.03,89.44,330.67,0.8200,-1,-1,-1
500,53,381.50,90.34,99.27,328.42,0.8905,-1,-1,-1
500,54,234.45,28.04,94.50,325.27,0.8487,-1,-1,-1
500,55,343.74,136.02,56.39,208.42,0.6832,-1,-1,-1
501,57,466.82,84.22,98.63,335.06,0.8271,-1,-1,-1
501,53,386.13,89.95,103.24,328.02,0.7899,-1,-1,-1
501,54,240.55,29.47,86.89,323.36,0.8376,-1,-1,-1
501,51,2.42,2.06,289.02,478.75,0.6339,-1,-1,-1
502,57,462.36,85.89,109.32,340.69,0.8111,-1,-1,-1
502,53,390.71,89.78,107.15,335.00,0.7843,-1,-1,-1
502,54,245.28,29.49,79.44,321.03,0.6801,-1,-1,-1
502,51,6.39,1.29,293.01,479.53,0.7546,-1,-1,-1
502,55,350.14,135.38,64.38,214.25,0.7010,-1,-1,-1
503,57,466.30,80.62,121.92,341.07,0.9004,-1,-1,-1
503,53,393.74,85.13,109.65,338.93,0.8926,-1,-1,-1
503,51,12.14,-1.33,299.39,478.85,0.5627,-1,-1,-1
504,57,472.98,76.84,122.33,342.47,0.9127,-1,-1,-1
504,53,394.79,82.68,109.76,339.78,0.9066,-1,-1,-1
505,57,479.53,77.48,117.57,337.89,0.8880,-1,-1,-1
505,53,394.77,84.47,104.32,337.13,0.9070,-1,-1,-1
506,57,482.88,74.42,114.42,333.39,0.9112,-1,-1,-1
506,53,391.51,80.74,99.91,327.92,0.9039,-1,-1,-1
506,55,353.27,127.25,56.29,217.56,0.6444,-1,-1,-1
507,57,484.15,77.44,113.65,336.48,0.8971,-1,-1,-1
507,53,389.11,83.15,98.04,325.19,0.8159,-1,-1,-1
507,55,341.23,131.70,64.06,217.45,0.6533,-1,-1,-1
508,57,486.11,77.67,112.62,339.14,0.8972,-1,-1,-1
508,53,380.60,82.10,106.99,327.08,0.8067,-1,-1,-1
508,55,341.37,129.71,63.54,213.13,0.7223,-1,-1,-1
509,57,487.49,75.06,107.61,342.44,0.8814,-1,-1,-1
509,53,371.20,77.98,117.17,330.91,0.8578,-1,-1,-1
509,51,72.60,0.10,277.27,471.31,0.6024,-1,-1,-1
510,57,490.36,79.90,107.71,340.34,0.8698,-1,-1,-1
510,53,370.07,81.91,117.88,336.26,0.8828,-1,-1,-1
511,57,495.92,78.17,103.00,341.84,0.8487,-1,-1,-1
511,53,380.18,81.70,107.92,338.25,0.8730,-1,-1,-1
511,59,4.03,65.29,122.48,280.14,0.7378,-1,-1,-1
512,57,502.42,83.08,96.99,333.98,0.8465,-1,-1,-1
512,53,388.03,87.64,102.03,337.84,0.8739,-1,-1,-1
512,59,21.56,67.88,122.86,284.00,0.7838,-1,-1,-1
513,57,508.18,85.00,91.09,332.44,0.8550,-1,-1,-1
513,53,403.58,91.41,92.42,326.94,0.8652,-1,-1,-1
513,59,62.93,71.72,104.86,318.85,0.8626,-1,-1,-1
513,51,151.16,2.21,270.25,469.47,0.6365,-1,-1,-1
514,57,504.94,80.89,93.29,334.15,0.8589,-1,-1,-1
514,53,412.17,88.43,82.91,318.98,0.9053,-1,-1,-1
514,59,82.70,68.68,95.11,331.29,0.8997,-1,-1,-1
514,60,5.06,115.50,82.13,237.70,0.8763,-1,-1,-1
515,57,491.88,84.64,108.18,337.54,0.8799,-1,-1,-1
515,53,426.49,93.95,69.53,230.50,0.8813,-1,-1,-1
515,59,95.10,73.24,104.30,333.11,0.9272,-1,-1,-1
515,60,3.17,110.04,73.62,252.30,0.8792,-1,-1,-1
515,51,184.11,0.56,273.34,469.08,0.7177,-1,-1,-1
516,57,487.52,87.37,123.88,341.52,0.8729,-1,-1,-1
516,59,100.64,76.58,112.66,334.05,0.9224,-1,-1,-1
516,60,1.57,103.92,63.13,267.02,0.8753,-1,-1,-1
516,51,212.42,-0.26,272.82,472.94,0.7020,-1,-1,-1
517,57,494.19,91.35,128.37,340.73,0.8994,-1,-1,-1
517,59,102.97,83.78,111.73,329.45,0.9186,-1,-1,-1
517,60,0.66,99.94,54.20,268.36,0.8795,-1,-1,-1
517,51,237.92,0.60,276.98,471.07,0.6953,-1,-1,-1
518,57,506.83,93.86,117.70,340.53,0.8888,-1,-1,-1
518,59,101.62,84.38,113.25,328.21,0.8945,-1,-1,-1
518,60,0.04,94.79,43.05,274.41,0.7906,-1,-1,-1
518,51,257.88,0.38,281.54,473.08,0.6739,-1,-1,-1
519,59,111.18,80.27,103.24,317.46,0.8914,-1,-1,-1
519,51,274.51,-0.71,295.28,473.03,0.6856,-1,-1,-1
519,61,181.96,25.56,121.02,395.96,0.8951,-1,-1,-1
520,59,125.35,77.81,90.56,312.76,0.8699,-1,-1,-1
520,51,290.81,-0.31,302.74,474.38,0.8077,-1,-1,-1
520,61,182.70,22.16,133.03,432.08,0.9175,-1,-1,-1
521,59,120.74,81.17,101.34,305.17,0.8677,-1,-1,-1
521,51,320.12,0.53,311.74,476.78,0.8628,-1,-1,-1
521,61,185.11,18.24,146.47,443.63,0.9281,-1,-1,-1
522,59,117.40,87.21,106.90,306.56,0.8505,-1,-1,-1
522,51,344.10,2.32,299.69,475.13,0.7728,-1,-1,-1
522,61,187.92,19.50,153.87,444.09,0.9273,-1,-1,-1
523,59,112.17,88.33,110.00,306.19,0.8082,-1,-1,-1
523,51,360.29,-0.37,285.95,474.92,0.7942,-1,-1,-1
523,61,190.49,15.72,153.29,448.84,0.9285,-1,-1,-1
524,59,108.12,82.60,112.99,305.74,0.8750,-1,-1,-1
524,61,191.69,10.17,152.39,459.26,0.9375,-1,-1,-1
525,59,114.96,84.37,112.65,300.02,0.8783,-1,-1,-1
525,61,201.37,15.13,151.09,461.69,0.9340,-1,-1,-1
525,51,391.01,-0.92,257.25,477.90,0.9230,-1,-1,-1
526,59,131.37,79.05,102.24,292.83,0.8939,-1,-1,-1
526,61,208.62,15.24,153.16,465.72,0.9244,-1,-1,-1
526,51,406.48,-0.19,240.53,478.86,0.9254,-1,-1,-1
527,59,141.41,75.52,91.86,292.59,0.8842,-1,-1,-1
527,61,206.36,13.21,158.20,469.19,0.9219,-1,-1,-1
527,51,417.19,-0.29,227.13,479.63,0.8772,-1,-1,-1
528,59,157.39,89.01,80.50,291.09,0.8848,-1,-1,-1
528,61,204.72,23.73,167.20,463.45,0.9215,-1,-1,-1
528,51,435.31,4.94,208.61,478.25,0.9163,-1,-1,-1
528,55,391.21,97.35,72.13,316.83,0.7374,-1,-1,-1
529,59,162.48,97.63,78.85,289.42,0.8762,-1,-1,-1
529,61,205.90,28.30,169.93,457.08,0.9248,-1,-1,-1
529,51,449.60,4.13,193.52,479.19,0.9231,-1,-1,-1
529,62,127.24,164.80,47.05,145.12,0.8465,-1,-1,-1
529,55,384.80,104.26,83.22,318.52,0.8661,-1,-1,-1
530,59,160.05,100.82,84.66,285.96,0.8932,-1,-1,-1
530,61,211.04,27.34,169.05,445.28,0.9335,-1,-1,-1
530,51,466.57,1.34,175.20,478.48,0.9217,-1,-1,-1
530,62,121.04,161.00,48.20,149.60,0.8312,-1,-1,-1
530,55,381.29,107.35,92.33,319.07,0.7687,-1,-1,-1
531,59,157.85,104.61,90.70,285.22,0.9003,-1,-1,-1
531,61,216.59,29.09,165.81,447.08,0.9375,-1,-1,-1
531,51,476.93,1.09,164.28,478.73,0.9236,-1,-1,-1
531,62,113.28,159.86,53.44,155.79,0.8756,-1,-1,-1
531,55,382.86,110.60,95.85,322.58,0.8565,-1,-1,-1
532,59,162.81,101.78,86.58,278.14,0.8753,-1,-1,-1
532,61,222.10,27.34,155.03,451.28,0.9355,-1,-1,-1
532,51,485.93,-0.63,154.35,479.37,0.9149,-1,-1,-1
532,62,96.68,157.63,62.71,163.67,0.8042,-1,-1,-1
532,55,378.14,106.21,98.56,321.84,0.8800,-1,-1,-1
533,59,167.73,94.33,78.46,278.98,0.8532,-1,-1,-1
533,61,218.05,23.01,148.87,455.74,0.9322,-1,-1,-1
533,51,485.68,-1.86,153.25,479.43,0.9147,-1,-1,-1
533,62,77.80,153.08,71.55,168.60,0.8367,-1,-1,-1
533,55,370.46,98.33,98.85,317.18,0.8869,-1,-1,-1
533,53,464.36,91.24,50.86,270.23,0.6892,-1,-1,-1
534,59,152.15,89.25,85.02,282.00,0.8644,-1,-1,-1
534,61,204.05,21.68,145.93,457.53,0.9170,-1,-1,-1
534,51,485.89,-0.48,151.14,477.83,0.9064,-1,-1,-1
534,62,56.72,147.37,69.95,178.32,0.8325,-1,-1,-1
534,55,355.98,95.08,99.16,315.60,0.8280,-1,-1,-1
534,53,452.60,88.07,59.36,291.77,0.8084,-1,-1,-1
535,59,142.06,90.60,90.03,268.67,0.5721,-1,-1,-1
535,61,194.43,22.64,148.15,452.58,0.9166,-1,-1,-1
535,51,492.37,1.44,146.36,475.82,0.8926,-1,-1,-1
535,62,42.07,140.87,71.14,189.00,0.7859,-1,-1,-1
535,55,341.61,94.98,105.45,318.59,0.8345,-1,-1,-1
535,53,447.55,87.67,66.70,313.55,0.8871,-1,-1,-1
536,61,194.08,19.24,147.25,455.89,0.9119,-1,-1,-1
536,51,500.47,0.58,140.36,477.28,0.9038,-1,-1,-1
536,62,31.01,133.37,75.19,198.86,0.7944,-1,-1,-1
536,55,328.74,95.16,115.63,323.26,0.8712,-1,-1,-1
536,53,445.37,87.44,73.94,316.88,0.8781,-1,-1,-1
537,61,193.14,7.33,149.27,457.38,0.9240,-1,-1,-1
537,51,506.68,3.10,134.59,473.78,0.9049,-1,-1,-1
537,62,14.40,119.96,82.13,210.12,0.8543,-1,-1,-1
537,55,320.45,91.25,120.79,327.99,0.8655,-1,-1,-1
537,53,442.72,83.12,81.27,319.05,0.8964,-1,-1,-1
538,61,194.30,4.03,153.36,455.32,0.9319,-1,-1,-1
538,51,512.80,2.55,128.56,476.61,0.9032,-1,-1,-1
538,62,5.75,117.10,84.72,221.65,0.8758,-1,-1,-1
538,55,324.36,91.80,113.44,330.04,0.8220,-1,-1,-1
539,61,198.06,1.50,159.75,463.78,0.9123,-1,-1,-1
539,51,530.51,2.01,112.12,475.04,0.8851,-1,-1,-1
539,62,0.42,112.26,87.46,234.65,0.9038,-1,-1,-1
539,55,333.40,88.89,104.33,326.95,0.8883,-1,-1,-1
539,53,448.00,83.83,90.32,322.05,0.8909,-1,-1,-1
540,61,203.19,1.66,161.21,472.31,0.9217,-1,-1,-1
540,51,542.26,5.16,100.10,467.81,0.8434,-1,-1,-1
540,62,-1.84,113.48,89.38,245.43,0.8881,-1,-1,-1
540,55,340.96,89.08,98.21,322.94,0.9063,-1,-1,-1
540,63,121.99,139.32,52.63,150.52,0.8656,-1,-1,-1
540,64,413.84,128.45,50.60,222.93,0.6331,-1,-1,-1
540,53,451.52,84.22,96.83,329.89,0.8677,-1,-1,-1
540,59,168.99,117.25,67.85,245.26,0.7341,-1,-1,-1
541,61,215.41,1.00,159.08,477.59,0.9150,-1,-1,-1
541,51,561.90,19.01,81.07,423.68,0.7166,-1,-1,-1
541,62,-0.96,109.33,84.38,261.64,0.8881,-1,-1,-1
541,55,350.49,84.85,94.79,333.01,0.8964,-1,-1,-1
541,63,120.37,139.83,60.69,154.28,0.8791,-1,-1,-1
541,64,422.67,125.92,49.26,234.42,0.5126,-1,-1,-1
541,53,458.41,79.07,108.17,339.46,0.8013,-1,-1,-1
541,59,187.39,123.32,57.99,246.20,0.7335,-1,-1,-1
542,61,227.69,2.13,155.97,474.89,0.9176,-1,-1,-1
542,62,-0.92,100.82,77.31,280.25,0.8590,-1,-1,-1
542,55,356.76,84.95,94.76,340.44,0.8545,-1,-1,-1
542,63,112.15,139.96,70.73,159.86,0.8842,-1,-1,-1
542,53,454.10,76.58,114.52,348.25,0.6505,-1,-1,-1
543,61,235.13,6.58,158.08,468.60,0.8876,-1,-1,-1
543,62,-1.37,94.69,74.28,294.23,0.8872,-1,-1,-1
543,55,365.09,89.69,89.40,343.18,0.7454,-1,-1,-1
543,63,104.79,143.43,76.68,161.84,0.9041,-1,-1,-1
543,53,446.50,79.21,121.25,356.30,0.8525,-1,-1,-1
544,61,243.08,2.96,159.82,472.54,0.8963,-1,-1,-1
544,62,-0.92,85.98,62.35,304.30,0.5432,-1,-1,-1
544,55,382.12,89.31,77.92,328.85,0.6193,-1,-1,-1
544,63,99.99,137.18,80.20,167.65,0.9111,-1,-1,-1
544,53,448.46,78.03,126.94,362.17,0.8655,-1,-1,-1
545,61,243.47,1.39,168.08,475.15,0.9067,-1,-1,-1
545,62,-0.99,101.56,62.65,289.28,0.7675,-1,-1,-1
545,55,393.66,88.01,70.84,335.24,0.7155,-1,-1,-1
545,63,99.98,134.54,81.07,171.18,0.9215,-1,-1,-1
545,53,454.50,77.01,130.19,368.25,0.8225,-1,-1,-1
545,65,186.49,147.80,51.45,151.37,0.7641,-1,-1,-1
546,61,253.14,0.39,173.11,476.77,0.9268,-1,-1,-1
546,62,0.18,112.98,55.85,282.56,0.7471,-1,-1,-1
546,55,383.74,85.59,89.14,347.10,0.6298,-1,-1,-1
546,63,104.27,130.73,80.47,176.21,0.9015,-1,-1,-1
546,53,469.88,76.22,123.64,369.69,0.8577,-1,-1,-1
546,65,192.81,147.88,53.46,154.15,0.8185,-1,-1,-1
547,61,252.18,-0.91,186.98,478.62,0.9048,-1,-1,-1
547,55,390.96,80.52,89.73,344.74,0.7131,-1,-1,-1
547,63,109.12,122.89,73.14,182.43,0.8420,-1,-1,-1
547,53,485.00,69.87,119.61,367.37,0.7486,-1,-1,-1
547,65,193.88,142.22,55.46,159.70,0.8876,-1,-1,-1
548,61,252.61,0.17,193.80,473.91,0.9144,-1,-1,-1
548,55,406.17,79.18,80.65,345.24,0.5450,-1,-1,-1
548,63,114.34,121.26,67.11,186.96,0.8623,-1,-1,-1
548,53,500.95,66.73,114.47,375.76,0.7373,-1,-1,-1
548,65,195.91,139.44,60.82,165.52,0.8688,-1,-1,-1
549,61,254.10,0.17,195.75,473.09,0.9007,-1,-1,-1
549,63,115.75,117.99,66.37,191.99,0.8759,-1,-1,-1
549,53,512.11,63.49,121.14,383.63,0.8397,-1,-1,-1
549,65,195.35,135.11,63.56,170.49,0.5889,-1,-1,-1
549,64,479.23,122.54,50.19,244.47,0.7041,-1,-1,-1
550,61,260.63,-3.30,190.49,470.96,0.8504,-1,-1,-1
550,63,108.63,104.15,70.47,200.23,0.8044,-1,-1,-1
550,53,524.60,49.72,115.34,395.34,0.9302,-1,-1,-1
550,64,484.81,110.44,55.00,247.64,0.8505,-1,-1,-1
551,61,264.33,-0.66,183.14,471.28,0.8719,-1,-1,-1
551,63,96.92,98.83,75.93,207.24,0.8805,-1,-1,-1
551,53,531.32,45.26,109.44,403.92,0.9324,-1,-1,-1
551,64,487.35,107.67,59.72,249.90,0.8207,-1,-1,-1
551,55,407.93,70.21,82.82,360.02,0.6462,-1,-1,-1
551,65,193.63,114.49,63.95,179.71,0.8067,-1,-1,-1
552,61,261.94,3.89,195.99,465.30,0.8507,-1,-1,-1
552,63,81.50,102.94,82.89,215.54,0.9217,-1,-1,-1
552,53,537.35,50.50,103.37,408.39,0.9279,-1,-1,-1
552,64,490.95,114.52,59.15,251.51,0.8823,-1,-1,-1
552,55,414.72,70.58,69.71,280.89,0.6816,-1,-1,-1
552,65,183.43,116.95,72.13,189.00,0.8785,-1,-1,-1
553,61,255.84,6.44,209.20,470.71,0.8945,-1,-1,-1
553,63,71.73,101.18,83.61,224.58,0.9247,-1,-1,-1
553,53,543.25,51.46,97.40,410.07,0.9040,-1,-1,-1
553,64,494.31,116.62,60.34,251.97,0.8621,-1,-1,-1
553,55,413.26,67.80,66.71,255.15,0.7564,-1,-1,-1
553,65,172.76,117.82,79.18,193.86,0.8918,-1,-1,-1
554,61,250.14,4.14,199.03,476.03,0.9311,-1,-1,-1
554,63,64.27,98.22,82.06,233.63,0.8958,-1,-1,-1
554,53,549.44,52.06,91.22,405.68,0.9009,-1,-1,-1
554,64,499.23,119.01,62.28,250.11,0.8077,-1,-1,-1
554,65,167.92,117.53,81.37,202.39,0.9070,-1,-1,-1
555,61,257.33,1.00,191.49,478.22,0.9481,-1,-1,-1
555,63,60.91,91.03,75.12,241.75,0.8680,-1,-1,-1
555,53,558.19,46.94,83.21,401.89,0.9010,-1,-1,-1
555,64,506.05,114.22,65.06,247.92,0.8088,-1,-1,-1
555,65,167.71,110.93,78.34,211.91,0.9007,-1,-1,-1
555,55,408.56,103.40,68.60,246.08,0.6326,-1,-1,-1
556,61,253.68,2.81,193.46,478.42,0.9428,-1,-1,-1
556,63,50.11,90.72,77.31,249.00,0.8501,-1,-1,-1
556,53,563.73,48.54,76.83,400.78,0.8992,-1,-1,-1
556,65,164.89,111.66,76.81,219.03,0.8957,-1,-1,-1
556,55,410.72,113.31,66.61,251.04,0.6867,-1,-1,-1
557,61,258.08,6.48,191.60,477.10,0.9556,-1,-1,-1
557,63,28.39,92.90,87.86,257.89,0.8820,-1,-1,-1
557,53,555.17,60.17,85.29,394.56,0.8873,-1,-1,-1
557,65,158.30,113.93,77.99,229.36,0.9120,-1,-1,-1
557,55,418.84,122.36,72.20,272.36,0.7463,-1,-1,-1
557,64,515.11,129.04,65.26,243.44,0.8506,-1,-1,-1
558,61,260.07,3.67,190.07,475.53,0.9426,-1,-1,-1
558,63,6.82,84.97,97.88,266.58,0.9137,-1,-1,-1
558,53,550.01,59.79,90.06,382.91,0.8890,-1,-1,-1
558,65,152.50,107.43,80.03,236.32,0.9116,-1,-1,-1
558,55,418.06,118.19,84.76,286.18,0.7936,-1,-1,-1
558,64,519.80,128.88,62.07,235.99,0.8579,-1,-1,-1
559,61,269.14,-0.96,187.29,475.37,0.9507,-1,-1,-1
559,63,0.35,77.30,98.06,273.37,0.9213,-1,-1,-1
559,53,556.97,50.97,85.07,374.28,0.9034,-1,-1,-1
559,65,150.95,96.41,84.99,244.21,0.8787,-1,-1,-1
559,55,428.01,105.22,99.62,312.28,0.8235,-1,-1,-1
559,64,531.43,118.07,61.24,246.17,0.7820,-1,-1,-1
560,61,270.56,-0.50,185.72,478.08,0.9399,-1,-1,-1
560,63,-4.33,75.29,94.60,280.50,0.9417,-1,-1,-1
560,53,568.93,46.22,71.40,376.94,0.8923,-1,-1,-1
560,65,144.63,90.79,89.77,257.46,0.8948,-1,-1,-1
560,55,438.11,95.06,103.93,332.06,0.8262,-1,-1,-1
560,64,536.76,114.05,58.45,244.13,0.7461,-1,-1,-1
561,61,256.45,-0.67,194.25,478.46,0.9320,-1,-1,-1
561,63,-7.66,69.38,82.29,284.71,0.8425,-1,-1,-1
561,53,569.88,40.07,68.07,384.44,0.9120,-1,-1,-1
561,65,127.55,80.09,95.36,274.40,0.8535,-1,-1,-1
561,55,442.65,75.67,107.43,356.04,0.6387,-1,-1,-1
561,64,541.80,106.65,47.31,249.02,0.5038,-1,-1,-1
562,61,245.33,-1.47,201.62,479.24,0.9297,-1,-1,-1
562,63,-6.89,78.75,66.16,272.70,0.8846,-1,-1,-1
562,53,567.43,34.39,70.42,394.15,0.9202,-1,-1,-1
562,65,113.09,71.76,98.99,285.89,0.8919,-1,-1,-1
562,55,448.77,59.72,113.76,375.94,0.8405,-1,-1,-1
563,61,236.90,1.72,212.79,478.49,0.9423,-1,-1,-1
563,65,98.72,66.18,106.40,307.91,0.8354,-1,-1,-1
563,55,457.14,49.74,131.79,411.65,0.7008,-1,-1,-1
564,61,233.38,1.78,216.58,478.78,0.9312,-1,-1,-1
564,65,88.30,59.05,114.05,326.06,0.8961,-1,-1,-1
564,55,454.97,44.39,160.02,430.07,0.5021,-1,-1,-1
564,53,581.08,40.26,58.85,403.26,0.6119,-1,-1,-1
565,61,233.10,0.98,216.53,479.75,0.9519,-1,-1,-1
565,65,76.92,50.38,116.88,346.12,0.8943,-1,-1,-1
565,55,471.56,30.12,162.19,449.62,0.8607,-1,-1,-1
565,66,413.67,74.98,81.49,294.64,0.8535,-1,-1,-1
566,61,231.38,1.12,214.40,479.39,0.9452,-1,-1,-1
566,65,62.49,41.25,124.36,363.42,0.9064,-1,-1,-1
566,66,419.02,66.58,82.89,311.49,0.8728,-1,-1,-1
567,61,230.61,0.88,208.44,476.32,0.9457,-1,-1,-1
567,65,45.38,28.10,131.82,385.78,0.9226,-1,-1,-1
567,66,423.56,55.45,89.04,333.29,0.8973,-1,-1,-1
567,55,517.82,62.80,124.53,419.71,0.8410,-1,-1,-1
568,61,228.68,0.68,205.16,475.43,0.9441,-1,-1,-1
568,65,27.32,17.43,141.07,405.29,0.9327,-1,-1,-1
568,66,424.69,44.46,102.11,354.36,0.9117,-1,-1,-1
568,55,534.48,61.90,107.66,419.05,0.6614,-1,-1,-1
569,61,223.19,-0.08,204.24,477.65,0.9542,-1,-1,-1
569,65,7.89,3.36,148.15,436.33,0.9344,-1,-1,-1
569,66,421.47,27.08,122.15,379.22,0.9121,-1,-1,-1
569,55,544.00,55.34,98.92,354.22,0.6021,-1,-1,-1
570,61,214.53,-0.33,207.97,477.02,0.9448,-1,-1,-1
570,65,-0.46,-1.06,144.85,439.39,0.9277,-1,-1,-1
570,66,424.56,13.41,131.31,400.53,0.8901,-1,-1,-1
570,55,561.96,51.18,80.43,362.17,0.7601,-1,-1,-1
571,61,199.15,1.00,222.26,477.31,0.9447,-1,-1,-1
571,65,-3.30,-1.77,132.12,448.76,0.9373,-1,-1,-1
571,66,430.85,2.48,141.74,425.24,0.8996,-1,-1,-1
571,55,567.33,55.47,74.36,361.05,0.9082,-1,-1,-1
572,61,186.95,0.05,233.02,477.96,0.9251,-1,-1,-1
572,65,-3.98,-2.17,118.08,457.35,0.9160,-1,-1,-1
572,66,438.18,-2.91,150.30,448.11,0.9128,-1,-1,-1
572,55,572.63,59.34,68.54,323.81,0.8420,-1,-1,-1
573,61,180.02,1.62,241.32,478.87,0.9293,-1,-1,-1
573,65,-3.61,14.53,103.09,457.18,0.8322,-1,-1,-1
573,66,443.61,-2.54,168.44,473.64,0.8987,-1,-1,-1
574,61,180.09,1.03,248.22,478.88,0.9340,-1,-1,-1
574,66,454.34,-3.66,178.22,484.58,0.9339,-1,-1,-1
575,61,186.44,0.33,247.62,478.40,0.9318,-1,-1,-1
575,66,463.68,-3.88,178.91,487.45,0.9343,-1,-1,-1
576,61,194.75,-0.22,245.99,479.51,0.9344,-1,-1,-1
576,66,477.16,-3.83,168.76,488.26,0.9207,-1,-1,-1
577,61,202.46,-0.52,245.34,477.50,0.9436,-1,-1,-1
577,66,491.17,-3.60,155.76,487.21,0.9085,-1,-1,-1
578,61,211.72,-0.59,242.89,476.45,0.9479,-1,-1,-1
578,66,513.25,-3.33,133.89,486.98,0.7423,-1,-1,-1
579,61,220.58,-2.97,238.99,478.13,0.9308,-1,-1,-1
580,61,230.07,-0.59,235.27,477.64,0.9447,-1,-1,-1
580,66,506.87,46.02,129.46,382.94,0.8889,-1,-1,-1
581,61,246.92,1.81,234.98,477.64,0.9499,-1,-1,-1
581,67,217.35,151.14,46.36,131.72,0.8617,-1,-1,-1
581,66,509.28,66.68,98.38,339.39,0.7206,-1,-1,-1
582,61,254.14,1.89,237.68,477.81,0.9466,-1,-1,-1
582,67,212.60,150.76,52.34,135.93,0.8854,-1,-1,-1
583,61,260.57,3.95,248.93,477.56,0.9451,-1,-1,-1
583,67,208.69,159.63,57.72,138.42,0.7940,-1,-1,-1
583,66,526.61,117.78,108.86,290.34,0.7381,-1,-1,-1
584,61,265.11,1.54,264.03,479.09,0.9444,-1,-1,-1
584,67,204.68,159.08,59.27,142.85,0.7977,-1,-1,-1
584,66,513.95,100.54,118.67,315.73,0.5602,-1,-1,-1
585,61,269.23,-0.95,276.37,477.35,0.9170,-1,-1,-1
585,67,200.96,151.68,58.60,148.69,0.7899,-1,-1,-1
586,61,276.26,0.86,276.74,475.97,0.9394,-1,-1,-1
586,67,200.69,147.67,58.13,157.13,0.8315,-1,-1,-1
586,66,529.95,117.65,83.51,274.69,0.8238,-1,-1,-1
587,61,276.17,-0.90,269.11,476.47,0.9275,-1,-1,-1
587,67,189.50,142.52,60.90,160.60,0.8601,-1,-1,-1
587,66,522.65,117.82,73.21,257.90,0.6600,-1,-1,-1
588,61,273.74,0.61,259.11,478.77,0.9414,-1,-1,-1
588,67,179.65,145.11,62.25,164.46,0.8844,-1,-1,-1
589,61,249.90,-0.03,255.62,479.04,0.9342,-1,-1,-1
589,66,473.84,128.49,91.59,245.57,0.6685,-1,-1,-1
590,61,233.88,-1.44,258.05,478.89,0.9038,-1,-1,-1
590,66,458.01,125.40,97.26,245.34,0.7830,-1,-1,-1
591,61,208.67,-1.32,265.05,479.67,0.9069,-1,-1,-1
591,66,443.89,122.62,95.12,244.42,0.6321,-1,-1,-1
592,61,189.68,1.36,263.77,479.64,0.8991,-1,-1,-1
592,66,412.06,126.60,104.80,255.69,0.7587,-1,-1,-1
592,67,105.09,143.56,71.89,193.67,0.8544,-1,-1,-1
593,61,187.25,-1.66,257.34,479.94,0.9162,-1,-1,-1
593,67,85.44,133.39,75.13,204.85,0.8201,-1,-1,-1
594,61,188.39,-1.85,250.52,479.90,0.9265,-1,-1,-1
594,67,72.62,125.39,77.27,212.28,0.8359,-1,-1,-1
595,61,190.81,1.59,243.11,479.35,0.9240,-1,-1,-1
595,67,49.34,121.82,87.41,225.09,0.8137,-1,-1,-1
596,61,190.33,0.70,237.23,479.79,0.9295,-1,-1,-1
596,67,36.93,113.54,90.86,234.91,0.8607,-1,-1,-1
597,61,194.43,0.29,226.83,478.82,0.9296,-1,-1,-1
597,67,27.12,107.33,89.71,243.77,0.8227,-1,-1,-1
598,61,198.73,1.52,220.62,478.05,0.9370,-1,-1,-1
598,67,16.56,106.49,87.62,252.17,0.7251,-1,-1,-1
598,70,158.13,154.61,54.68,149.87,0.8226,-1,-1,-1
599,61,198.92,0.65,223.33,477.46,0.9249,-1,-1,-1
599,67,3.12,102.01,91.13,273.37,0.8585,-1,-1,-1
599,70,150.81,152.53,60.01,152.20,0.8639,-1,-1,-1
600,61,200.10,1.88,230.87,475.86,0.9355,-1,-1,-1
600,67,-1.59,98.12,78.69,276.69,0.8637,-1,-1,-1
600,70,145.76,153.36,61.91,158.84,0.8745,-1,-1,-1
601,61,198.64,1.01,237.12,478.22,0.9410,-1,-1,-1
601,70,141.27,153.01,62.63,163.85,0.8625,-1,-1,-1
602,61,194.56,-0.78,243.69,479.39,0.9353,-1,-1,-1
602,70,139.48,150.04,59.72,167.26,0.8603,-1,-1,-1
603,61,193.49,0.70,240.58,479.45,0.9370,-1,-1,-1
603,70,132.45,151.75,63.27,172.73,0.7613,-1,-1,-1
604,61,193.52,-0.19,234.98,479.58,0.9323,-1,-1,-1
604,70,130.09,148.18,67.97,178.09,0.7987,-1,-1,-1
604,67,-2.35,204.71,53.86,222.87,0.6010,-1,-1,-1
605,61,197.36,-0.21,223.44,479.60,0.9306,-1,-1,-1
605,70,128.91,144.39,69.15,183.98,0.7890,-1,-1,-1
606,61,201.09,-0.26,214.26,479.45,0.9368,-1,-1,-1
606,70,126.34,140.20,70.88,186.45,0.8395,-1,-1,-1
607,61,199.46,-0.71,211.47,479.23,0.9315,-1,-1,-1
607,70,118.68,133.45,76.19,192.99,0.8507,-1,-1,-1
608,61,195.65,0.79,213.61,479.75,0.9311,-1,-1,-1
608,70,103.26,132.29,87.37,201.38,0.8805,-1,-1,-1
609,61,200.09,-1.44,218.05,479.89,0.9397,-1,-1,-1
609,70,96.49,125.03,93.65,210.21,0.8966,-1,-1,-1
610,61,207.65,-0.26,220.00,480.00,0.8845,-1,-1,-1
610,70,94.14,123.01,89.52,219.28,0.8691,-1,-1,-1
611,61,220.23,1.72,215.25,480.04,0.8918,-1,-1,-1
611,70,91.36,124.70,86.00,227.06,0.8790,-1,-1,-1
612,61,227.67,-0.45,219.88,480.05,0.9028,-1,-1,-1
612,70,81.39,116.73,86.79,237.10,0.8910,-1,-1,-1
613,61,229.28,-1.54,226.07,480.05,0.8879,-1,-1,-1
613,70,61.38,108.38,96.73,244.29,0.9010,-1,-1,-1
613,71,153.52,161.77,43.28,124.86,0.7283,-1,-1,-1
614,61,240.33,0.39,227.94,479.22,0.8999,-1,-1,-1
614,70,49.59,102.05,95.24,260.62,0.9020,-1,-1,-1
614,71,142.20,159.39,47.53,129.82,0.8517,-1,-1,-1
615,61,254.36,1.10,224.97,476.79,0.9162,-1,-1,-1
615,70,47.02,97.13,90.76,271.17,0.8744,-1,-1,-1
615,71,136.58,157.75,49.73,132.72,0.8707,-1,-1,-1
615,72,179.91,106.75,85.52,263.69,0.8960,-1,-1,-1
616,61,269.17,0.02,225.81,477.90,0.9221,-1,-1,-1
616,70,48.59,90.38,80.61,270.31,0.7817,-1,-1,-1
616,71,130.19,152.00,53.17,138.27,0.8931,-1,-1,-1
616,72,185.91,107.19,79.96,266.57,0.8867,-1,-1,-1
616,73,0.54,9.67,76.66,431.73,0.6650,-1,-1,-1
617,61,277.41,-2.16,225.85,478.47,0.9253,-1,-1,-1
617,71,126.15,143.65,55.31,143.25,0.8543,-1,-1,-1
617,72,185.34,101.40,79.04,267.89,0.9121,-1,-1,-1
617,73,0.54,1.23,85.50,334.50,0.5190,-1,-1,-1
618,61,276.75,-1.74,228.59,478.12,0.9390,-1,-1,-1
618,71,110.96,138.57,64.54,149.24,0.8356,-1,-1,-1
618,72,179.83,98.35,75.84,270.20,0.8965,-1,-1,-1
618,73,-0.73,-0.48,91.06,453.05,0.8206,-1,-1,-1
618,66,264.02,95.03,50.79,260.68,0.6902,-1,-1,-1
619,61,275.32,-0.08,229.71,478.14,0.9460,-1,-1,-1
619,71,100.95,136.96,59.46,152.33,0.8748,-1,-1,-1
619,72,171.46,97.06,75.04,269.35,0.9047,-1,-1,-1
619,73,-1.20,0.07,96.53,477.66,0.8814,-1,-1,-1
619,66,258.89,92.57,57.72,262.69,0.8268,-1,-1,-1
620,61,278.05,1.09,225.70,478.61,0.9309,-1,-1,-1
620,71,93.15,136.43,61.66,156.21,0.6195,-1,-1,-1
620,72,168.64,96.00,72.64,265.08,0.8809,-1,-1,-1
620,73,0.02,1.21,103.01,484.18,0.8962,-1,-1,-1
620,66,256.81,92.82,62.13,265.52,0.8299,-1,-1,-1
621,61,291.02,3.90,209.64,477.28,0.9361,-1,-1,-1
621,71,91.64,141.41,63.70,160.32,0.8615,-1,-1,-1
621,72,170.82,104.10,71.04,265.14,0.8506,-1,-1,-1
621,73,1.83,4.12,104.74,487.05,0.9128,-1,-1,-1
621,66,258.49,101.75,65.29,264.22,0.8230,-1,-1,-1
621,74,237.96,133.70,38.93,174.79,0.7828,-1,-1,-1
622,61,307.80,4.44,194.64,478.48,0.9401,-1,-1,-1
622,71,92.54,144.55,62.90,162.43,0.8376,-1,-1,-1
622,72,175.27,112.39,70.44,265.85,0.8761,-1,-1,-1
622,73,3.00,4.25,113.91,486.64,0.9207,-1,-1,-1
622,66,263.87,110.22,61.87,265.20,0.8244,-1,-1,-1
622,74,243.30,142.03,35.41,172.01,0.7509,-1,-1,-1
623,61,311.15,2.97,188.02,478.84,0.9450,-1,-1,-1
623,71,91.20,143.50,57.61,151.61,0.7944,-1,-1,-1
623,72,172.58,117.53,71.56,266.89,0.8680,-1,-1,-1
623,73,1.04,4.43,119.46,482.94,0.8624,-1,-1,-1
623,66,262.07,116.11,61.97,265.02,0.8430,-1,-1,-1
623,74,241.14,150.53,32.14,166.16,0.7885,-1,-1,-1
624,61,309.03,1.13,186.47,479.62,0.9452,-1,-1,-1
624,72,167.69,121.63,75.84,266.24,0.8503,-1,-1,-1
624,73,0.08,2.35,119.33,484.08,0.6838,-1,-1,-1
624,66,258.27,118.62,66.73,264.11,0.8382,-1,-1,-1
625,61,309.35,-1.39,186.97,479.91,0.9473,-1,-1,-1
625,72,165.73,117.36,81.28,267.25,0.8256,-1,-1,-1
625,73,0.68,45.84,100.33,436.47,0.7436,-1,-1,-1
625,66,250.67,115.26,75.63,256.69,0.8615,-1,-1,-1
626,61,311.22,-1.60,193.58,480.01,0.9425,-1,-1,-1
626,72,160.29,114.20,93.85,266.70,0.8305,-1,-1,-1
626,73,1.14,50.44,96.06,430.60,0.6546,-1,-1,-1
626,66,251.29,111.14,76.11,253.84,0.8827,-1,-1,-1
627,61,311.97,-2.14,205.91,479.04,0.9468,-1,-1,-1
627,72,167.22,107.09,88.02,260.99,0.7935,-1,-1,-1
627,73,-0.09,16.95,130.10,459.42,0.6501,-1,-1,-1
627,66,253.33,105.96,72.69,256.12,0.8825,-1,-1,-1
628,61,318.66,-1.59,222.11,477.85,0.9262,-1,-1,-1
628,72,174.86,101.37,84.22,259.65,0.8004,-1,-1,-1
628,73,1.23,6.32,146.39,470.18,0.6633,-1,-1,-1
628,66,257.09,103.47,74.42,258.25,0.9097,-1,-1,-1
629,61,330.17,2.54,243.46,477.28,0.9288,-1,-1,-1
629,72,186.04,107.99,82.40,262.54,0.8747,-1,-1,-1
629,66,266.77,112.02,75.95,257.32,0.8623,-1,-1,-1
630,61,343.69,1.68,260.94,479.02,0.9239,-1,-1,-1
630,72,193.02,112.80,87.30,262.03,0.8291,-1,-1,-1
630,66,276.63,113.91,77.16,258.48,0.5037,-1,-1,-1
630,75,163.33,135.14,52.61,179.21,0.6893,-1,-1,-1
630,73,6.65,5.07,172.92,478.33,0.8260,-1,-1,-1
631,61,354.16,0.05,269.86,476.61,0.9195,-1,-1,-1
631,72,210.46,114.56,77.18,261.99,0.8152,-1,-1,-1
631,66,285.07,113.81,77.61,253.89,0.8463,-1,-1,-1
631,75,169.06,131.88,56.05,187.83,0.6573,-1,-1,-1
631,73,6.01,2.03,186.99,478.72,0.8951,-1,-1,-1
632,61,364.41,0.34,267.66,476.89,0.9435,-1,-1,-1
632,72,220.96,117.50,68.16,260.85,0.9049,-1,-1,-1
632,66,289.19,115.77,77.39,246.31,0.8954,-1,-1,-1
632,73,5.34,1.68,193.95,479.22,0.9298,-1,-1,-1
633,61,381.18,0.11,261.30,478.89,0.9268,-1,-1,-1
633,72,230.04,117.20,63.91,255.83,0.8940,-1,-1,-1
633,66,297.46,115.18,75.69,246.50,0.8916,-1,-1,-1
633,73,18.96,1.09,191.28,479.58,0.8913,-1,-1,-1
633,70,0.04,91.82,47.47,255.20,0.6124,-1,-1,-1
634,61,399.33,-0.53,247.20,477.50,0.9359,-1,-1,-1
634,72,237.27,113.44,64.41,253.45,0.8628,-1,-1,-1
634,66,306.66,113.84,74.03,247.07,0.8907,-1,-1,-1
634,73,32.82,2.53,183.07,477.45,0.8236,-1,-1,-1
634,70,0.94,72.46,54.77,297.08,0.7959,-1,-1,-1
635,61,415.39,0.39,231.10,478.99,0.9322,-1,-1,-1
635,72,243.10,114.95,64.04,249.67,0.8582,-1,-1,-1
635,66,315.10,116.29,72.64,247.43,0.8606,-1,-1,-1
635,73,38.31,2.16,194.55,477.01,0.9230,-1,-1,-1
636,61,418.77,-0.07,225.24,478.49,0.9375,-1,-1,-1
636,72,237.64,116.39,68.33,246.91,0.8285,-1,-1,-1
636,66,314.98,115.96,71.53,244.94,0.8604,-1,-1,-1
636,73,35.76,1.59,205.06,476.97,0.9092,-1,-1,-1
637,61,420.43,-0.06,222.46,478.96,0.9428,-1,-1,-1
637,72,241.91,118.23,63.44,242.16,0.8365,-1,-1,-1
637,66,314.94,115.00,70.21,241.54,0.8359,-1,-1,-1
637,73,45.13,1.15,200.39,477.22,0.8096,-1,-1,-1
637,74,291.58,140.48,35.74,164.86,0.6493,-1,-1,-1
638,61,419.43,0.28,222.91,478.58,0.9331,-1,-1,-1
638,72,246.57,117.48,59.90,232.44,0.8637,-1,-1,-1
638,66,313.68,112.89,70.98,236.67,0.8022,-1,-1,-1
638,73,57.81,0.08,193.32,478.98,0.9125,-1,-1,-1
639,61,407.03,0.81,233.69,478.58,0.9028,-1,-1,-1
639,72,247.74,115.79,57.37,231.54,0.8887,-1,-1,-1
639,66,310.20,111.58,72.18,237.29,0.8540,-1,-1,-1
639,73,64.95,0.33,184.59,479.26,0.8832,-1,-1,-1
640,61,404.55,1.20,234.66,478.79,0.9232,-1,-1,-1
640,72,243.46,114.60,59.18,234.05,0.8803,-1,-1,-1
640,73,34.23,0.87,210.87,479.31,0.8799,-1,-1,-1
641,61,409.44,1.99,228.79,478.24,0.9424,-1,-1,-1
641,72,238.09,118.28,60.44,235.74,0.8186,-1,-1,-1
641,73,22.91,1.97,218.98,476.55,0.8718,-1,-1,-1
641,71,1.65,63.58,122.36,342.00,0.6836,-1,-1,-1
641,66,296.78,117.42,74.92,236.55,0.8634,-1,-1,-1
642,61,406.23,2.15,231.57,479.07,0.9393,-1,-1,-1
642,72,236.41,122.48,60.56,237.28,0.8155,-1,-1,-1
642,73,20.05,1.88,220.68,478.14,0.9147,-1,-1,-1
642,71,0.06,56.04,101.64,336.64,0.5198,-1,-1,-1
642,66,293.23,120.48,76.39,235.88,0.8682,-1,-1,-1
643,61,402.15,1.14,234.33,479.27,0.9416,-1,-1,-1
643,72,234.40,122.85,60.48,236.89,0.7664,-1,-1,-1
643,73,28.25,1.72,210.10,478.31,0.8441,-1,-1,-1
643,71,-3.75,38.33,89.74,365.04,0.7922,-1,-1,-1
643,66,292.12,119.86,75.66,234.94,0.8351,-1,-1,-1
644,61,398.00,2.37,237.43,479.08,0.9515,-1,-1,-1
644,72,223.14,127.21,65.81,235.57,0.6707,-1,-1,-1
644,73,20.19,6.22,212.10,475.17,0.9348,-1,-1,-1
644,71,-4.82,35.59,66.37,300.41,0.6359,-1,-1,-1
644,66,290.99,122.89,73.60,230.20,0.8499,-1,-1,-1
645,61,393.26,0.41,243.51,478.46,0.9499,-1,-1,-1
645,72,220.26,125.68,60.81,231.14,0.7098,-1,-1,-1
645,73,32.79,1.77,193.13,478.01,0.9146,-1,-1,-1
645,66,288.08,120.22,70.59,230.19,0.8739,-1,-1,-1
646,61,388.85,-0.75,248.81,476.49,0.9206,-1,-1,-1
646,72,218.67,124.71,56.39,215.19,0.7565,-1,-1,-1
646,73,52.54,-0.17,170.26,479.30,0.9313,-1,-1,-1
646,66,284.09,120.37,67.95,231.25,0.7987,-1,-1,-1
647,61,387.22,0.13,251.86,476.62,0.9312,-1,-1,-1
647,72,218.11,125.14,53.12,200.17,0.8733,-1,-1,-1
647,73,62.73,0.21,159.84,479.83,0.9335,-1,-1,-1
647,66,280.48,124.01,66.88,230.41,0.8550,-1,-1,-1
647,74,254.71,149.76,33.54,156.22,0.7659,-1,-1,-1
648,61,388.68,0.91,252.01,477.28,0.9349,-1,-1,-1
648,72,218.26,129.82,51.48,193.41,0.8276,-1,-1,-1
648,73,67.14,0.84,155.87,479.68,0.9340,-1,-1,-1
648,66,280.11,128.47,65.86,228.78,0.8406,-1,-1,-1
648,74,254.69,151.60,33.77,153.56,0.6802,-1,-1,-1
649,61,389.47,2.05,251.86,478.55,0.9399,-1,-1,-1
649,72,217.99,139.21,51.97,196.92,0.8360,-1,-1,-1
649,73,66.32,3.97,155.51,477.52,0.9347,-1,-1,-1
649,66,279.00,132.76,65.96,227.36,0.8300,-1,-1,-1
649,74,255.02,155.59,32.72,150.22,0.6711,-1,-1,-1
650,61,388.92,0.50,251.62,478.88,0.9408,-1,-1,-1
650,72,215.57,139.87,53.36,200.72,0.8769,-1,-1,-1
650,73,60.78,6.15,159.28,474.05,0.9389,-1,-1,-1
650,66,275.38,131.21,67.83,223.60,0.8398,-1,-1,-1
651,61,386.55,-2.39,251.75,479.22,0.9235,-1,-1,-1
651,72,206.51,128.48,55.99,212.38,0.8305,-1,-1,-1
651,73,42.68,0.05,168.64,477.53,0.9355,-1,-1,-1
651,66,261.47,122.78,74.12,220.74,0.8460,-1,-1,-1
652,61,389.80,0.23,249.59,478.27,0.9291,-1,-1,-1
652,72,204.68,129.94,57.62,217.56,0.8809,-1,-1,-1
652,73,39.24,2.41,171.50,477.47,0.9309,-1,-1,-1
652,66,258.08,126.50,75.49,221.23,0.8645,-1,-1,-1
653,61,393.30,2.11,247.06,477.34,0.9211,-1,-1,-1
653,72,204.52,135.99,57.65,220.05,0.8773,-1,-1,-1
653,73,41.71,6.65,170.44,475.39,0.9318,-1,-1,-1
653,66,258.31,134.03,73.46,222.80,0.8714,-1,-1,-1
654,61,393.55,-2.26,245.90,478.23,0.9292,-1,-1,-1
654,72,201.51,131.06,58.08,220.62,0.8559,-1,-1,-1
654,73,35.89,-0.74,176.27,478.33,0.9268,-1,-1,-1
654,66,258.17,128.59,71.20,223.35,0.8500,-1,-1,-1
655,61,393.73,-1.14,244.99,478.67,0.9429,-1,-1,-1
655,72,196.46,133.13,64.49,220.67,0.9075,-1,-1,-1
655,73,26.03,-0.64,189.49,479.47,0.9220,-1,-1,-1
655,66,261.76,130.15,69.88,223.29,0.8821,-1,-1,-1
656,61,391.52,-0.20,246.63,479.36,0.9309,-1,-1,-1
656,72,200.96,134.22,60.06,220.20,0.8188,-1,-1,-1
656,73,16.20,0.32,202.50,479.30,0.9360,-1,-1,-1
656,66,265.38,130.03,67.55,221.10,0.8643,-1,-1,-1
657,61,381.14,-0.86,259.22,477.66,0.9220,-1,-1,-1
657,73,17.02,2.50,206.71,474.77,0.9460,-1,-1,-1
657,66,271.76,122.68,68.44,216.59,0.8964,-1,-1,-1
658,61,382.56,0.25,257.05,476.79,0.9176,-1,-1,-1
658,73,26.27,7.29,201.08,470.85,0.9282,-1,-1,-1
658,66,276.49,120.20,68.23,215.13,0.8815,-1,-1,-1
658,72,215.87,125.84,53.59,209.94,0.7656,-1,-1,-1
659,61,385.20,0.13,246.57,478.23,0.9303,-1,-1,-1
659,73,50.46,8.63,178.62,470.70,0.9301,-1,-1,-1
659,66,281.34,119.55,68.04,216.59,0.8390,-1,-1,-1
659,72,219.29,126.07,55.21,202.52,0.7496,-1,-1,-1
660,61,384.83,1.78,240.95,478.90,0.9317,-1,-1,-1
660,73,68.31,10.42,154.26,470.60,0.9157,-1,-1,-1
660,66,275.74,127.71,68.42,214.58,0.8795,-1,-1,-1
660,72,210.44,133.41,58.08,193.31,0.8486,-1,-1,-1
661,61,388.88,0.51,240.34,477.51,0.9418,-1,-1,-1
661,73,81.76,5.85,143.08,473.27,0.9122,-1,-1,-1
661,66,275.59,129.36,68.24,211.04,0.8642,-1,-1,-1
661,72,209.36,135.30,59.87,190.76,0.6683,-1,-1,-1
662,61,387.75,0.34,247.21,478.06,0.9009,-1,-1,-1
662,73,86.94,3.65,138.44,476.05,0.9074,-1,-1,-1
662,66,274.66,132.03,66.83,210.97,0.8741,-1,-1,-1
662,72,214.72,137.71,54.29,169.80,0.5896,-1,-1,-1
663,61,390.62,0.57,247.77,478.83,0.8910,-1,-1,-1
663,73,90.28,5.05,141.93,474.86,0.9051,-1,-1,-1
663,66,275.38,131.72,66.56,207.02,0.8584,-1,-1,-1
663,72,220.66,137.70,53.10,160.69,0.6457,-1,-1,-1
664,61,392.24,0.96,247.89,479.17,0.9296,-1,-1,-1
664,73,91.56,7.82,139.54,451.76,0.9104,-1,-1,-1
664,66,275.25,132.15,67.71,204.42,0.8817,-1,-1,-1
664,72,222.98,137.23,52.87,156.59,0.7483,-1,-1,-1
664,76,9.67,125.29,93.25,218.82,0.7885,-1,-1,-1
665,61,400.72,0.35,241.22,479.67,0.9241,-1,-1,-1
665,73,96.41,13.86,137.47,458.38,0.8954,-1,-1,-1
665,66,278.97,129.71,67.89,204.23,0.8362,-1,-1,-1
665,72,226.13,134.03,53.62,158.45,0.8685,-1,-1,-1
665,76,7.97,115.81,88.09,229.18,0.8646,-1,-1,-1
666,61,408.78,-0.23,232.32,479.67,0.8862,-1,-1,-1
666,73,97.39,14.62,137.80,461.21,0.8995,-1,-1,-1
666,66,278.68,126.91,67.16,205.69,0.8489,-1,-1,-1
666,72,226.63,131.55,53.59,161.03,0.8867,-1,-1,-1
666,76,3.29,106.83,84.97,237.83,0.9132,-1,-1,-1
667,61,426.77,0.31,214.39,479.29,0.8994,-1,-1,-1
667,73,99.81,12.01,134.82,465.65,0.9238,-1,-1,-1
667,66,280.16,127.05,66.57,206.22,0.8477,-1,-1,-1
667,72,232.64,132.36,48.33,159.27,0.8112,-1,-1,-1
667,76,0.47,98.31,83.12,248.72,0.9172,-1,-1,-1
668,61,444.91,1.68,196.90,479.22,0.9319,-1,-1,-1
668,73,109.97,14.13,132.11,466.16,0.9072,-1,-1,-1
668,66,284.76,130.31,66.77,205.77,0.8292,-1,-1,-1
668,72,236.39,136.65,49.30,163.08,0.8442,-1,-1,-1
668,76,0.59,95.78,77.16,258.95,0.8903,-1,-1,-1
668,77,71.79,95.90,51.79,257.29,0.8336,-1,-1,-1
669,61,455.98,-0.78,184.96,478.82,0.9377,-1,-1,-1
669,73,99.48,5.94,146.02,456.46,0.9203,-1,-1,-1
669,66,287.97,124.92,65.79,200.28,0.8215,-1,-1,-1
669,72,234.35,131.28,54.21,158.65,0.6826,-1,-1,-1
669,76,-0.21,87.90,66.89,265.67,0.8786,-1,-1,-1
669,77,64.37,89.59,56.99,265.69,0.8318,-1,-1,-1
670,61,463.35,0.17,177.45,479.34,0.9360,-1,-1,-1
670,73,93.01,6.18,158.07,460.06,0.9212,-1,-1,-1
670,66,290.43,124.54,65.54,197.97,0.8531,-1,-1,-1
670,72,235.42,129.95,55.15,180.28,0.5508,-1,-1,-1
670,76,-0.19,88.97,55.60,269.35,0.8623,-1,-1,-1
670,77,52.88,84.72,69.14,281.92,0.7510,-1,-1,-1
670,78,399.03,102.50,89.46,265.10,0.8693,-1,-1,-1
671,61,466.09,3.34,173.83,478.04,0.9245,-1,-1,-1
671,73,80.97,16.81,173.22,456.47,0.9091,-1,-1,-1
671,66,290.46,131.35,66.03,198.34,0.8777,-1,-1,-1
671,72,241.11,136.72,50.39,185.92,0.8438,-1,-1,-1
671,76,-0.71,109.94,45.71,259.91,0.8204,-1,-1,-1
671,77,39.92,85.93,80.87,302.67,0.8520,-1,-1,-1
671,78,395.05,111.40,92.92,267.96,0.8297,-1,-1,-1
672,61,468.44,6.14,170.62,478.10,0.9243,-1,-1,-1
672,73,93.65,35.55,160.12,445.55,0.8263,-1,-1,-1
672,66,290.98,142.43,64.55,199.46,0.8755,-1,-1,-1
672,72,246.25,148.90,45.19,185.39,0.8149,-1,-1,-1
672,76,-0.96,126.72,28.17,259.09,0.6365,-1,-1,-1
672,77,24.05,86.83,94.83,325.03,0.8956,-1,-1,-1
672,78,397.93,125.78,87.50,271.31,0.8758,-1,-1,-1
673,61,460.39,-0.69,179.97,478.05,0.9095,-1,-1,-1
673,73,107.16,29.10,148.29,447.37,0.9137,-1,-1,-1
673,66,295.01,133.02,63.60,198.58,0.8450,-1,-1,-1
673,72,252.82,139.65,43.14,181.88,0.8510,-1,-1,-1
673,77,7.12,62.88,111.81,347.45,0.8819,-1,-1,-1
673,78,403.28,112.84,88.90,274.34,0.8938,-1,-1,-1
674,61,460.60,-1.74,177.37,478.38,0.9310,-1,-1,-1
674,73,92.78,23.41,153.53,453.14,0.8542,-1,-1,-1
674,66,291.81,127.05,60.78,196.80,0.9057,-1,-1,-1
674,72,248.79,134.75,45.29,182.92,0.8737,-1,-1,-1
674,77,-3.60,42.46,116.27,370.88,0.9257,-1,-1,-1
674,78,399.85,103.75,83.86,271.09,0.8454,-1,-1,-1
675,61,475.32,2.00,161.51,478.71,0.9357,-1,-1,-1
675,73,93.45,24.78,144.38,456.09,0.9124,-1,-1,-1
675,66,287.17,134.47,58.67,190.74,0.8888,-1,-1,-1
675,72,240.99,140.10,48.51,183.65,0.7746,-1,-1,-1
675,77,-7.94,33.42,103.26,392.31,0.9054,-1,-1,-1
675,78,394.16,108.86,81.30,267.72,0.8597,-1,-1,-1
676,61,472.82,2.64,164.95,478.77,0.8480,-1,-1,-1
676,73,94.67,25.03,141.69,450.66,0.9254,-1,-1,-1
676,66,283.09,138.87,57.80,188.81,0.8509,-1,-1,-1
676,72,239.39,142.56,46.38,185.98,0.8763,-1,-1,-1
676,77,-7.28,23.10,84.43,410.38,0.7007,-1,-1,-1
676,78,385.36,114.15,86.37,266.67,0.8093,-1,-1,-1
677,61,476.64,1.43,163.13,478.62,0.9288,-1,-1,-1
677,73,95.82,21.01,145.55,449.69,0.9175,-1,-1,-1
677,66,285.07,138.14,57.39,189.52,0.8535,-1,-1,-1
677,72,241.13,141.70,46.89,184.77,0.8785,-1,-1,-1
677,77,-4.34,22.56,63.11,415.03,0.6371,-1,-1,-1
677,78,387.76,114.77,86.20,268.99,0.8250,-1,-1,-1
678,61,474.00,-0.05,164.90,479.21,0.9296,-1,-1,-1
678,73,100.95,17.72,138.45,455.05,0.9103,-1,-1,-1
678,66,281.45,136.23,58.97,190.75,0.6841,-1,-1,-1
678,72,239.57,140.31,44.56,185.04,0.8539,-1,-1,-1
678,78,385.62,112.97,87.17,273.15,0.8662,-1,-1,-1
679,61,471.53,2.03,168.21,479.27,0.9189,-1,-1,-1
679,73,105.77,26.76,132.05,452.32,0.8836,-1,-1,-1
679,66,282.34,141.83,58.42,193.08,0.6703,-1,-1,-1
679,72,237.80,147.16,45.90,194.07,0.8209,-1,-1,-1
679,78,382.64,118.33,91.35,274.59,0.8287,-1,-1,-1
680,61,469.68,2.39,170.24,479.22,0.9223,-1,-1,-1
680,73,105.85,36.06,132.49,427.41,0.8972,-1,-1,-1
680,72,238.19,151.84,45.43,194.74,0.7700,-1,-1,-1
680,78,380.12,121.07,93.82,278.01,0.8252,-1,-1,-1
681,61,468.37,0.80,170.69,479.11,0.9286,-1,-1,-1
681,73,104.01,39.83,131.79,428.90,0.8840,-1,-1,-1
681,72,235.20,150.29,45.01,185.37,0.8467,-1,-1,-1
681,78,375.90,118.22,92.96,280.35,0.8752,-1,-1,-1
681,66,276.38,143.53,61.07,187.50,0.8899,-1,-1,-1
682,61,472.35,-0.15,166.65,478.34,0.9179,-1,-1,-1
682,73,99.13,37.30,136.09,437.43,0.9133,-1,-1,-1
682,72,230.49,146.64,47.04,183.45,0.8925,-1,-1,-1
682,78,371.45,114.32,92.14,275.57,0.8606,-1,-1,-1
682,79,49.92,128.31,68.08,208.48,0.8132,-1,-1,-1
682,66,275.08,140.43,60.08,187.77,0.9157,-1,-1,-1
683,61,479.04,1.11,160.75,478.04,0.9312,-1,-1,-1
683,73,98.98,36.82,139.64,441.54,0.9175,-1,-1,-1
683,72,233.22,146.73,43.41,182.03,0.8632,-1,-1,-1
683,78,356.66,113.11,99.07,275.15,0.7668,-1,-1,-1
683,79,45.45,126.24,68.37,221.62,0.8112,-1,-1,-1
683,66,275.24,140.82,59.31,186.01,0.9190,-1,-1,-1
684,61,487.22,-0.60,152.60,478.65,0.9354,-1,-1,-1
684,73,95.21,28.62,143.00,440.33,0.8839,-1,-1,-1
684,72,228.75,143.23,45.90,182.80,0.7951,-1,-1,-1
684,78,354.03,108.54,98.28,278.86,0.7976,-1,-1,-1
684,79,34.73,115.14,76.42,238.63,0.7972,-1,-1,-1
684,66,272.81,137.99,61.27,187.57,0.9098,-1,-1,-1
685,61,494.22,-0.12,146.23,478.90,0.9322,-1,-1,-1
685,73,87.01,25.09,152.33,442.61,0.9194,-1,-1,-1
685,72,217.04,141.56,58.41,197.11,0.6032,-1,-1,-1
685,78,349.14,109.02,103.06,280.78,0.8256,-1,-1,-1
685,79,19.89,107.63,89.44,249.71,0.5768,-1,-1,-1
685,66,273.53,137.03,61.53,188.31,0.9054,-1,-1,-1
686,61,495.80,-0.30,143.93,478.93,0.9166,-1,-1,-1
686,73,79.34,25.06,158.28,449.86,0.9269,-1,-1,-1
686,78,354.14,108.12,95.57,284.20,0.8274,-1,-1,-1
686,79,12.67,95.07,89.39,264.38,0.7935,-1,-1,-1
686,66,271.73,135.33,60.50,188.53,0.8809,-1,-1,-1
687,61,497.09,0.92,142.59,478.88,0.9287,-1,-1,-1
687,73,77.84,29.66,159.41,449.00,0.9220,-1,-1,-1
687,78,357.78,108.24,91.87,287.83,0.8919,-1,-1,-1
687,79,1.43,84.84,91.49,278.92,0.9080,-1,-1,-1
687,66,272.02,136.81,58.98,184.87,0.8516,-1,-1,-1
687,72,228.33,142.72,47.16,155.27,0.6331,-1,-1,-1
688,61,492.85,0.65,145.60,478.82,0.9430,-1,-1,-1
688,73,66.76,30.77,165.21,448.53,0.9289,-1,-1,-1
688,78,356.02,104.58,92.83,288.24,0.8974,-1,-1,-1
688,79,-3.84,74.25,86.07,290.30,0.8714,-1,-1,-1
688,66,266.68,132.75,57.55,184.58,0.7246,-1,-1,-1
688,72,228.23,139.26,40.06,142.87,0.6419,-1,-1,-1
689,61,481.22,1.96,158.05,478.15,0.9214,-1,-1,-1
689,73,82.04,33.58,147.46,447.39,0.8987,-1,-1,-1
689,78,356.67,105.60,90.63,284.05,0.8676,-1,-1,-1
689,79,-3.91,69.01,76.47,297.86,0.8142,-1,-1,-1
689,66,264.61,133.53,58.12,184.99,0.8674,-1,-1,-1
689,72,226.19,141.32,40.20,165.00,0.7958,-1,-1,-1
690,61,453.90,1.58,186.00,478.73,0.8839,-1,-1,-1
690,73,81.90,32.33,146.10,448.55,0.9138,-1,-1,-1
690,78,356.91,103.66,86.91,280.60,0.8750,-1,-1,-1
690,66,262.67,133.04,58.24,185.96,0.8732,-1,-1,-1
690,72,220.26,141.28,44.93,174.42,0.7985,-1,-1,-1
691,61,450.27,2.16,189.70,478.46,0.8931,-1,-1,-1
691,73,97.02,31.57,132.87,444.81,0.9178,-1,-1,-1
691,78,352.89,102.90,88.04,283.01,0.8560,-1,-1,-1
691,66,260.69,135.93,59.15,187.73,0.8958,-1,-1,-1
691,80,307.51,153.94,49.10,138.89,0.8613,-1,-1,-1
691,79,-3.15,84.20,57.05,209.65,0.6569,-1,-1,-1
692,61,481.65,2.45,158.43,478.45,0.8918,-1,-1,-1
692,73,105.72,31.09,127.11,437.63,0.9337,-1,-1,-1
692,78,352.41,103.75,87.43,285.76,0.8832,-1,-1,-1
692,66,259.65,139.65,59.58,187.08,0.9073,-1,-1,-1
692,80,309.13,153.08,50.10,141.68,0.8770,-1,-1,-1
692,81,52.15,136.41,61.30,181.34,0.6263,-1,-1,-1
693,61,497.42,-0.04,143.49,478.07,0.9195,-1,-1,-1
693,73,113.30,24.80,126.63,443.13,0.9206,-1,-1,-1
693,78,352.69,99.97,93.82,288.30,0.8243,-1,-1,-1
693,66,261.75,133.35,60.08,186.42,0.8820,-1,-1,-1
693,80,315.70,145.62,49.05,146.00,0.7289,-1,-1,-1
693,81,43.21,129.29,68.59,190.15,0.7692,-1,-1,-1
694,61,446.54,-0.18,193.75,475.96,0.8847,-1,-1,-1
694,73,118.87,23.53,120.22,447.64,0.9094,-1,-1,-1
694,78,350.43,95.92,93.48,290.93,0.8255,-1,-1,-1
694,66,261.10,129.73,60.96,182.77,0.8863,-1,-1,-1
694,80,317.79,137.77,46.23,130.41,0.5345,-1,-1,-1
694,81,24.81,124.96,79.07,195.99,0.5822,-1,-1,-1
695,61,434.66,-0.10,205.43,476.07,0.9047,-1,-1,-1
695,73,122.52,25.49,129.13,450.90,0.8719,-1,-1,-1
695,78,341.40,93.97,97.23,292.62,0.7695,-1,-1,-1
695,66,260.35,127.77,60.97,179.06,0.9027,-1,-1,-1
695,81,12.23,120.62,81.49,208.05,0.8808,-1,-1,-1
695,82,94.28,140.67,41.49,149.93,0.8351,-1,-1,-1
696,61,442.32,2.80,198.85,477.83,0.8845,-1,-1,-1
696,73,124.06,37.30,136.23,442.19,0.8945,-1,-1,-1
696,78,342.33,98.74,94.15,290.87,0.8266,-1,-1,-1
696,66,263.50,133.40,59.80,180.15,0.8197,-1,-1,-1
696,81,6.34,118.96,80.74,221.45,0.8467,-1,-1,-1
696,82,94.12,144.56,42.67,153.99,0.8552,-1,-1,-1
697,61,462.31,1.67,179.21,478.67,0.9175,-1,-1,-1
697,73,127.59,40.41,137.33,438.10,0.9115,-1,-1,-1
697,78,344.66,97.31,89.62,285.02,0.8707,-1,-1,-1
697,66,265.89,133.61,59.71,181.33,0.8654,-1,-1,-1
697,81,2.78,115.39,77.99,228.08,0.8156,-1,-1,-1
697,82,93.58,142.78,42.92,158.05,0.8220,-1,-1,-1
698,61,461.73,-0.15,178.53,479.34,0.9140,-1,-1,-1
698,73,137.17,35.11,129.86,434.06,0.9201,-1,-1,-1
698,78,334.58,92.76,94.74,285.06,0.8574,-1,-1,-1
698,66,265.16,134.04,59.05,179.56,0.8582,-1,-1,-1
698,81,-2.35,106.81,77.64,237.93,0.8141,-1,-1,-1
698,82,86.61,138.81,44.76,158.86,0.5752,-1,-1,-1
699,61,458.68,2.19,181.59,479.39,0.9238,-1,-1,-1
699,73,143.62,39.47,126.43,418.46,0.9329,-1,-1,-1
699,78,333.88,97.76,92.78,287.14,0.8547,-1,-1,-1
699,66,267.15,140.45,55.50,179.24,0.8825,-1,-1,-1
699,81,-3.26,108.15,74.78,245.34,0.8547,-1,-1,-1
699,82,97.19,162.05,49.10,178.76,0.8009,-1,-1,-1
700,61,457.74,3.49,183.24,479.19,0.9269,-1,-1,-1
700,73,137.56,45.72,138.26,414.39,0.9111,-1,-1,-1
700,78,333.86,105.93,90.80,289.99,0.8793,-1,-1,-1
700,66,272.32,147.47,51.11,175.58,0.8591,-1,-1,-1
700,81,-2.56,110.53,67.99,259.48,0.7608,-1,-1,-1
701,61,455.43,-1.29,182.97,478.53,0.9389,-1,-1,-1
701,73,131.27,36.67,146.30,419.62,0.9114,-1,-1,-1
701,78,326.67,99.29,91.04,292.51,0.8795,-1,-1,-1
701,66,271.12,138.07,47.16,165.15,0.8487,-1,-1,-1
702,61,449.38,0.18,188.22,477.29,0.9456,-1,-1,-1
702,73,126.30,39.38,151.55,426.04,0.9070,-1,-1,-1
702,78,311.89,99.54,105.00,295.45,0.8573,-1,-1,-1
702,66,268.21,137.43,46.72,158.80,0.8661,-1,-1,-1
702,81,5.71,135.06,57.34,185.32,0.7238,-1,-1,-1
703,61,442.27,2.49,196.78,476.92,0.9474,-1,-1,-1
703,73,123.60,46.82,155.47,428.69,0.8964,-1,-1,-1
703,78,314.30,102.46,97.25,294.63,0.8756,-1,-1,-1
703,66,268.73,140.66,45.76,148.16,0.7785,-1,-1,-1
703,81,3.84,148.73,57.38,161.66,0.7995,-1,-1,-1
703,82,50.59,158.69,73.00,232.97,0.8608,-1,-1,-1
704,61,435.63,2.15,203.10,476.65,0.9430,-1,-1,-1
704,73,121.98,50.82,154.06,426.49,0.9039,-1,-1,-1
704,78,314.41,102.09,88.63,287.59,0.8954,-1,-1,-1
704,66,265.49,142.42,45.85,158.71,0.7487,-1,-1,-1
704,81,-0.22,152.04,54.66,158.98,0.6286,-1,-1,-1
704,82,33.83,157.07,78.50,248.09,0.7888,-1,-1,-1
705,61,427.07,0.14,211.13,477.42,0.9422,-1,-1,-1
705,73,126.35,47.97,145.60,428.28,0.9187,-1,-1,-1
705,78,309.84,96.77,88.57,283.28,0.8867,-1,-1,-1
705,66,261.42,140.31,46.77,162.59,0.7450,-1,-1,-1
705,82,11.04,150.37,89.38,267.74,0.8138,-1,-1,-1
705,84,380.99,108.88,64.71,222.86,0.6087,-1,-1,-1
706,61,416.08,0.35,221.97,477.24,0.9388,-1,-1,-1
706,73,134.61,43.24,134.80,428.79,0.9150,-1,-1,-1
706,78,301.75,95.05,88.44,284.02,0.8824,-1,-1,-1
706,66,257.23,140.33,45.77,135.40,0.7838,-1,-1,-1
706,82,0.12,145.53,84.86,282.18,0.9315,-1,-1,-1
706,85,64.22,107.70,79.66,249.92,0.8969,-1,-1,-1
707,61,400.71,1.63,237.45,476.42,0.9213,-1,-1,-1
707,73,135.00,42.05,132.02,416.27,0.9281,-1,-1,-1
707,78,297.09,98.05,87.73,286.57,0.8890,-1,-1,-1
707,66,255.07,142.20,43.82,117.73,0.6523,-1,-1,-1
707,82,-3.46,141.96,72.03,298.10,0.8563,-1,-1,-1
707,85,44.71,104.40,91.80,264.08,0.8307,-1,-1,-1
708,61,368.10,0.86,269.22,476.32,0.9098,-1,-1,-1
708,73,131.77,37.03,129.75,414.61,0.8895,-1,-1,-1
708,78,288.78,99.19,89.78,289.65,0.8540,-1,-1,-1
708,66,251.57,141.36,43.84,113.77,0.6767,-1,-1,-1
708,82,-4.58,133.61,52.58,313.27,0.8113,-1,-1,-1
708,85,16.84,98.41,107.38,276.18,0.7897,-1,-1,-1
709,61,371.04,0.44,263.01,478.38,0.9091,-1,-1,-1
709,73,129.73,34.92,131.34,418.86,0.9197,-1,-1,-1
709,78,284.20,99.60,90.66,293.55,0.8414,-1,-1,-1
709,66,249.39,140.23,45.18,118.86,0.8042,-1,-1,-1
709,85,0.95,90.86,110.31,339.86,0.7795,-1,-1,-1
710,61,344.80,-0.03,275.60,478.51,0.9370,-1,-1,-1
710,73,127.97,36.02,131.69,423.90,0.8942,-1,-1,-1
710,78,278.11,97.50,95.35,296.41,0.8200,-1,-1,-1
710,66,248.18,139.61,45.78,116.22,0.7928,-1,-1,-1
710,85,-4.13,81.19,107.38,336.70,0.7650,-1,-1,-1
711,61,321.23,-0.43,283.32,478.28,0.9098,-1,-1,-1
711,73,124.67,37.02,131.77,423.79,0.8643,-1,-1,-1
711,78,275.51,92.39,92.93,298.86,0.8163,-1,-1,-1
711,66,246.60,138.26,42.18,115.23,0.6942,-1,-1,-1
711,85,-5.18,63.43,102.40,334.58,0.9182,-1,-1,-1
712,61,303.13,0.02,289.55,477.44,0.9250,-1,-1,-1
712,73,121.98,39.95,131.06,428.97,0.9252,-1,-1,-1
712,78,270.31,89.32,93.12,295.77,0.8324,-1,-1,-1
712,66,243.84,141.44,41.14,112.51,0.6855,-1,-1,-1
712,85,-4.92,47.27,80.41,362.61,0.8030,-1,-1,-1
713,61,322.44,-0.92,272.87,476.42,0.9170,-1,-1,-1
713,73,119.22,37.15,133.00,430.82,0.9329,-1,-1,-1
713,78,267.27,85.77,92.75,294.49,0.8525,-1,-1,-1
713,66,244.60,140.91,37.69,108.54,0.7625,-1,-1,-1
713,85,-2.69,32.18,65.07,400.60,0.7852,-1,-1,-1
714,61,328.04,0.01,294.04,477.67,0.9258,-1,-1,-1
714,73,114.88,36.42,139.74,423.35,0.9279,-1,-1,-1
714,78,268.66,87.52,94.14,296.09,0.8534,-1,-1,-1
714,66,248.39,142.07,36.49,102.94,0.7890,-1,-1,-1
714,85,18.87,66.16,67.58,309.91,0.6192,-1,-1,-1
715,61,329.22,-0.27,306.03,476.60,0.9364,-1,-1,-1
715,73,111.07,32.92,147.40,408.89,0.9310,-1,-1,-1
715,78,272.47,88.57,94.39,297.56,0.8565,-1,-1,-1
715,66,251.72,140.12,36.66,103.17,0.6743,-1,-1,-1
715,85,28.20,79.05,70.56,258.70,0.8320,-1,-1,-1
716,61,333.91,0.94,306.56,476.81,0.8933,-1,-1,-1
716,73,106.40,34.15,155.75,405.94,0.9356,-1,-1,-1
716,78,274.83,92.16,95.99,300.79,0.8726,-1,-1,-1
716,66,256.26,142.21,36.37,101.89,0.7478,-1,-1,-1
716,85,28.37,83.60,77.86,255.73,0.8678,-1,-1,-1
717,61,345.10,0.90,297.52,478.35,0.8709,-1,-1,-1
717,73,102.79,38.15,162.81,405.96,0.9314,-1,-1,-1
717,78,278.67,93.93,98.87,304.48,0.8795,-1,-1,-1
717,66,260.90,143.16,38.55,100.77,0.7722,-1,-1,-1
717,85,17.28,81.35,92.37,261.98,0.9143,-1,-1,-1
718,61,361.64,2.35,281.16,477.18,0.9082,-1,-1,-1
718,73,100.99,48.02,166.96,408.41,0.9360,-1,-1,-1
718,78,286.14,97.35,98.84,303.96,0.8520,-1,-1,-1
718,66,265.69,148.80,38.65,104.00,0.8102,-1,-1,-1
718,85,8.98,80.71,100.48,282.59,0.8997,-1,-1,-1
719,61,375.59,2.15,266.54,476.17,0.9301,-1,-1,-1
719,73,101.47,54.67,164.00,409.83,0.9294,-1,-1,-1
719,66,271.73,151.03,37.16,105.38,0.7805,-1,-1,-1
719,85,4.00,77.83,109.25,292.93,0.9189,-1,-1,-1
720,61,384.83,1.16,256.80,476.42,0.9307,-1,-1,-1
720,73,103.48,55.01,162.25,405.39,0.9283,-1,-1,-1
720,66,276.54,150.36,36.30,112.45,0.7515,-1,-1,-1
720,85,3.53,73.80,112.19,306.77,0.9135,-1,-1,-1
720,78,299.24,97.22,91.40,294.91,0.8828,-1,-1,-1
721,61,391.76,-0.41,249.39,476.69,0.9455,-1,-1,-1
721,73,109.33,51.03,151.60,393.86,0.9272,-1,-1,-1
721,66,281.49,147.23,36.36,108.03,0.6463,-1,-1,-1
721,85,0.72,60.49,112.23,330.13,0.9354,-1,-1,-1
721,78,304.16,94.05,90.95,295.84,0.8803,-1,-1,-1
722,61,397.62,0.63,243.56,477.14,0.9416,-1,-1,-1
722,73,118.08,51.70,141.76,383.71,0.9353,-1,-1,-1
722,66,287.21,148.46,34.13,101.68,0.6150,-1,-1,-1
722,85,-0.22,52.73,110.90,345.90,0.9407,-1,-1,-1
722,78,307.32,95.26,92.56,299.24,0.9141,-1,-1,-1
723,61,399.40,1.71,242.49,477.88,0.9381,-1,-1,-1
723,73,132.58,53.33,130.05,384.03,0.9382,-1,-1,-1
723,66,293.78,152.67,33.40,99.67,0.6665,-1,-1,-1
723,85,0.49,46.90,110.57,360.52,0.9450,-1,-1,-1
723,78,314.30,99.22,91.72,302.74,0.7302,-1,-1,-1
724,61,395.57,1.48,245.51,478.10,0.9312,-1,-1,-1
724,73,141.90,54.44,121.66,386.29,0.9358,-1,-1,-1
724,66,298.13,154.37,31.89,100.81,0.7455,-1,-1,-1
724,85,-0.37,39.05,109.51,373.83,0.9398,-1,-1,-1
724,78,317.07,101.53,91.88,303.58,0.8759,-1,-1,-1
725,61,393.53,0.34,246.92,478.60,0.9171,-1,-1,-1
725,73,149.00,55.11,115.12,390.13,0.9322,-1,-1,-1
725,85,-0.91,24.38,102.88,391.66,0.9307,-1,-1,-1
725,78,317.03,99.40,94.51,302.75,0.8491,-1,-1,-1
725,87,93.32,188.11,21.57,69.37,0.6791,-1,-1,-1
726,61,407.28,1.17,232.89,477.95,0.9417,-1,-1,-1
726,73,155.83,60.77,108.62,394.08,0.9242,-1,-1,-1
726,85,-0.99,12.01,94.47,412.55,0.9233,-1,-1,-1
726,78,318.72,99.91,92.46,303.80,0.8483,-1,-1,-1
726,87,91.79,189.63,26.46,69.12,0.7983,-1,-1,-1
726,88,263.44,155.35,43.33,152.86,0.8787,-1,-1,-1
727,61,405.87,-0.23,233.56,477.88,0.9438,-1,-1,-1
727,73,159.96,60.08,105.42,393.90,0.9274,-1,-1,-1
727,85,-1.40,1.65,83.67,424.40,0.8859,-1,-1,-1
727,78,318.12,94.64,91.35,302.26,0.8506,-1,-1,-1
727,87,91.77,186.74,25.48,70.75,0.7673,-1,-1,-1
727,88,265.65,152.35,41.73,152.25,0.8659,-1,-1,-1
728,61,395.67,-0.41,242.13,478.06,0.9453,-1,-1,-1
728,73,159.97,59.39,104.38,391.95,0.9288,-1,-1,-1
728,85,-2.28,24.26,64.97,409.05,0.7593,-1,-1,-1
728,78,315.00,92.20,96.26,296.46,0.8391,-1,-1,-1
728,87,88.04,186.72,24.97,71.10,0.5688,-1,-1,-1
728,88,265.31,151.99,41.36,151.12,0.8814,-1,-1,-1
729,61,386.72,-0.40,251.33,476.90,0.9501,-1,-1,-1
729,73,159.98,57.11,104.74,381.72,0.9319,-1,-1,-1
729,78,314.21,89.84,93.45,298.30,0.8838,-1,-1,-1
729,87,84.28,186.02,24.77,71.08,0.6302,-1,-1,-1
729,88,264.94,152.43,42.13,149.27,0.8841,-1,-1,-1
729,90,139.79,195.87,14.55,46.28,0.6772,-1,-1,-1
730,61,378.76,2.26,259.99,477.29,0.9479,-1,-1,-1
730,73,160.35,63.15,105.59,370.81,0.9355,-1,-1,-1
730,78,314.45,98.62,92.86,300.97,0.8425,-1,-1,-1
730,87,84.19,191.58,23.69,72.68,0.5706,-1,-1,-1
730,88,265.50,160.72,42.81,149.59,0.8685,-1,-1,-1
731,61,374.62,2.33,265.19,477.37,0.9434,-1,-1,-1
731,73,160.90,68.08,107.80,368.72,0.9312,-1,-1,-1
731,78,315.32,102.52,93.49,307.48,0.8767,-1,-1,-1
731,87,82.13,194.86,25.94,75.02,0.6244,-1,-1,-1
731,88,268.27,165.53,40.95,146.67,0.8423,-1,-1,-1
732,61,372.61,1.42,266.64,477.42,0.9243,-1,-1,-1
732,73,155.10,72.90,113.58,371.55,0.9364,-1,-1,-1
732,78,314.61,108.33,94.12,308.76,0.8948,-1,-1,-1
732,87,76.88,195.32,27.51,76.79,0.7408,-1,-1,-1
732,88,268.75,166.94,39.58,143.62,0.8369,-1,-1,-1
733,61,376.98,1.63,261.46,477.21,0.9196,-1,-1,-1
733,73,148.09,81.33,115.26,374.90,0.9109,-1,-1,-1
733,78,314.50,111.57,92.08,307.92,0.8967,-1,-1,-1
733,87,67.45,195.62,30.91,79.88,0.6990,-1,-1,-1
733,88,266.00,167.40,40.71,141.41,0.8397,-1,-1,-1
734,61,384.66,1.99,254.33,478.17,0.9289,-1,-1,-1
734,73,141.03,89.36,116.48,376.35,0.9236,-1,-1,-1
734,78,314.67,116.19,90.93,304.78,0.8630,-1,-1,-1
734,87,61.95,200.55,32.97,79.42,0.6709,-1,-1,-1
734,88,265.68,170.75,41.36,135.21,0.8456,-1,-1,-1
735,61,391.09,-1.16,247.69,477.62,0.9378,-1,-1,-1
735,73,132.42,85.04,120.15,373.80,0.8807,-1,-1,-1
735,78,315.35,109.28,90.33,296.32,0.8704,-1,-1,-1
735,87,58.28,195.00,31.84,81.10,0.6893,-1,-1,-1
735,88,264.98,165.92,41.85,137.40,0.8397,-1,-1,-1
736,61,396.00,-1.72,242.29,477.49,0.9179,-1,-1,-1
736,73,143.37,79.92,111.14,365.23,0.8769,-1,-1,-1
736,78,314.73,104.40,90.61,295.58,0.8433,-1,-1,-1
736,87,54.63,191.07,32.06,82.35,0.6661,-1,-1,-1
736,88,263.90,164.56,41.97,139.00,0.8696,-1,-1,-1
737,61,398.96,-1.09,239.41,476.03,0.9401,-1,-1,-1
737,73,145.42,76.61,108.58,352.89,0.8893,-1,-1,-1
737,78,314.10,104.67,90.22,296.72,0.8582,-1,-1,-1
737,87,48.09,189.13,31.59,83.74,0.7146,-1,-1,-1
737,88,261.43,165.21,43.70,139.25,0.8393,-1,-1,-1
737,91,110.83,138.27,53.06,182.38,0.8705,-1,-1,-1
738,61,399.99,-0.26,239.03,476.04,0.9457,-1,-1,-1
738,73,144.23,74.90,108.25,352.36,0.8826,-1,-1,-1
738,78,313.49,106.83,91.53,298.06,0.8604,-1,-1,-1
738,87,42.99,186.44,32.58,85.59,0.8039,-1,-1,-1
738,88,259.86,165.10,46.07,140.19,0.6478,-1,-1,-1
738,91,105.79,134.58,54.32,189.07,0.8746,-1,-1,-1
739,61,398.74,0.66,240.12,476.89,0.9444,-1,-1,-1
739,73,143.03,76.85,102.40,352.91,0.8876,-1,-1,-1
739,78,310.86,110.06,91.94,300.75,0.8680,-1,-1,-1
739,87,36.62,185.59,32.24,87.19,0.7179,-1,-1,-1
739,88,256.02,164.48,48.30,141.96,0.8520,-1,-1,-1
739,91,95.44,133.00,60.10,194.56,0.8370,-1,-1,-1
740,61,396.70,1.14,243.22,476.44,0.9393,-1,-1,-1
740,73,143.16,82.15,103.27,355.08,0.8931,-1,-1,-1
740,78,310.85,111.55,91.17,300.78,0.8845,-1,-1,-1
740,87,31.77,184.26,33.71,89.01,0.8104,-1,-1,-1
740,88,255.98,163.31,52.21,142.89,0.8262,-1,-1,-1
740,91,85.20,130.97,66.36,208.58,0.8683,-1,-1,-1
741,61,392.31,0.26,247.51,475.05,0.9348,-1,-1,-1
741,73,143.22,83.56,102.19,356.05,0.8921,-1,-1,-1
741,78,307.60,107.01,93.05,302.79,0.8471,-1,-1,-1
741,87,26.39,179.94,34.39,90.91,0.6784,-1,-1,-1
741,88,255.85,159.97,52.96,143.24,0.8076,-1,-1,-1
741,91,76.60,123.56,74.68,217.03,0.8609,-1,-1,-1
742,61,394.77,1.31,244.84,476.21,0.9414,-1,-1,-1
742,73,142.69,87.36,101.77,349.18,0.9136,-1,-1,-1
742,78,305.88,105.48,91.61,297.05,0.8476,-1,-1,-1
742,87,22.91,179.46,32.17,92.18,0.7500,-1,-1,-1
742,88,258.08,161.01,50.25,143.12,0.8241,-1,-1,-1
742,91,70.42,117.19,78.41,226.95,0.8268,-1,-1,-1
743,61,396.67,0.68,242.07,477.59,0.9337,-1,-1,-1
743,73,139.27,85.52,105.12,347.75,0.9017,-1,-1,-1
743,78,306.96,102.37,87.27,291.41,0.7965,-1,-1,-1
743,87,15.36,176.13,33.75,93.19,0.7025,-1,-1,-1
743,88,258.68,160.67,49.23,141.56,0.8411,-1,-1,-1
743,91,51.85,106.72,93.03,238.50,0.7438,-1,-1,-1
744,61,391.31,0.38,241.31,477.90,0.9218,-1,-1,-1
744,73,147.85,83.93,99.21,337.12,0.8958,-1,-1,-1
744,78,306.20,102.74,87.86,292.77,0.8124,-1,-1,-1
744,87,10.04,173.64,35.48,96.34,0.6424,-1,-1,-1
744,88,259.71,161.46,50.80,141.20,0.7755,-1,-1,-1
744,91,43.61,99.20,95.47,253.21,0.8671,-1,-1,-1
745,61,397.19,-0.18,234.09,478.02,0.9364,-1,-1,-1
745,73,153.55,81.57,95.86,326.56,0.9032,-1,-1,-1
745,78,306.64,100.71,91.47,297.20,0.8140,-1,-1,-1
745,88,264.40,160.18,47.37,138.25,0.6441,-1,-1,-1
745,91,23.27,93.18,109.16,265.39,0.8981,-1,-1,-1
746,61,394.04,0.91,242.64,478.89,0.9255,-1,-1,-1
746,73,159.95,83.56,96.33,328.16,0.9022,-1,-1,-1
746,78,308.80,137.27,92.19,267.60,0.5720,-1,-1,-1
746,88,268.92,160.19,49.39,138.29,0.6594,-1,-1,-1
746,91,7.29,91.38,115.18,283.91,0.8757,-1,-1,-1
747,61,391.48,0.05,247.24,478.58,0.9089,-1,-1,-1
747,73,162.63,83.49,97.71,330.47,0.9042,-1,-1,-1
747,78,310.17,117.73,92.67,289.52,0.8998,-1,-1,-1
747,88,267.58,158.10,52.49,139.28,0.7091,-1,-1,-1
747,91,-0.82,85.48,115.10,298.49,0.8864,-1,-1,-1
748,61,391.21,0.57,248.73,477.82,0.9314,-1,-1,-1
748,73,164.74,87.41,100.90,333.63,0.8980,-1,-1,-1
748,78,313.17,112.15,91.65,296.18,0.8881,-1,-1,-1
748,88,271.25,160.67,51.56,136.74,0.6212,-1,-1,-1
748,91,-3.48,77.53,103.09,313.62,0.9123,-1,-1,-1
748,94,112.55,124.59,63.45,196.75,0.8520,-1,-1,-1
749,61,393.16,1.65,247.60,478.29,0.9365,-1,-1,-1
749,73,165.93,94.34,103.57,335.63,0.8955,-1,-1,-1
749,78,317.76,110.96,92.66,298.11,0.8483,-1,-1,-1
749,88,274.35,165.99,52.15,135.24,0.7041,-1,-1,-1
749,91,-3.44,68.68,91.98,329.44,0.9208,-1,-1,-1
749,94,109.18,123.27,65.57,204.05,0.8776,-1,-1,-1
750,61,403.11,0.25,239.14,479.04,0.9351,-1,-1,-1
750,73,171.67,93.57,104.24,330.23,0.8726,-1,-1,-1
750,78,325.81,106.51,89.41,290.57,0.8805,-1,-1,-1
750,88,281.56,164.65,53.14,136.45,0.7633,-1,-1,-1
750,91,-1.77,52.40,83.12,358.80,0.8885,-1,-1,-1
750,94,107.51,114.65,67.48,214.70,0.8848,-1,-1,-1
751,61,412.76,-0.18,229.15,478.92,0.9275,-1,-1,-1
751,73,177.97,89.47,91.41,325.43,0.8346,-1,-1,-1
751,78,333.60,99.47,87.98,290.21,0.8460,-1,-1,-1
751,88,288.77,161.32,52.14,133.03,0.7345,-1,-1,-1
751,91,-1.52,36.71,75.24,370.31,0.8040,-1,-1,-1
751,94,102.92,106.09,78.16,221.92,0.8985,-1,-1,-1
751,95,262.63,147.88,43.00,142.66,0.7819,-1,-1,-1
752,61,418.43,0.81,223.33,478.96,0.9351,-1,-1,-1
752,73,185.31,86.87,97.05,311.33,0.9213,-1,-1,-1
752,78,337.58,100.10,89.63,293.22,0.8790,-1,-1,-1
752,88,295.76,160.70,51.84,129.07,0.6476,-1,-1,-1
752,91,-0.92,15.09,78.58,392.22,0.7350,-1,-1,-1
752,94,97.40,99.89,85.72,233.10,0.8948,-1,-1,-1
752,95,269.26,148.25,41.45,135.40,0.7920,-1,-1,-1
753,61,415.38,0.99,225.78,478.71,0.9407,-1,-1,-1
753,73,188.17,84.05,98.67,309.07,0.9295,-1,-1,-1
753,78,340.33,101.31,92.43,295.38,0.8633,-1,-1,-1
753,88,300.94,158.89,51.12,126.87,0.5160,-1,-1,-1
753,94,91.90,94.29,90.97,244.89,0.9034,-1,-1,-1
753,95,274.34,150.45,39.89,127.64,0.8150,-1,-1,-1
754,61,415.40,2.13,226.62,478.26,0.9369,-1,-1,-1
754,73,195.97,84.29,98.28,311.35,0.9127,-1,-1,-1
754,78,346.97,104.66,93.04,299.37,0.8161,-1,-1,-1
754,94,81.72,90.18,101.60,261.98,0.9146,-1,-1,-1
754,95,282.75,149.76,40.25,134.36,0.8162,-1,-1,-1
755,61,423.93,1.79,216.65,477.65,0.9406,-1,-1,-1
755,73,201.07,85.10,95.08,312.72,0.9038,-1,-1,-1
755,78,348.73,103.13,92.99,298.55,0.8696,-1,-1,-1
755,94,72.94,84.50,107.80,272.34,0.9146,-1,-1,-1
755,95,285.58,151.46,40.22,132.02,0.8108,-1,-1,-1
756,61,453.93,2.26,187.17,477.87,0.9260,-1,-1,-1
756,73,210.37,88.80,90.97,314.58,0.8967,-1,-1,-1
756,78,351.34,100.70,94.91,302.81,0.7271,-1,-1,-1
756,94,68.03,79.60,111.27,291.43,0.9276,-1,-1,-1
756,95,292.24,152.32,37.07,132.10,0.7996,-1,-1,-1
756,87,0.28,155.36,28.66,123.87,0.8035,-1,-1,-1
757,61,479.33,1.02,160.43,478.64,0.9212,-1,-1,-1
757,73,208.76,89.54,96.29,312.67,0.8901,-1,-1,-1
757,78,353.13,96.70,93.60,301.22,0.8498,-1,-1,-1
757,94,58.67,68.46,114.20,309.75,0.9008,-1,-1,-1
757,95,295.91,149.80,36.55,130.83,0.8056,-1,-1,-1
757,87,-0.42,153.54,23.14,124.74,0.6847,-1,-1,-1
758,73,214.92,87.75,90.97,312.87,0.9083,-1,-1,-1
758,78,350.78,93.41,95.76,295.85,0.7918,-1,-1,-1
758,94,46.81,54.57,116.92,328.89,0.9281,-1,-1,-1
759,73,208.32,88.46,99.81,303.38,0.9014,-1,-1,-1
759,78,350.72,94.71,97.14,298.03,0.7550,-1,-1,-1
759,94,27.18,43.03,128.53,348.51,0.9257,-1,-1,-1
759,95,301.86,150.31,37.38,132.42,0.6024,-1,-1,-1
760,73,201.95,84.07,106.96,299.43,0.9154,-1,-1,-1
760,78,349.15,91.76,98.02,302.63,0.8379,-1,-1,-1
760,94,5.82,28.64,136.86,368.65,0.9306,-1,-1,-1
760,95,303.60,147.03,34.73,131.03,0.5714,-1,-1,-1
760,90,133.45,180.48,22.35,67.62,0.6100,-1,-1,-1
760,61,498.06,1.14,141.39,478.90,0.6458,-1,-1,-1
761,73,204.56,82.44,108.12,300.46,0.9037,-1,-1,-1
761,78,350.28,94.18,98.27,304.60,0.8901,-1,-1,-1
761,94,-1.96,13.57,127.11,388.20,0.9451,-1,-1,-1
761,90,130.44,179.72,24.45,68.97,0.7031,-1,-1,-1
761,61,504.28,0.63,135.93,479.44,0.8820,-1,-1,-1
762,73,190.49,80.21,125.50,303.73,0.9055,-1,-1,-1
762,78,353.19,93.39,96.27,306.24,0.8810,-1,-1,-1
762,94,-4.26,1.46,113.09,402.74,0.9390,-1,-1,-1
762,90,129.07,175.87,25.51,69.95,0.7119,-1,-1,-1
762,61,497.16,0.10,143.36,479.11,0.9137,-1,-1,-1
762,95,309.92,145.68,28.94,127.25,0.7310,-1,-1,-1
763,73,188.25,74.37,127.41,306.33,0.9198,-1,-1,-1
763,78,353.07,84.38,95.53,305.19,0.8510,-1,-1,-1
763,94,-5.43,9.87,93.54,393.91,0.9093,-1,-1,-1
763,90,124.65,166.36,25.65,71.62,0.7974,-1,-1,-1
763,61,474.47,-1.49,165.06,478.54,0.9102,-1,-1,-1
763,95,308.10,136.21,29.38,122.67,0.6618,-1,-1,-1
764,73,202.19,81.89,117.39,307.76,0.9107,-1,-1,-1
764,78,357.84,89.85,92.49,299.29,0.8418,-1,-1,-1
764,94,-3.16,19.34,73.74,396.48,0.8654,-1,-1,-1
764,90,124.86,170.55,25.49,72.06,0.7528,-1,-1,-1
764,61,464.09,1.85,177.07,458.76,0.8370,-1,-1,-1
764,95,309.73,139.86,31.79,122.47,0.6918,-1,-1,-1
764,96,84.73,164.17,38.24,85.82,0.6997,-1,-1,-1
764,97,162.27,149.04,39.47,124.85,0.7763,-1,-1,-1
765,73,213.65,87.26,109.70,305.24,0.9034,-1,-1,-1
765,78,360.74,93.02,94.53,295.45,0.8703,-1,-1,-1
765,90,125.62,175.52,24.41,73.18,0.7250,-1,-1,-1
765,61,460.43,3.40,181.17,471.64,0.8940,-1,-1,-1
765,95,311.48,145.42,33.47,120.02,0.7224,-1,-1,-1
765,96,91.43,168.27,32.78,87.18,0.6311,-1,-1,-1
765,97,150.29,154.99,49.03,125.60,0.8252,-1,-1,-1
766,73,221.30,87.21,101.18,304.15,0.9155,-1,-1,-1
766,78,360.37,92.69,94.48,293.85,0.7626,-1,-1,-1
766,90,122.98,175.53,23.72,74.05,0.7140,-1,-1,-1
766,61,457.00,2.31,183.44,476.36,0.9078,-1,-1,-1
766,95,310.67,147.38,31.32,119.81,0.6896,-1,-1,-1
766,96,94.54,167.60,28.75,88.84,0.7222,-1,-1,-1
766,97,140.83,155.22,53.82,126.83,0.8739,-1,-1,-1
766,98,61.48,164.03,39.05,94.95,0.6989,-1,-1,-1
767,73,225.51,81.64,93.18,295.08,0.9197,-1,-1,-1
767,78,356.12,90.79,96.66,295.71,0.8153,-1,-1,-1
767,61,455.27,1.37,183.74,477.48,0.9188,-1,-1,-1
767,96,91.96,164.49,25.97,90.63,0.5727,-1,-1,-1
767,97,128.46,154.37,58.35,126.23,0.8727,-1,-1,-1
767,98,57.16,160.57,36.57,96.51,0.7153,-1,-1,-1
767,99,189.16,151.77,40.20,123.95,0.8706,-1,-1,-1
768,73,225.71,82.61,90.61,291.42,0.8925,-1,-1,-1
768,78,352.14,94.21,97.85,300.49,0.8164,-1,-1,-1
768,61,454.88,2.94,183.87,477.91,0.9118,-1,-1,-1
768,96,89.35,166.31,30.31,91.24,0.5346,-1,-1,-1
768,97,119.40,157.76,59.57,126.21,0.8708,-1,-1,-1
768,98,52.92,162.55,34.20,97.72,0.7488,-1,-1,-1
768,99,184.94,154.99,41.94,126.13,0.8913,-1,-1,-1
769,73,226.82,83.57,89.10,293.30,0.9135,-1,-1,-1
769,78,351.74,97.10,96.35,303.36,0.8016,-1,-1,-1
769,61,459.75,2.86,179.96,478.02,0.8859,-1,-1,-1
769,96,87.23,166.96,27.42,92.41,0.5726,-1,-1,-1
769,97,113.81,156.55,54.02,128.88,0.8348,-1,-1,-1
769,98,53.55,162.18,31.49,99.08,0.7892,-1,-1,-1
769,99,183.02,155.66,44.90,129.47,0.9015,-1,-1,-1
770,73,226.98,83.51,91.25,295.26,0.9157,-1,-1,-1
770,78,352.22,94.55,95.42,304.79,0.8153,-1,-1,-1
770,61,471.33,1.09,169.21,478.56,0.8362,-1,-1,-1
770,97,111.01,153.11,46.42,129.91,0.6266,-1,-1,-1
770,98,53.83,160.21,33.81,100.51,0.7280,-1,-1,-1
770,99,180.94,153.04,46.72,132.50,0.8978,-1,-1,-1
771,73,221.86,87.76,92.17,297.47,0.9027,-1,-1,-1
771,78,348.23,93.33,91.14,304.94,0.8673,-1,-1,-1
771,61,491.49,0.52,147.19,475.89,0.8775,-1,-1,-1
771,97,100.52,152.39,40.20,132.36,0.6150,-1,-1,-1
771,98,47.90,159.07,36.33,103.16,0.7748,-1,-1,-1
771,99,169.64,150.44,50.13,138.18,0.8960,-1,-1,-1
772,73,214.68,88.24,97.65,297.19,0.9214,-1,-1,-1
772,78,343.98,91.14,91.08,297.52,0.8553,-1,-1,-1
772,61,489.53,-0.77,149.76,475.67,0.8431,-1,-1,-1
772,97,85.43,150.84,47.16,132.98,0.8016,-1,-1,-1
772,98,45.79,155.82,37.95,104.19,0.7035,-1,-1,-1
772,99,163.85,145.17,52.15,142.28,0.8945,-1,-1,-1
773,73,212.93,88.59,97.99,294.73,0.9155,-1,-1,-1
773,78,339.39,87.75,94.55,293.66,0.8824,-1,-1,-1
773,61,493.85,-0.82,145.58,476.28,0.6413,-1,-1,-1
773,97,73.59,150.65,48.04,133.09,0.8626,-1,-1,-1
773,98,42.88,154.76,39.35,103.58,0.6807,-1,-1,-1
773,99,152.15,140.90,59.02,146.93,0.9037,-1,-1,-1
774,73,217.53,87.93,95.46,289.55,0.9133,-1,-1,-1
774,78,337.06,87.42,96.43,295.49,0.8684,-1,-1,-1
774,61,495.77,3.76,144.62,473.22,0.8492,-1,-1,-1
774,97,65.97,150.92,49.50,133.88,0.7204,-1,-1,-1
774,99,152.12,137.56,55.61,153.16,0.9060,-1,-1,-1
775,73,216.71,87.44,98.35,281.50,0.9090,-1,-1,-1
775,78,337.92,88.35,94.15,297.42,0.8153,-1,-1,-1
775,61,473.31,14.11,132.10,445.30,0.8074,-1,-1,-1
775,97,63.09,153.23,50.63,133.66,0.5029,-1,-1,-1
775,99,150.98,137.68,53.85,158.60,0.9155,-1,-1,-1
776,73,213.86,88.66,101.88,280.36,0.9127,-1,-1,-1
776,78,337.15,92.37,93.45,298.77,0.8644,-1,-1,-1
776,61,491.05,5.88,136.90,467.30,0.7891,-1,-1,-1
776,97,47.78,153.29,52.07,135.42,0.7326,-1,-1,-1
776,99,145.53,138.93,54.68,162.03,0.8959,-1,-1,-1
776,90,89.53,172.62,34.75,91.44,0.7591,-1,-1,-1
777,73,210.54,90.42,105.77,280.09,0.9107,-1,-1,-1
777,78,336.53,94.28,92.25,300.52,0.8644,-1,-1,-1
777,61,497.23,2.77,138.20,474.97,0.7232,-1,-1,-1
777,97,39.72,151.63,51.91,138.20,0.6297,-1,-1,-1
777,99,141.03,137.40,55.39,167.74,0.8655,-1,-1,-1
777,100,406.01,27.98,165.23,413.58,0.7372,-1,-1,-1
777,90,90.39,170.69,33.12,94.21,0.6874,-1,-1,-1
778,73,209.87,95.81,111.19,281.78,0.8774,-1,-1,-1
778,78,340.47,95.96,89.52,301.84,0.8858,-1,-1,-1
778,61,510.16,2.38,128.99,475.08,0.7476,-1,-1,-1
778,97,28.49,153.23,57.86,139.33,0.8490,-1,-1,-1
778,99,133.99,135.82,62.20,174.48,0.7982,-1,-1,-1
778,100,413.42,28.09,154.28,422.67,0.8889,-1,-1,-1
778,90,92.01,167.73,37.39,99.37,0.7504,-1,-1,-1
779,73,226.27,104.04,101.00,279.19,0.8474,-1,-1,-1
779,78,347.96,97.65,88.47,288.22,0.6826,-1,-1,-1
779,61,512.82,3.24,128.59,476.75,0.7553,-1,-1,-1
779,97,24.06,157.04,59.80,139.40,0.8753,-1,-1,-1
779,99,136.29,135.01,61.14,180.66,0.5872,-1,-1,-1
779,100,419.58,26.82,144.36,447.51,0.9082,-1,-1,-1
779,90,101.87,169.08,33.16,101.82,0.8460,-1,-1,-1
779,101,209.37,142.68,47.36,177.04,0.6976,-1,-1,-1
779,96,73.32,162.17,28.56,108.40,0.6931,-1,-1,-1
780,73,233.42,105.61,96.14,275.02,0.8616,-1,-1,-1
780,78,350.68,95.27,87.08,291.45,0.6163,-1,-1,-1
780,61,501.83,1.38,139.49,478.37,0.8877,-1,-1,-1
780,97,18.65,156.50,62.04,139.76,0.8500,-1,-1,-1
780,99,132.65,130.93,65.71,185.59,0.7747,-1,-1,-1
780,100,416.98,21.94,132.93,453.37,0.7311,-1,-1,-1
780,90,106.57,167.55,32.44,103.36,0.8013,-1,-1,-1
780,101,212.07,138.76,47.35,184.98,0.5548,-1,-1,-1
780,96,73.21,160.18,29.47,110.73,0.6676,-1,-1,-1
781,73,238.00,103.79,93.55,268.41,0.8787,-1,-1,-1
781,61,479.07,0.75,161.75,477.37,0.9111,-1,-1,-1
781,97,14.62,153.60,62.23,142.24,0.8346,-1,-1,-1
781,99,127.34,126.22,69.87,194.39,0.8900,-1,-1,-1
781,100,404.79,13.72,122.90,459.91,0.8250,-1,-1,-1
781,90,108.82,165.01,27.70,104.33,0.6928,-1,-1,-1
781,101,210.25,131.95,48.81,198.20,0.6903,-1,-1,-1
781,96,70.24,159.18,38.83,112.82,0.7438,-1,-1,-1
782,73,243.39,103.86,89.36,263.53,0.8850,-1,-1,-1
782,61,460.75,1.54,179.65,478.03,0.8905,-1,-1,-1
782,97,10.73,152.67,60.11,144.32,0.8608,-1,-1,-1
782,99,118.05,125.99,77.52,199.65,0.8941,-1,-1,-1
782,100,378.16,22.49,128.93,445.93,0.7656,-1,-1,-1
782,101,203.45,127.74,56.21,206.14,0.8742,-1,-1,-1
782,96,70.49,159.84,43.64,113.73,0.7811,-1,-1,-1
783,73,250.83,103.67,81.95,258.11,0.8944,-1,-1,-1
783,61,454.22,0.88,185.99,478.80,0.7692,-1,-1,-1
783,97,7.01,151.20,56.17,146.19,0.8560,-1,-1,-1
783,99,111.96,124.56,81.30,208.81,0.8946,-1,-1,-1
783,100,383.95,28.06,117.07,440.81,0.5911,-1,-1,-1
783,101,200.77,123.03,58.88,212.08,0.8892,-1,-1,-1
783,96,73.05,160.02,45.59,114.65,0.7768,-1,-1,-1
784,73,256.20,107.28,78.18,255.99,0.9048,-1,-1,-1
784,61,454.42,1.76,185.26,478.62,0.8409,-1,-1,-1
784,97,5.25,153.09,51.54,148.04,0.8211,-1,-1,-1
784,99,107.51,123.97,79.86,218.26,0.8822,-1,-1,-1
784,100,366.15,33.58,120.62,427.11,0.8247,-1,-1,-1
784,101,195.90,121.02,65.08,219.84,0.9049,-1,-1,-1
784,96,75.08,159.31,42.29,118.62,0.7183,-1,-1,-1
785,73,255.83,109.04,74.50,255.19,0.9000,-1,-1,-1
785,61,459.47,0.91,179.29,456.40,0.7241,-1,-1,-1
785,97,-0.84,154.77,42.95,146.98,0.7795,-1,-1,-1
785,99,94.38,118.11,84.54,227.95,0.9181,-1,-1,-1
785,100,355.36,33.35,128.25,437.06,0.8862,-1,-1,-1
785,101,184.54,115.68,74.41,230.11,0.8699,-1,-1,-1
786,73,252.78,115.11,73.60,251.06,0.8492,-1,-1,-1
786,61,468.56,0.90,169.06,445.89,0.7750,-1,-1,-1
786,97,-3.33,156.55,29.85,147.76,0.6532,-1,-1,-1
786,99,72.46,111.33,95.08,238.23,0.8934,-1,-1,-1
786,100,345.68,33.33,136.41,426.83,0.7172,-1,-1,-1
786,101,167.49,112.87,82.68,240.97,0.9041,-1,-1,-1
787,73,254.17,119.28,70.88,248.06,0.8669,-1,-1,-1
787,61,484.48,0.77,153.94,465.61,0.7595,-1,-1,-1
787,99,57.93,106.67,100.68,246.78,0.8914,-1,-1,-1
787,100,339.50,34.10,153.11,423.33,0.8048,-1,-1,-1
787,101,155.34,111.43,90.39,249.29,0.9073,-1,-1,-1
788,73,252.74,119.84,71.70,248.35,0.8259,-1,-1,-1
788,61,495.14,0.28,142.97,472.76,0.7907,-1,-1,-1
788,99,40.68,101.40,107.61,262.25,0.8883,-1,-1,-1
788,100,331.27,34.00,177.98,429.44,0.8825,-1,-1,-1
788,101,141.41,106.45,96.11,268.78,0.8728,-1,-1,-1
789,73,249.32,118.63,71.79,242.93,0.8466,-1,-1,-1
789,61,497.60,0.68,139.89,475.88,0.8554,-1,-1,-1
789,99,19.37,98.26,115.77,275.68,0.9123,-1,-1,-1
789,100,321.83,39.72,141.39,431.04,0.7769,-1,-1,-1
789,101,128.59,101.29,95.06,284.62,0.8931,-1,-1,-1
790,73,242.68,121.55,75.96,235.64,0.8773,-1,-1,-1
790,61,495.24,1.31,142.00,450.87,0.7865,-1,-1,-1
790,99,3.29,97.26,115.32,293.86,0.9112,-1,-1,-1
790,100,314.35,47.43,160.05,429.71,0.8633,-1,-1,-1
790,101,118.54,96.10,89.89,302.26,0.9023,-1,-1,-1
790,102,432.07,36.44,104.78,427.05,0.7666,-1,-1,-1
791,73,234.99,123.54,81.05,229.21,0.8408,-1,-1,-1
791,61,490.70,0.91,147.20,468.32,0.8523,-1,-1,-1
791,99,-3.72,91.69,114.62,317.55,0.9194,-1,-1,-1
791,100,307.84,54.39,154.22,425.42,0.8830,-1,-1,-1
791,101,105.22,87.79,91.90,317.92,0.8835,-1,-1,-1
791,102,429.43,42.36,104.92,426.78,0.8155,-1,-1,-1
792,73,229.21,129.50,83.47,235.63,0.8126,-1,-1,-1
792,61,491.95,2.32,146.82,474.46,0.7833,-1,-1,-1
792,99,-5.28,85.24,99.95,335.26,0.9142,-1,-1,-1
792,100,304.81,61.05,162.63,420.20,0.8253,-1,-1,-1
792,101,84.16,82.53,102.68,336.33,0.5873,-1,-1,-1
792,102,419.86,49.22,113.76,421.15,0.8312,-1,-1,-1
793,73,221.83,128.27,87.13,237.87,0.7533,-1,-1,-1
793,61,501.06,-0.88,137.98,478.33,0.8828,-1,-1,-1
793,99,-5.03,68.06,82.76,353.98,0.8667,-1,-1,-1
793,100,299.30,59.24,172.15,406.81,0.7984,-1,-1,-1
793,101,38.21,69.32,134.99,364.60,0.9281,-1,-1,-1
793,102,415.34,44.05,119.84,400.51,0.8544,-1,-1,-1
794,73,218.71,122.50,85.03,235.46,0.8315,-1,-1,-1
794,61,512.52,-3.10,126.29,479.07,0.8913,-1,-1,-1
794,99,-4.42,66.08,64.23,353.80,0.7643,-1,-1,-1
794,100,294.28,51.25,159.20,393.77,0.7580,-1,-1,-1
794,101,9.65,50.24,148.52,388.90,0.9135,-1,-1,-1
794,102,406.20,31.63,131.21,406.20,0.9035,-1,-1,-1
795,73,218.05,126.51,80.28,219.20,0.8107,-1,-1,-1
795,61,516.83,0.74,122.26,478.59,0.8285,-1,-1,-1
795,100,290.43,59.27,141.26,388.27,0.8755,-1,-1,-1
795,101,-2.43,38.19,137.44,427.54,0.9087,-1,-1,-1
795,102,401.93,33.19,132.43,403.60,0.5747,-1,-1,-1
796,73,218.50,130.19,79.71,216.23,0.8323,-1,-1,-1
796,61,525.19,2.69,115.45,477.25,0.7237,-1,-1,-1
796,100,290.27,66.69,157.36,390.04,0.7426,-1,-1,-1
796,101,-4.83,26.33,122.99,421.10,0.7484,-1,-1,-1
796,102,405.72,39.93,128.78,403.16,0.9114,-1,-1,-1
796,104,123.34,176.09,38.45,99.75,0.8098,-1,-1,-1
797,73,223.47,122.36,71.81,218.64,0.8484,-1,-1,-1
797,61,537.30,0.17,102.53,478.74,0.8321,-1,-1,-1
797,100,284.68,64.44,151.50,391.11,0.7217,-1,-1,-1
797,101,-6.32,5.63,99.08,431.95,0.5081,-1,-1,-1
797,102,400.41,36.02,130.77,408.75,0.8975,-1,-1,-1
797,104,113.02,170.62,45.01,101.09,0.7803,-1,-1,-1
798,73,228.23,121.14,66.82,223.25,0.8292,-1,-1,-1
798,61,521.94,0.93,119.11,478.24,0.9042,-1,-1,-1
798,100,281.64,66.53,186.62,393.60,0.5843,-1,-1,-1
798,102,404.95,37.71,125.26,410.17,0.8674,-1,-1,-1
798,104,110.23,171.34,46.25,103.29,0.8080,-1,-1,-1
799,73,229.75,121.33,63.33,223.41,0.8299,-1,-1,-1
799,61,494.24,1.26,146.69,475.69,0.9114,-1,-1,-1
799,100,281.18,66.10,166.31,394.10,0.6207,-1,-1,-1
799,102,399.60,38.53,126.26,389.95,0.8265,-1,-1,-1
799,104,107.00,169.71,47.76,105.68,0.7836,-1,-1,-1
799,106,67.41,159.60,35.30,123.38,0.8290,-1,-1,-1
800,73,228.42,120.00,58.92,222.43,0.6963,-1,-1,-1
800,61,468.68,-0.15,171.07,475.07,0.8911,-1,-1,-1
800,100,275.42,58.50,175.66,373.81,0.8417,-1,-1,-1
800,102,402.15,31.69,114.63,386.99,0.8808,-1,-1,-1
800,104,98.34,163.28,48.80,109.24,0.8047,-1,-1,-1
800,106,62.22,155.51,35.18,123.60,0.8537,-1,-1,-1
801,73,228.27,126.69,56.39,223.98,0.7122,-1,-1,-1
801,61,454.43,2.38,186.10,473.51,0.6045,-1,-1,-1
801,100,275.09,59.21,183.79,381.04,0.8255,-1,-1,-1
801,102,402.18,33.71,112.11,403.24,0.7950,-1,-1,-1
801,104,95.30,166.12,36.21,111.27,0.8262,-1,-1,-1
801,106,58.96,159.03,34.75,124.71,0.8245,-1,-1,-1
801,107,156.03,177.47,39.21,104.15,0.7618,-1,-1,-1
802,73,230.44,129.54,55.36,218.01,0.6766,-1,-1,-1
802,61,451.32,2.01,190.43,476.87,0.7393,-1,-1,-1
802,100,275.17,58.18,147.86,379.78,0.7202,-1,-1,-1
802,102,403.24,32.23,111.68,405.51,0.7701,-1,-1,-1
802,104,90.66,164.02,31.61,115.74,0.7308,-1,-1,-1
802,106,58.62,158.99,35.51,126.02,0.8201,-1,-1,-1
802,107,156.31,176.70,44.13,107.15,0.7619,-1,-1,-1
802,96,21.93,154.89,30.52,92.48,0.6274,-1,-1,-1
803,73,232.68,131.48,52.31,199.75,0.8638,-1,-1,-1
803,61,452.83,2.43,189.14,478.09,0.7475,-1,-1,-1
803,100,275.90,59.32,141.99,381.09,0.5989,-1,-1,-1
803,102,402.68,33.66,108.89,403.39,0.8088,-1,-1,-1
803,104,89.14,165.00,28.59,116.78,0.6005,-1,-1,-1
803,106,57.89,159.80,37.61,128.03,0.7471,-1,-1,-1
803,107,156.98,178.65,40.83,108.99,0.7149,-1,-1,-1
803,108,200.62,189.30,31.53,82.73,0.7963,-1,-1,-1
804,73,235.95,133.40,56.65,199.63,0.8200,-1,-1,-1
804,61,469.62,2.23,174.02,478.97,0.8097,-1,-1,-1
804,100,282.61,63.43,175.38,386.48,0.8615,-1,-1,-1
804,102,410.67,34.70,123.51,407.08,0.7935,-1,-1,-1
804,106,61.96,162.47,38.38,129.09,0.7924,-1,-1,-1
804,107,161.56,181.53,36.74,109.99,0.6437,-1,-1,-1
804,108,205.45,190.27,28.95,84.28,0.6700,-1,-1,-1
805,73,240.30,128.84,60.06,200.37,0.5819,-1,-1,-1
805,61,487.97,-0.07,155.86,436.15,0.6701,-1,-1,-1
805,100,288.92,60.36,192.41,398.04,0.8291,-1,-1,-1
805,102,418.56,31.55,120.51,417.90,0.8533,-1,-1,-1
805,106,66.67,158.59,41.91,129.52,0.5085,-1,-1,-1
805,107,163.79,177.12,35.29,112.61,0.7099,-1,-1,-1
805,108,208.65,185.56,30.61,86.61,0.8346,-1,-1,-1
806,73,243.64,130.29,67.86,204.55,0.8935,-1,-1,-1
806,100,297.68,62.32,208.61,406.46,0.8091,-1,-1,-1
806,102,427.81,34.90,124.14,426.04,0.8957,-1,-1,-1
806,106,71.09,160.23,51.04,129.52,0.8690,-1,-1,-1
806,107,168.42,176.80,34.50,114.89,0.6154,-1,-1,-1
806,108,214.08,186.06,29.78,88.44,0.8062,-1,-1,-1
806,96,28.71,146.52,49.55,147.64,0.7862,-1,-1,-1
807,73,247.10,131.00,73.87,200.46,0.8691,-1,-1,-1
807,100,307.33,60.42,211.01,409.91,0.7129,-1,-1,-1
807,102,435.39,37.80,130.33,425.81,0.8639,-1,-1,-1
807,106,75.92,158.36,51.92,130.61,0.8501,-1,-1,-1
807,107,172.68,175.33,41.15,117.89,0.8409,-1,-1,-1
807,108,218.33,186.65,29.24,88.95,0.7775,-1,-1,-1
807,96,33.05,144.27,50.30,152.71,0.8076,-1,-1,-1
808,73,254.42,130.75,73.92,194.74,0.7563,-1,-1,-1
808,100,319.42,54.94,212.87,409.75,0.8566,-1,-1,-1
808,102,446.89,34.77,132.38,426.89,0.8933,-1,-1,-1
808,106,79.53,155.22,50.58,131.39,0.8151,-1,-1,-1
808,107,177.25,171.22,45.20,120.23,0.7981,-1,-1,-1
808,108,222.22,183.84,28.03,91.17,0.7980,-1,-1,-1
808,96,40.88,140.10,45.78,155.54,0.5835,-1,-1,-1
808,61,558.84,75.16,85.10,230.08,0.8255,-1,-1,-1
809,73,265.26,135.79,75.83,198.09,0.7968,-1,-1,-1
809,100,334.77,52.89,216.41,398.13,0.7381,-1,-1,-1
809,102,465.09,33.99,140.71,422.67,0.8960,-1,-1,-1
809,106,90.74,157.60,43.33,131.51,0.8370,-1,-1,-1
809,107,185.98,172.78,48.70,123.36,0.8786,-1,-1,-1
809,108,232.98,186.34,28.25,91.35,0.8308,-1,-1,-1
809,96,55.03,142.84,40.57,152.77,0.6983,-1,-1,-1
810,73,275.86,138.55,72.77,200.04,0.8815,-1,-1,-1
810,100,342.65,51.05,183.58,397.18,0.6951,-1,-1,-1
810,102,474.96,32.37,145.44,416.99,0.8591,-1,-1,-1
810,106,97.51,158.70,39.49,134.58,0.7330,-1,-1,-1
810,107,191.07,174.44,50.02,125.99,0.8200,-1,-1,-1
810,108,238.62,188.22,28.54,92.28,0.8156,-1,-1,-1
810,96,63.60,144.78,40.12,157.76,0.7839,-1,-1,-1
811,73,284.68,133.58,68.83,209.79,0.8651,-1,-1,-1
811,100,355.18,44.26,160.17,406.41,0.6203,-1,-1,-1
811,102,485.18,24.97,147.03,423.34,0.8950,-1,-1,-1
811,106,99.60,153.78,39.82,137.61,0.7040,-1,-1,-1
811,107,190.91,171.03,52.09,129.45,0.8682,-1,-1,-1
811,108,241.90,184.34,29.71,93.45,0.8626,-1,-1,-1
812,73,291.67,131.28,66.78,209.44,0.8851,-1,-1,-1
812,100,366.45,42.86,147.60,418.15,0.6520,-1,-1,-1
812,102,487.57,24.18,152.34,432.23,0.8635,-1,-1,-1
812,106,101.22,151.55,40.36,141.55,0.8014,-1,-1,-1
812,107,191.19,170.98,54.08,132.57,0.8515,-1,-1,-1
812,108,243.14,181.82,31.31,97.46,0.8216,-1,-1,-1
812,109,269.93,191.72,24.46,86.86,0.7100,-1,-1,-1
812,96,68.57,144.96,41.35,158.52,0.7736,-1,-1,-1
813,73,297.34,131.10,62.96,210.35,0.8775,-1,-1,-1
813,100,375.10,40.95,140.91,430.02,0.8791,-1,-1,-1
813,102,500.31,27.55,142.34,438.53,0.9027,-1,-1,-1
813,107,189.16,169.15,56.51,136.63,0.8635,-1,-1,-1
813,108,242.60,180.99,33.91,100.42,0.7369,-1,-1,-1
813,109,266.58,194.85,28.66,86.27,0.6350,-1,-1,-1
813,96,57.79,146.23,50.21,155.09,0.7485,-1,-1,-1
814,73,301.73,129.52,63.03,210.40,0.8802,-1,-1,-1
814,100,369.55,35.10,160.85,439.48,0.7150,-1,-1,-1
814,102,508.39,27.98,134.58,442.54,0.8835,-1,-1,-1
814,107,186.57,163.82,59.93,141.09,0.8444,-1,-1,-1
814,108,239.49,177.15,37.96,103.40,0.8104,-1,-1,-1
814,109,267.96,194.81,27.96,85.56,0.6511,-1,-1,-1
814,96,51.69,141.01,55.37,159.44,0.5225,-1,-1,-1
815,73,305.61,133.29,63.06,211.29,0.8673,-1,-1,-1
815,100,375.29,28.24,192.44,451.34,0.6940,-1,-1,-1
815,102,514.98,30.32,127.93,442.92,0.8704,-1,-1,-1
815,107,184.20,163.19,60.27,144.73,0.7941,-1,-1,-1
815,108,239.86,178.89,37.07,105.21,0.8025,-1,-1,-1
815,109,269.35,195.59,27.08,87.92,0.7211,-1,-1,-1
815,96,50.35,143.42,56.10,160.83,0.6228,-1,-1,-1
815,106,101.45,148.68,41.05,148.63,0.7435,-1,-1,-1
816,73,310.00,134.62,59.28,210.66,0.8045,-1,-1,-1
816,100,382.47,22.55,170.56,457.39,0.6790,-1,-1,-1
816,102,517.90,27.19,124.19,431.88,0.9050,-1,-1,-1
816,107,180.44,159.38,60.95,148.91,0.6954,-1,-1,-1
816,108,237.99,175.49,36.00,108.96,0.8531,-1,-1,-1
816,109,269.09,193.66,25.94,88.70,0.7405,-1,-1,-1
816,96,55.65,140.12,49.75,161.30,0.5779,-1,-1,-1
816,106,99.66,147.89,41.59,148.53,0.7806,-1,-1,-1
817,73,312.81,134.32,59.64,210.35,0.8707,-1,-1,-1
817,100,383.53,9.72,165.09,459.64,0.8376,-1,-1,-1
817,102,521.17,23.22,120.46,432.70,0.9162,-1,-1,-1
817,107,174.40,157.47,63.98,153.03,0.6910,-1,-1,-1
817,108,236.63,173.44,35.31,110.10,0.7227,-1,-1,-1
817,109,267.74,191.79,25.43,90.04,0.7794,-1,-1,-1
817,106,98.34,147.55,40.47,148.02,0.7866,-1,-1,-1
818,73,316.57,132.88,60.98,210.42,0.8947,-1,-1,-1
818,100,386.71,7.76,153.64,459.25,0.8541,-1,-1,-1
818,102,525.44,15.15,115.81,440.33,0.8666,-1,-1,-1
818,107,173.45,156.56,63.63,159.69,0.6483,-1,-1,-1
818,108,232.05,169.81,37.63,114.26,0.8476,-1,-1,-1
818,109,266.31,188.61,26.04,94.57,0.8215,-1,-1,-1
818,106,96.55,145.86,39.92,150.66,0.7955,-1,-1,-1
819,73,318.35,132.08,62.20,206.75,0.6124,-1,-1,-1
819,100,401.32,6.67,142.77,460.55,0.9144,-1,-1,-1
819,102,534.72,11.39,106.30,448.96,0.9045,-1,-1,-1
819,107,168.24,157.17,68.10,164.30,0.6581,-1,-1,-1
819,108,228.63,168.61,39.51,117.67,0.8473,-1,-1,-1
819,109,265.14,188.77,26.90,97.37,0.7803,-1,-1,-1
819,106,94.52,145.64,39.64,153.66,0.8119,-1,-1,-1
819,110,288.65,178.95,29.63,92.39,0.7314,-1,-1,-1
820,73,314.07,133.15,65.33,205.27,0.8417,-1,-1,-1
820,100,408.04,8.21,154.97,468.55,0.8763,-1,-1,-1
820,102,544.30,12.03,94.97,460.96,0.8972,-1,-1,-1
820,107,154.42,156.34,75.87,171.88,0.7059,-1,-1,-1
820,108,221.42,170.10,41.39,122.75,0.8458,-1,-1,-1
820,109,259.64,190.92,27.77,100.28,0.8175,-1,-1,-1
820,106,84.57,147.63,42.35,157.35,0.8258,-1,-1,-1
820,110,283.04,182.79,29.97,91.43,0.6855,-1,-1,-1
820,111,-0.99,143.28,50.55,167.10,0.8061,-1,-1,-1
821,73,309.45,129.09,67.02,205.38,0.8602,-1,-1,-1
821,100,409.04,3.28,155.18,473.88,0.8711,-1,-1,-1
821,102,551.21,9.65,87.73,467.19,0.8935,-1,-1,-1
821,107,145.44,149.07,76.16,178.44,0.8135,-1,-1,-1
821,108,214.25,166.84,42.12,124.18,0.8342,-1,-1,-1
821,109,253.56,187.20,28.55,102.95,0.7624,-1,-1,-1
821,106,76.47,142.63,44.21,158.84,0.8516,-1,-1,-1
821,110,277.61,177.74,30.51,94.69,0.7581,-1,-1,-1
821,111,-0.81,136.64,40.21,171.19,0.7852,-1,-1,-1
822,73,306.05,130.15,75.52,206.55,0.8643,-1,-1,-1
822,100,413.87,3.91,155.98,475.56,0.8996,-1,-1,-1
822,102,561.80,11.34,77.18,468.24,0.8585,-1,-1,-1
822,107,134.90,144.99,78.12,186.11,0.8314,-1,-1,-1
822,108,207.38,166.21,42.86,127.93,0.8607,-1,-1,-1
822,109,247.64,189.39,29.58,103.99,0.8410,-1,-1,-1
822,106,67.13,141.23,45.77,162.04,0.8357,-1,-1,-1
822,110,270.90,176.73,33.19,96.52,0.7866,-1,-1,-1
823,73,307.10,137.02,79.75,206.68,0.8435,-1,-1,-1
823,100,428.16,4.35,152.24,476.22,0.8862,-1,-1,-1
823,102,571.72,14.71,68.95,466.56,0.8047,-1,-1,-1
823,107,129.22,145.87,81.01,191.90,0.8608,-1,-1,-1
823,108,205.52,168.69,44.57,132.98,0.8434,-1,-1,-1
823,109,248.11,188.41,30.53,111.87,0.8555,-1,-1,-1
823,106,64.89,143.90,46.23,165.10,0.8479,-1,-1,-1
823,110,271.65,176.98,34.20,103.11,0.7487,-1,-1,-1
824,73,307.74,136.41,77.55,206.78,0.8283,-1,-1,-1
824,100,439.97,-0.23,160.73,479.66,0.8833,-1,-1,-1
824,102,571.75,8.46,67.88,460.59,0.7781,-1,-1,-1
824,107,117.64,139.35,84.21,200.88,0.8678,-1,-1,-1
824,108,197.74,164.14,46.14,137.24,0.8377,-1,-1,-1
824,109,242.76,181.68,32.24,116.34,0.8574,-1,-1,-1
824,106,57.66,140.49,46.22,167.88,0.8653,-1,-1,-1
824,110,265.39,174.55,35.05,103.11,0.7514,-1,-1,-1
825,73,309.44,136.21,77.16,206.55,0.8516,-1,-1,-1
825,100,451.20,-0.78,173.17,480.67,0.8766,-1,-1,-1
825,107,99.87,136.35,96.49,211.82,0.8885,-1,-1,-1
825,108,190.53,159.53,47.37,143.24,0.8540,-1,-1,-1
825,109,237.68,180.19,36.19,119.95,0.8027,-1,-1,-1
825,106,50.77,139.01,47.73,170.62,0.8324,-1,-1,-1
825,110,262.60,173.50,34.92,105.57,0.7705,-1,-1,-1
826,73,310.35,131.19,75.49,206.43,0.8428,-1,-1,-1
826,100,462.11,-2.16,174.96,481.02,0.9323,-1,-1,-1
826,107,86.68,129.53,106.57,224.20,0.9126,-1,-1,-1
826,108,181.80,152.44,49.87,147.60,0.7216,-1,-1,-1
826,109,232.21,175.06,37.80,125.13,0.8385,-1,-1,-1
826,106,43.83,132.14,49.32,175.92,0.8012,-1,-1,-1
826,110,260.85,170.06,33.16,105.07,0.7447,-1,-1,-1
827,73,308.97,132.61,70.79,204.40,0.8703,-1,-1,-1
827,100,469.91,0.06,170.52,481.21,0.9109,-1,-1,-1
827,107,70.01,126.90,104.35,237.53,0.8812,-1,-1,-1
827,108,162.17,154.94,59.65,153.71,0.8748,-1,-1,-1
827,109,220.86,178.54,40.25,131.09,0.8702,-1,-1,-1
827,106,31.51,131.50,48.40,180.74,0.7571,-1,-1,-1
827,110,252.17,173.64,34.35,106.91,0.5662,-1,-1,-1
828,73,311.63,132.10,67.96,204.20,0.8825,-1,-1,-1
828,100,484.24,-0.55,159.13,481.29,0.9204,-1,-1,-1
828,107,62.26,120.18,102.06,248.99,0.9069,-1,-1,-1
828,108,153.61,153.51,65.02,158.05,0.7364,-1,-1,-1
828,109,217.36,177.79,40.74,135.11,0.8578,-1,-1,-1
828,106,25.72,130.61,55.80,183.44,0.7354,-1,-1,-1
828,110,249.19,173.57,35.90,109.88,0.7997,-1,-1,-1
828,112,372.34,113.22,96.28,272.69,0.7955,-1,-1,-1
829,73,316.36,130.97,65.30,205.41,0.8708,-1,-1,-1
829,100,503.33,-0.91,141.15,481.18,0.9126,-1,-1,-1
829,107,56.51,112.31,100.97,261.15,0.8868,-1,-1,-1
829,108,151.26,150.49,62.84,164.63,0.8110,-1,-1,-1
829,109,214.41,175.72,42.36,139.12,0.8466,-1,-1,-1
829,106,22.57,128.26,54.03,186.39,0.6405,-1,-1,-1
829,110,246.43,169.59,38.88,115.58,0.7025,-1,-1,-1
829,112,375.59,112.87,102.54,275.02,0.7789,-1,-1,-1
830,73,319.63,139.10,64.28,203.47,0.7219,-1,-1,-1
830,100,519.40,1.10,124.97,481.15,0.8912,-1,-1,-1
830,107,31.33,111.35,117.79,273.50,0.8663,-1,-1,-1
830,108,149.32,152.97,61.67,171.32,0.8282,-1,-1,-1
830,109,211.08,177.33,44.62,144.71,0.8235,-1,-1,-1
830,110,246.45,175.26,39.38,115.61,0.6048,-1,-1,-1
830,112,380.39,119.02,102.63,273.34,0.8808,-1,-1,-1
830,113,290.15,175.37,34.15,102.68,0.8463,-1,-1,-1
831,73,320.10,139.41,61.01,204.28,0.6242,-1,-1,-1
831,100,529.96,-0.42,112.32,480.29,0.8977,-1,-1,-1
831,107,14.39,105.16,122.34,288.05,0.8843,-1,-1,-1
831,108,140.89,146.40,62.34,180.09,0.7413,-1,-1,-1
831,109,204.86,172.40,44.72,150.82,0.8277,-1,-1,-1
831,110,242.20,171.57,37.24,118.79,0.8008,-1,-1,-1
831,112,378.20,116.07,102.50,277.07,0.8738,-1,-1,-1
831,113,286.83,173.52,35.79,102.35,0.8611,-1,-1,-1
832,73,312.88,133.92,62.95,204.85,0.9014,-1,-1,-1
832,100,547.54,-2.88,92.52,480.36,0.8644,-1,-1,-1
832,107,-0.93,89.05,117.99,316.24,0.9196,-1,-1,-1
832,108,123.37,134.26,67.76,189.59,0.8125,-1,-1,-1
832,109,190.59,162.09,46.54,161.19,0.8561,-1,-1,-1
832,110,230.43,162.51,41.47,124.00,0.6909,-1,-1,-1
832,112,371.95,107.83,98.22,275.80,0.8804,-1,-1,-1
832,113,278.83,166.12,37.75,103.84,0.8577,-1,-1,-1
833,73,312.43,134.11,63.27,205.28,0.8859,-1,-1,-1
833,100,559.88,-0.86,81.07,480.39,0.8627,-1,-1,-1
833,107,-3.87,83.08,108.84,324.01,0.8939,-1,-1,-1
833,108,112.32,130.73,71.84,200.37,0.8987,-1,-1,-1
833,109,181.66,161.16,50.44,166.33,0.8954,-1,-1,-1
833,110,226.69,161.95,41.79,127.30,0.8525,-1,-1,-1
833,112,370.04,106.88,95.75,272.27,0.8856,-1,-1,-1
833,113,274.30,166.78,39.04,104.48,0.8289,-1,-1,-1
834,73,313.06,130.53,65.60,202.14,0.8816,-1,-1,-1
834,107,-4.23,77.77,93.47,325.91,0.9138,-1,-1,-1
834,108,101.85,126.67,77.01,207.87,0.8920,-1,-1,-1
834,109,174.51,159.13,52.93,174.52,0.8920,-1,-1,-1
834,110,223.91,159.05,43.47,131.36,0.8657,-1,-1,-1
834,112,371.85,104.21,92.57,271.77,0.9066,-1,-1,-1
834,113,271.69,166.71,39.48,104.61,0.8598,-1,-1,-1
835,73,313.39,127.55,67.51,201.53,0.7641,-1,-1,-1
835,107,-3.49,95.72,76.11,309.99,0.7311,-1,-1,-1
835,108,91.20,122.29,81.75,223.94,0.9171,-1,-1,-1
835,109,166.85,156.93,57.76,183.89,0.8695,-1,-1,-1
835,110,221.06,157.71,46.42,134.80,0.8674,-1,-1,-1
835,112,372.77,103.72,92.49,274.65,0.9050,-1,-1,-1
835,113,272.52,167.11,39.67,102.40,0.8542,-1,-1,-1
836,73,318.22,125.92,69.17,196.89,0.8463,-1,-1,-1
836,108,82.11,116.72,88.42,238.45,0.9144,-1,-1,-1
836,109,165.35,152.14,57.81,194.64,0.8958,-1,-1,-1
836,110,221.49,155.09,50.02,139.63,0.8881,-1,-1,-1
836,112,375.72,104.51,93.58,277.28,0.9058,-1,-1,-1
836,113,272.69,167.48,41.52,100.30,0.8424,-1,-1,-1
836,106,-0.56,108.01,52.64,215.08,0.7681,-1,-1,-1
837,73,326.11,128.56,69.91,190.54,0.8721,-1,-1,-1
837,108,75.58,113.66,93.07,251.62,0.8542,-1,-1,-1
837,109,163.51,148.64,58.93,204.77,0.8654,-1,-1,-1
837,110,224.45,152.96,51.67,146.74,0.8643,-1,-1,-1
837,112,381.24,109.18,94.25,278.27,0.8967,-1,-1,-1
837,113,274.92,168.95,43.44,100.88,0.8671,-1,-1,-1
837,106,0.69,109.69,42.42,218.26,0.6623,-1,-1,-1
837,96,-0.01,112.35,37.90,215.97,0.6042,-1,-1,-1
