1,4,1355.80,569.86,83.06,220.40,0.7027,-1,-1,-1
1,3,1732.84,452.44,73.43,221.63,0.7245,-1,-1,-1
1,2,103.21,545.87,74.52,245.01,0.8182,-1,-1,-1
1,1,372.60,407.58,78.65,240.14,0.8505,-1,-1,-1
2,4,1355.80,570.28,82.48,216.83,0.7122,-1,-1,-1
2,3,1731.73,451.31,74.82,221.40,0.7113,-1,-1,-1
2,2,103.24,546.10,74.02,244.99,0.8289,-1,-1,-1
2,1,373.12,407.35,79.13,240.44,0.8568,-1,-1,-1
3,4,1356.44,570.11,81.93,216.32,0.7129,-1,-1,-1
3,3,1731.49,452.07,73.59,221.42,0.7038,-1,-1,-1
3,2,103.69,545.76,74.64,245.95,0.7075,-1,-1,-1
3,1,374.37,407.10,77.76,242.25,0.8438,-1,-1,-1
4,4,1356.10,570.32,83.67,216.86,0.7152,-1,-1,-1
4,3,1729.91,451.85,73.72,217.93,0.7246,-1,-1,-1
4,2,103.39,545.41,74.09,246.23,0.8210,-1,-1,-1
4,1,373.50,406.37,78.84,241.77,0.8525,-1,-1,-1
5,4,1355.73,570.21,82.97,213.42,0.7472,-1,-1,-1
5,3,1729.25,451.55,73.85,219.64,0.7594,-1,-1,-1
5,2,103.46,545.53,73.36,246.00,0.8307,-1,-1,-1
5,1,375.85,405.94,77.36,241.91,0.8612,-1,-1,-1
6,4,1356.87,570.26,81.92,213.03,0.7541,-1,-1,-1
6,3,1727.45,454.30,74.72,216.54,0.7617,-1,-1,-1
6,2,103.72,545.75,73.58,245.74,0.8269,-1,-1,-1
6,1,376.01,405.11,77.98,240.21,0.8514,-1,-1,-1
7,5,0.46,871.05,46.17,207.52,0.6893,-1,-1,-1
7,4,1356.22,570.47,82.90,212.52,0.7691,-1,-1,-1
7,3,1727.09,453.70,74.46,213.40,0.7404,-1,-1,-1
7,2,103.55,545.54,73.43,245.11,0.8324,-1,-1,-1
7,1,376.67,403.66,79.26,240.71,0.8532,-1,-1,-1
8,6,1053.42,211.58,100.75,176.87,0.6413,-1,-1,-1
8,5,0.45,868.68,46.90,209.38,0.6586,-1,-1,-1
8,4,1356.61,569.99,82.09,214.50,0.7450,-1,-1,-1
8,3,1724.64,454.23,75.86,209.27,0.7576,-1,-1,-1
8,2,104.00,546.19,74.26,245.44,0.7868,-1,-1,-1
8,1,377.61,401.26,78.87,239.37,0.8501,-1,-1,-1
9,5,0.44,866.49,46.75,211.67,0.6024,-1,-1,-1
9,4,1356.69,570.61,81.72,213.77,0.7438,-1,-1,-1
9,3,1724.20,453.70,75.46,211.24,0.7555,-1,-1,-1
9,2,102.53,545.62,76.52,247.70,0.6225,-1,-1,-1
9,1,377.80,401.05,80.43,237.70,0.8505,-1,-1,-1
10,5,0.28,863.65,47.39,213.42,0.6415,-1,-1,-1
10,4,1356.08,569.42,83.24,216.12,0.7471,-1,-1,-1
10,3,1724.78,454.20,74.36,210.80,0.7317,-1,-1,-1
10,2,102.78,545.55,76.82,247.39,0.7738,-1,-1,-1
10,1,378.22,399.80,80.47,236.76,0.8449,-1,-1,-1
11,5,0.25,859.98,47.02,217.87,0.6346,-1,-1,-1
11,4,1356.26,569.84,82.95,215.64,0.7706,-1,-1,-1
11,3,1724.29,455.56,74.43,209.99,0.7298,-1,-1,-1
11,2,102.55,545.88,76.66,247.62,0.6094,-1,-1,-1
11,1,379.46,397.64,80.10,234.74,0.8416,-1,-1,-1
12,5,0.28,854.86,46.64,222.93,0.6711,-1,-1,-1
12,4,1356.93,569.67,81.01,214.98,0.7659,-1,-1,-1
12,3,1724.03,455.60,74.60,210.39,0.7525,-1,-1,-1
12,2,102.59,545.71,77.25,247.84,0.8063,-1,-1,-1
12,1,379.09,396.51,80.86,233.77,0.8415,-1,-1,-1
13,5,0.31,850.08,46.24,228.23,0.6468,-1,-1,-1
13,4,1356.55,570.28,81.76,212.93,0.7642,-1,-1,-1
13,3,1724.80,457.26,73.73,208.29,0.7828,-1,-1,-1
13,2,102.61,545.22,77.78,248.73,0.8207,-1,-1,-1
13,1,379.42,395.18,81.04,231.92,0.8484,-1,-1,-1
14,5,0.30,847.82,46.99,230.85,0.6530,-1,-1,-1
14,4,1357.22,570.02,81.18,214.24,0.7422,-1,-1,-1
14,3,1723.57,454.65,75.23,212.13,0.7661,-1,-1,-1
14,2,102.46,545.30,78.04,249.05,0.8235,-1,-1,-1
14,1,380.30,394.66,80.24,231.19,0.8499,-1,-1,-1
15,5,0.31,847.05,47.56,232.08,0.6258,-1,-1,-1
15,4,1356.78,570.72,81.11,212.27,0.7364,-1,-1,-1
15,3,1724.80,454.09,74.12,212.47,0.7693,-1,-1,-1
15,2,102.42,545.47,78.31,248.73,0.8252,-1,-1,-1
15,1,380.91,393.36,80.28,231.75,0.8517,-1,-1,-1
16,4,1356.67,570.20,80.98,213.55,0.7530,-1,-1,-1
16,3,1725.44,454.47,73.01,211.27,0.7734,-1,-1,-1
16,2,102.50,545.95,78.05,247.65,0.8218,-1,-1,-1
16,1,381.32,392.91,79.74,232.57,0.8516,-1,-1,-1
17,4,1356.56,569.96,82.61,214.83,0.7336,-1,-1,-1
17,3,1723.61,453.82,75.06,214.35,0.7604,-1,-1,-1
17,2,102.07,546.46,79.33,247.00,0.8259,-1,-1,-1
17,1,381.67,391.45,80.58,234.85,0.8458,-1,-1,-1
18,4,1356.57,569.98,81.41,214.08,0.7505,-1,-1,-1
18,3,1724.00,453.15,75.02,214.58,0.7600,-1,-1,-1
18,2,102.37,546.42,78.83,246.80,0.8292,-1,-1,-1
18,1,381.53,389.65,81.20,237.53,0.8439,-1,-1,-1
19,4,1356.93,570.09,80.76,214.53,0.7665,-1,-1,-1
19,3,1724.20,454.32,74.88,211.90,0.7654,-1,-1,-1
19,2,102.54,546.28,78.58,247.17,0.8225,-1,-1,-1
19,1,381.71,388.28,82.00,238.82,0.6963,-1,-1,-1
20,4,1356.99,570.77,80.41,213.49,0.7748,-1,-1,-1
20,3,1724.29,454.36,74.81,213.12,0.7488,-1,-1,-1
20,2,102.25,546.12,78.71,247.39,0.8189,-1,-1,-1
20,1,381.60,386.74,82.10,240.54,0.8389,-1,-1,-1
21,4,1357.65,570.51,79.63,215.75,0.7402,-1,-1,-1
21,3,1724.04,453.63,74.69,213.41,0.7594,-1,-1,-1
21,2,102.43,545.78,78.40,248.13,0.8221,-1,-1,-1
21,1,381.42,386.08,82.58,240.38,0.8341,-1,-1,-1
22,4,1357.36,570.23,80.00,214.39,0.7636,-1,-1,-1
22,3,1724.60,454.94,73.39,211.40,0.7749,-1,-1,-1
22,2,102.40,546.33,78.45,247.17,0.8141,-1,-1,-1
22,1,381.73,386.14,82.35,239.54,0.8318,-1,-1,-1
23,4,1356.73,569.96,81.27,214.80,0.7439,-1,-1,-1
23,3,1724.85,453.47,73.36,212.35,0.7586,-1,-1,-1
23,2,102.37,546.07,78.42,246.91,0.8168,-1,-1,-1
23,1,382.60,385.15,81.04,238.70,0.6191,-1,-1,-1
24,4,1356.59,569.73,81.59,217.41,0.7184,-1,-1,-1
24,3,1724.43,454.68,74.26,211.70,0.7647,-1,-1,-1
24,2,102.41,545.89,78.75,247.23,0.8137,-1,-1,-1
24,1,382.23,384.32,80.60,237.13,0.8362,-1,-1,-1
25,4,1357.02,570.48,79.74,212.13,0.7406,-1,-1,-1
25,3,1723.39,454.69,74.48,213.48,0.7634,-1,-1,-1
25,2,102.17,546.39,78.87,247.21,0.8196,-1,-1,-1
25,1,382.27,383.30,79.77,236.64,0.8431,-1,-1,-1
26,4,1356.71,570.76,81.19,212.66,0.7311,-1,-1,-1
26,3,1723.76,452.83,73.81,214.71,0.7616,-1,-1,-1
26,2,101.87,545.80,79.34,248.41,0.8192,-1,-1,-1
26,1,382.94,382.04,78.96,237.31,0.8479,-1,-1,-1
27,4,1356.55,570.17,81.06,214.34,0.7206,-1,-1,-1
27,3,1723.63,455.49,73.77,212.43,0.7739,-1,-1,-1
27,2,101.86,545.67,78.83,248.34,0.8172,-1,-1,-1
27,1,382.24,380.65,80.40,237.34,0.8649,-1,-1,-1
28,5,0.39,826.20,58.68,236.94,0.6869,-1,-1,-1
28,4,1356.67,569.47,81.65,216.06,0.7181,-1,-1,-1
28,3,1723.68,454.96,73.68,212.10,0.7593,-1,-1,-1
28,2,101.41,546.06,79.14,247.41,0.8170,-1,-1,-1
28,1,382.40,378.76,81.76,238.26,0.8505,-1,-1,-1
29,5,0.38,823.51,59.68,235.70,0.7401,-1,-1,-1
29,4,1356.50,569.91,81.88,214.82,0.7532,-1,-1,-1
29,3,1723.94,454.45,73.23,212.61,0.7626,-1,-1,-1
29,2,100.99,545.44,79.86,248.05,0.8163,-1,-1,-1
29,1,383.41,377.15,81.41,238.60,0.8351,-1,-1,-1
30,5,0.45,820.83,60.04,232.65,0.7353,-1,-1,-1
30,4,1356.79,569.97,80.35,215.31,0.7453,-1,-1,-1
30,3,1723.84,454.75,73.78,211.53,0.7677,-1,-1,-1
30,2,101.22,546.21,79.73,247.07,0.8194,-1,-1,-1
30,1,383.53,375.82,83.37,237.17,0.7693,-1,-1,-1
31,5,0.32,817.34,60.49,239.17,0.6981,-1,-1,-1
31,4,1356.54,569.70,81.11,213.75,0.7229,-1,-1,-1
31,3,1723.79,454.55,73.18,212.71,0.7769,-1,-1,-1
31,2,101.08,545.96,79.29,247.68,0.8195,-1,-1,-1
31,1,383.75,374.71,87.09,233.43,0.8131,-1,-1,-1
32,5,0.38,815.43,60.22,243.86,0.6799,-1,-1,-1
32,4,1356.39,569.86,80.77,214.07,0.7370,-1,-1,-1
32,3,1723.34,453.94,74.26,214.46,0.7748,-1,-1,-1
32,2,101.11,545.71,78.90,248.00,0.8203,-1,-1,-1
32,1,383.48,373.63,91.55,232.86,0.8125,-1,-1,-1
33,5,0.36,813.87,61.12,249.27,0.6940,-1,-1,-1
33,4,1356.08,569.42,81.96,217.54,0.7427,-1,-1,-1
33,3,1723.33,454.02,73.59,214.28,0.7711,-1,-1,-1
33,2,101.19,545.64,80.00,248.12,0.8306,-1,-1,-1
33,1,383.87,371.41,93.63,233.39,0.8201,-1,-1,-1
34,5,0.41,812.07,61.42,249.34,0.6911,-1,-1,-1
34,4,1356.77,569.32,81.78,216.37,0.7336,-1,-1,-1
34,3,1723.36,454.75,73.42,212.19,0.7749,-1,-1,-1
34,2,101.26,545.61,79.63,248.39,0.8250,-1,-1,-1
34,1,384.50,371.63,92.96,231.55,0.8255,-1,-1,-1
35,5,0.36,811.42,63.22,253.48,0.6407,-1,-1,-1
35,4,1355.76,569.54,82.57,215.27,0.7364,-1,-1,-1
35,3,1723.46,454.12,72.83,212.94,0.7799,-1,-1,-1
35,2,100.90,545.86,80.44,248.59,0.8221,-1,-1,-1
35,1,384.41,370.59,93.75,233.16,0.8179,-1,-1,-1
36,5,0.42,810.77,63.38,248.40,0.6110,-1,-1,-1
36,4,1355.88,569.49,83.20,216.43,0.7125,-1,-1,-1
36,3,1723.35,455.12,73.64,211.84,0.7376,-1,-1,-1
36,2,101.12,546.13,79.44,248.03,0.8223,-1,-1,-1
36,1,384.92,370.30,92.68,233.12,0.7760,-1,-1,-1
37,5,0.45,809.78,65.29,248.86,0.6966,-1,-1,-1
37,4,1356.20,569.09,83.01,218.93,0.7039,-1,-1,-1
37,3,1723.52,454.18,73.61,213.48,0.7562,-1,-1,-1
37,2,101.10,545.66,78.92,248.28,0.8121,-1,-1,-1
37,1,385.81,369.17,89.68,234.00,0.7681,-1,-1,-1
38,5,0.49,809.51,65.81,245.79,0.7070,-1,-1,-1
38,4,1355.75,569.48,82.48,213.36,0.7367,-1,-1,-1
38,3,1723.26,455.24,73.63,211.26,0.7635,-1,-1,-1
38,1,386.91,368.40,86.07,234.65,0.7705,-1,-1,-1
39,5,0.59,808.30,65.45,245.29,0.7211,-1,-1,-1
39,4,1356.90,567.79,81.94,217.63,0.7171,-1,-1,-1
39,3,1722.94,456.20,73.32,210.57,0.7507,-1,-1,-1
39,1,386.93,367.01,85.38,236.40,0.7676,-1,-1,-1
40,5,0.72,807.37,65.33,242.83,0.6935,-1,-1,-1
40,4,1357.47,569.81,80.74,211.79,0.7467,-1,-1,-1
40,3,1723.00,455.57,73.50,211.78,0.7537,-1,-1,-1
40,1,387.13,366.74,87.16,235.69,0.7799,-1,-1,-1
41,5,0.55,806.30,66.05,243.56,0.6816,-1,-1,-1
41,4,1356.67,568.61,81.94,215.79,0.7416,-1,-1,-1
41,3,1722.88,455.18,73.79,211.69,0.7634,-1,-1,-1
41,2,100.55,545.25,79.79,248.35,0.8033,-1,-1,-1
41,1,388.83,365.85,85.73,236.02,0.7764,-1,-1,-1
42,5,0.46,803.38,66.44,243.38,0.7054,-1,-1,-1
42,4,1356.73,569.46,81.12,213.87,0.7437,-1,-1,-1
42,3,1722.31,454.24,73.90,212.19,0.7677,-1,-1,-1
42,2,100.49,544.98,80.60,248.60,0.8154,-1,-1,-1
42,1,389.64,364.22,85.45,236.05,0.7969,-1,-1,-1
43,5,0.64,798.42,66.63,232.85,0.7239,-1,-1,-1
43,4,1356.64,569.17,81.27,214.13,0.7365,-1,-1,-1
43,3,1722.73,453.93,73.54,212.95,0.7394,-1,-1,-1
43,2,100.25,545.19,79.99,248.89,0.8058,-1,-1,-1
43,1,390.75,364.91,85.37,233.68,0.8339,-1,-1,-1
44,5,0.56,794.81,67.22,230.67,0.7344,-1,-1,-1
44,4,1356.71,568.97,81.90,216.46,0.7485,-1,-1,-1
44,3,1721.96,454.32,74.15,213.87,0.7464,-1,-1,-1
44,1,391.17,364.46,86.01,231.88,0.8323,-1,-1,-1
45,5,0.72,792.66,67.21,230.26,0.7297,-1,-1,-1
45,4,1356.22,568.85,81.60,215.82,0.7651,-1,-1,-1
45,3,1722.54,455.69,73.58,212.36,0.7468,-1,-1,-1
45,1,392.77,361.58,84.92,232.49,0.8378,-1,-1,-1
46,5,0.86,790.40,68.10,230.73,0.7311,-1,-1,-1
46,4,1356.12,569.45,83.08,216.55,0.7382,-1,-1,-1
46,3,1721.34,455.55,74.70,210.92,0.7236,-1,-1,-1
46,1,394.66,360.39,82.57,232.03,0.8326,-1,-1,-1
47,5,1.08,789.38,68.90,233.49,0.6848,-1,-1,-1
47,4,1356.57,569.62,82.19,215.24,0.7292,-1,-1,-1
47,3,1722.15,455.14,74.17,212.86,0.7433,-1,-1,-1
47,2,101.20,545.30,78.12,246.22,0.7928,-1,-1,-1
47,1,394.97,358.04,83.44,232.50,0.8360,-1,-1,-1
48,5,1.18,789.23,70.22,236.07,0.6584,-1,-1,-1
48,4,1356.46,569.07,83.59,216.63,0.7438,-1,-1,-1
48,3,1722.26,455.85,73.53,210.49,0.7436,-1,-1,-1
48,2,101.64,545.05,77.70,247.04,0.7384,-1,-1,-1
48,1,395.73,356.69,83.67,229.77,0.8477,-1,-1,-1
49,9,377.77,964.11,99.56,114.66,0.6046,-1,-1,-1
49,5,0.92,785.41,72.59,249.02,0.6995,-1,-1,-1
49,4,1356.47,569.60,83.20,217.67,0.7322,-1,-1,-1
49,3,1721.77,454.93,73.93,211.89,0.7492,-1,-1,-1
49,2,101.66,545.41,77.58,246.66,0.7177,-1,-1,-1
49,1,395.74,356.21,84.34,226.62,0.8450,-1,-1,-1
50,9,380.38,961.80,97.60,115.91,0.6005,-1,-1,-1
50,5,1.35,785.78,73.55,250.23,0.6935,-1,-1,-1
50,4,1357.04,569.95,81.97,214.82,0.7386,-1,-1,-1
50,3,1721.95,455.38,73.52,210.97,0.7533,-1,-1,-1
50,1,395.40,354.81,85.46,226.02,0.8332,-1,-1,-1
51,5,1.52,783.56,73.36,248.91,0.7251,-1,-1,-1
51,4,1357.05,569.24,82.00,214.35,0.7518,-1,-1,-1
51,3,1721.40,456.42,73.95,209.18,0.7291,-1,-1,-1
51,1,395.46,354.05,86.25,223.39,0.8324,-1,-1,-1
52,5,2.83,783.08,73.69,245.63,0.7162,-1,-1,-1
52,4,1356.74,569.13,81.97,215.15,0.7558,-1,-1,-1
52,3,1722.44,454.91,73.13,211.74,0.7463,-1,-1,-1
52,1,396.52,352.84,86.14,224.48,0.8447,-1,-1,-1
53,5,2.96,781.32,73.92,240.55,0.7485,-1,-1,-1
53,4,1357.05,569.61,82.21,213.05,0.7658,-1,-1,-1
53,3,1722.47,455.30,73.17,210.05,0.7464,-1,-1,-1
53,1,398.08,351.19,84.73,226.21,0.8431,-1,-1,-1
54,5,5.30,778.72,72.44,235.99,0.7490,-1,-1,-1
54,4,1356.85,569.07,82.81,213.90,0.7686,-1,-1,-1
54,3,1722.47,455.32,73.14,210.59,0.7499,-1,-1,-1
54,2,102.58,544.36,76.04,248.00,0.8158,-1,-1,-1
54,1,397.98,350.77,85.19,226.70,0.8400,-1,-1,-1
55,9,383.56,946.80,105.30,133.18,0.7335,-1,-1,-1
55,5,6.66,774.62,72.01,236.79,0.7840,-1,-1,-1
55,4,1357.42,568.89,81.67,215.41,0.7444,-1,-1,-1
55,3,1722.26,455.32,73.35,211.21,0.7605,-1,-1,-1
55,2,102.47,544.44,76.37,248.56,0.8149,-1,-1,-1
55,1,399.02,349.56,84.48,228.79,0.8433,-1,-1,-1
56,9,384.56,946.33,104.77,133.67,0.7317,-1,-1,-1
56,5,6.49,772.37,72.66,234.65,0.7897,-1,-1,-1
56,4,1356.96,569.19,81.54,216.18,0.7411,-1,-1,-1
56,3,1722.28,454.95,73.24,211.42,0.7619,-1,-1,-1
56,2,102.54,543.66,76.49,249.37,0.8104,-1,-1,-1
56,1,399.49,349.23,83.95,229.95,0.8503,-1,-1,-1
57,9,386.21,945.67,104.18,134.33,0.7582,-1,-1,-1
57,5,5.92,769.41,73.68,231.10,0.8195,-1,-1,-1
57,4,1356.76,569.25,82.31,212.90,0.7384,-1,-1,-1
57,3,1722.45,454.91,73.08,210.95,0.7672,-1,-1,-1
57,2,102.98,544.83,76.08,248.74,0.7163,-1,-1,-1
57,1,399.39,348.00,83.48,231.11,0.8553,-1,-1,-1
58,9,387.81,944.44,102.79,135.56,0.6990,-1,-1,-1
58,4,1356.97,569.54,81.74,214.47,0.7489,-1,-1,-1
58,3,1722.35,454.65,72.79,210.70,0.7575,-1,-1,-1
58,2,102.78,544.67,75.97,249.52,0.8348,-1,-1,-1
58,1,399.20,347.10,84.40,231.76,0.8431,-1,-1,-1
59,9,388.49,943.34,101.94,136.66,0.7460,-1,-1,-1
59,4,1356.82,568.83,81.99,212.49,0.7589,-1,-1,-1
59,3,1723.38,455.20,72.67,211.75,0.7579,-1,-1,-1
59,2,103.61,545.03,75.01,248.69,0.8335,-1,-1,-1
59,1,400.71,345.49,83.45,233.58,0.8371,-1,-1,-1
60,9,387.86,940.14,104.36,139.86,0.7449,-1,-1,-1
60,4,1356.66,568.95,82.16,215.15,0.7506,-1,-1,-1
60,3,1722.83,454.68,72.93,211.82,0.7436,-1,-1,-1
60,2,102.95,545.05,75.74,249.80,0.8252,-1,-1,-1
60,1,401.46,345.93,82.04,231.72,0.8470,-1,-1,-1
61,9,387.10,938.76,106.79,141.24,0.6347,-1,-1,-1
61,7,1196.72,971.82,85.90,107.37,0.6288,-1,-1,-1
61,5,7.33,758.57,72.77,227.54,0.7767,-1,-1,-1
61,4,1357.17,569.41,81.45,213.57,0.7549,-1,-1,-1
61,3,1722.25,454.97,73.30,211.86,0.7330,-1,-1,-1
61,2,102.98,545.73,74.43,248.01,0.8372,-1,-1,-1
61,1,401.16,344.23,82.24,231.11,0.8504,-1,-1,-1
62,7,1196.33,972.22,85.97,106.77,0.6220,-1,-1,-1
62,5,9.24,756.57,72.76,227.50,0.8002,-1,-1,-1
62,4,1357.54,569.31,81.33,214.46,0.7393,-1,-1,-1
62,3,1722.76,455.60,73.12,210.27,0.7223,-1,-1,-1
62,2,102.97,546.12,74.57,247.89,0.8366,-1,-1,-1
62,1,401.60,342.96,81.49,230.98,0.8436,-1,-1,-1
63,7,1194.81,971.71,86.66,107.44,0.6749,-1,-1,-1
63,5,9.00,755.46,72.96,229.94,0.8038,-1,-1,-1
63,4,1356.85,568.98,81.91,213.16,0.7271,-1,-1,-1
63,3,1722.53,454.98,73.29,211.81,0.6990,-1,-1,-1
63,2,103.10,545.98,74.45,247.90,0.8435,-1,-1,-1
63,1,401.53,340.99,81.99,232.17,0.8514,-1,-1,-1
64,7,1193.35,972.13,85.45,106.81,0.7009,-1,-1,-1
64,5,9.67,753.90,72.47,229.77,0.8051,-1,-1,-1
64,4,1355.99,569.49,82.50,215.82,0.7325,-1,-1,-1
64,3,1722.23,455.49,73.48,210.51,0.7239,-1,-1,-1
64,2,103.18,546.27,74.61,247.65,0.8367,-1,-1,-1
64,1,401.86,338.43,82.11,231.87,0.8275,-1,-1,-1
65,7,1191.94,971.76,84.38,106.40,0.6586,-1,-1,-1
65,5,9.28,752.89,72.58,233.19,0.7967,-1,-1,-1
65,4,1355.96,569.32,83.50,213.56,0.7487,-1,-1,-1
65,3,1722.00,455.97,73.88,210.74,0.7232,-1,-1,-1
65,2,102.87,546.63,74.90,246.96,0.8410,-1,-1,-1
65,1,401.54,336.79,82.55,231.82,0.8226,-1,-1,-1
66,7,1189.13,970.99,84.78,107.71,0.6919,-1,-1,-1
66,5,9.17,751.51,72.98,234.34,0.7928,-1,-1,-1
66,4,1355.74,568.57,84.10,216.12,0.7285,-1,-1,-1
66,3,1721.58,455.10,74.11,212.82,0.7294,-1,-1,-1
66,2,102.77,545.82,76.07,248.03,0.8249,-1,-1,-1
66,1,401.72,334.87,83.20,231.53,0.8434,-1,-1,-1
67,7,1188.00,971.19,85.41,107.54,0.6714,-1,-1,-1
67,5,8.65,749.29,73.34,237.44,0.7835,-1,-1,-1
67,4,1356.84,569.22,82.25,213.68,0.7207,-1,-1,-1
67,3,1721.77,454.72,74.44,211.57,0.6977,-1,-1,-1
67,2,102.73,546.20,76.38,247.61,0.8082,-1,-1,-1
67,1,402.09,333.96,84.56,229.69,0.8321,-1,-1,-1
68,7,1186.20,969.95,84.03,108.92,0.6956,-1,-1,-1
68,5,8.74,746.78,73.61,241.47,0.7845,-1,-1,-1
68,4,1356.43,568.07,83.06,216.03,0.7217,-1,-1,-1
68,3,1722.45,455.14,73.71,211.61,0.7271,-1,-1,-1
68,2,102.84,546.03,76.46,247.70,0.7979,-1,-1,-1
68,1,403.09,333.55,84.05,227.63,0.8622,-1,-1,-1
69,9,384.98,910.55,105.44,168.72,0.7394,-1,-1,-1
69,7,1184.81,969.85,83.94,108.87,0.6667,-1,-1,-1
69,5,9.06,744.94,73.57,241.93,0.7820,-1,-1,-1
69,4,1356.70,568.69,82.56,217.06,0.7261,-1,-1,-1
69,3,1722.63,455.13,73.86,213.34,0.7185,-1,-1,-1
69,2,103.03,546.00,75.76,248.13,0.8236,-1,-1,-1
69,1,402.64,332.12,85.47,227.13,0.8551,-1,-1,-1
70,9,384.41,907.48,105.78,172.52,0.7343,-1,-1,-1
70,7,1183.27,969.41,83.89,109.50,0.6398,-1,-1,-1
70,5,9.44,743.37,73.62,237.31,0.7808,-1,-1,-1
70,4,1356.09,568.42,84.05,217.39,0.7391,-1,-1,-1
70,3,1723.07,453.50,73.28,213.04,0.7347,-1,-1,-1
70,2,103.55,545.82,74.97,247.97,0.8357,-1,-1,-1
70,1,402.86,331.41,85.65,225.34,0.8616,-1,-1,-1
71,10,490.46,192.08,78.96,197.59,0.6702,-1,-1,-1
71,9,380.77,905.50,109.50,174.50,0.7667,-1,-1,-1
71,7,1182.08,968.39,84.31,110.85,0.6613,-1,-1,-1
71,5,10.02,741.68,74.07,230.40,0.7805,-1,-1,-1
71,4,1356.89,568.88,83.11,218.31,0.6991,-1,-1,-1
71,3,1722.28,455.02,74.12,211.23,0.7361,-1,-1,-1
71,2,103.28,545.08,75.47,249.29,0.8267,-1,-1,-1
71,1,403.20,329.94,85.05,225.16,0.8598,-1,-1,-1
72,10,486.35,192.36,85.08,198.15,0.6760,-1,-1,-1
72,9,380.19,904.12,109.57,175.88,0.7792,-1,-1,-1
72,5,9.30,737.68,75.48,228.09,0.7884,-1,-1,-1
72,4,1357.09,569.19,83.06,217.81,0.7414,-1,-1,-1
72,3,1722.53,455.54,73.58,210.38,0.7340,-1,-1,-1
72,2,103.49,544.13,75.06,249.80,0.8367,-1,-1,-1
72,1,403.37,328.24,85.43,227.34,0.8592,-1,-1,-1
73,11,996.91,189.11,57.80,178.93,0.6307,-1,-1,-1
73,10,484.28,191.96,88.51,198.52,0.6789,-1,-1,-1
73,9,378.78,903.38,110.97,176.62,0.7667,-1,-1,-1
73,5,9.21,734.34,76.19,228.70,0.8118,-1,-1,-1
73,4,1356.75,569.60,83.76,215.41,0.7443,-1,-1,-1
73,3,1722.91,454.42,73.71,213.71,0.7424,-1,-1,-1
73,2,103.23,544.74,75.37,249.21,0.8297,-1,-1,-1
73,1,404.30,327.85,85.02,228.76,0.8561,-1,-1,-1
74,11,998.13,189.53,55.33,181.28,0.6406,-1,-1,-1
74,10,483.59,193.83,89.66,196.32,0.6171,-1,-1,-1
74,9,379.06,901.19,110.38,178.81,0.7373,-1,-1,-1
74,5,9.49,732.27,76.67,224.83,0.8194,-1,-1,-1
74,4,1356.47,569.56,83.49,214.46,0.7469,-1,-1,-1
74,3,1722.65,455.85,73.66,211.11,0.7157,-1,-1,-1
74,2,103.02,544.96,75.08,248.37,0.8390,-1,-1,-1
74,1,404.62,327.91,84.79,227.60,0.8535,-1,-1,-1
75,11,994.53,188.53,58.60,184.03,0.7043,-1,-1,-1
75,10,482.50,195.37,89.85,195.36,0.6364,-1,-1,-1
75,9,379.34,898.68,110.01,181.32,0.7123,-1,-1,-1
75,7,1177.61,964.73,87.08,114.51,0.6480,-1,-1,-1
75,5,9.29,731.28,76.61,227.14,0.8219,-1,-1,-1
75,4,1356.76,570.06,82.82,211.24,0.7771,-1,-1,-1
75,3,1722.37,455.22,73.28,212.91,0.7416,-1,-1,-1
75,2,103.03,544.53,74.67,248.69,0.8409,-1,-1,-1
75,1,404.47,327.17,85.00,228.15,0.8504,-1,-1,-1
76,11,994.13,188.65,58.28,181.80,0.6640,-1,-1,-1
76,9,380.87,895.20,107.30,184.80,0.7202,-1,-1,-1
76,7,1177.39,964.21,87.16,115.33,0.7079,-1,-1,-1
76,5,9.63,729.44,75.96,230.72,0.8194,-1,-1,-1
76,4,1356.07,570.63,83.64,212.01,0.7723,-1,-1,-1
76,3,1722.35,455.76,73.82,210.85,0.7317,-1,-1,-1
76,2,103.33,543.40,74.02,249.92,0.8345,-1,-1,-1
76,1,405.62,326.92,84.00,228.77,0.8462,-1,-1,-1
77,11,993.90,188.98,57.37,182.35,0.6760,-1,-1,-1
77,9,382.57,892.96,104.85,187.04,0.7890,-1,-1,-1
77,7,1177.23,964.11,86.80,115.27,0.7257,-1,-1,-1
77,5,9.85,728.06,76.00,230.81,0.8222,-1,-1,-1
77,4,1355.72,569.89,85.33,214.51,0.7553,-1,-1,-1
77,3,1722.36,454.41,73.80,210.58,0.7416,-1,-1,-1
77,2,103.54,543.61,72.88,249.56,0.8373,-1,-1,-1
77,1,406.10,325.27,84.32,230.87,0.8457,-1,-1,-1
78,11,994.70,187.65,55.36,184.34,0.6395,-1,-1,-1
78,9,382.84,890.36,103.65,189.64,0.8006,-1,-1,-1
78,7,1176.84,963.35,86.99,116.05,0.7565,-1,-1,-1
78,5,9.65,726.90,77.77,233.73,0.8158,-1,-1,-1
78,4,1355.32,571.79,85.64,213.71,0.7592,-1,-1,-1
78,3,1722.18,455.98,74.32,210.00,0.7547,-1,-1,-1
78,2,103.05,543.37,72.70,249.37,0.8370,-1,-1,-1
78,1,405.89,324.92,84.20,230.73,0.8485,-1,-1,-1
79,11,992.51,189.34,57.32,182.59,0.6420,-1,-1,-1
79,10,490.00,201.68,79.87,193.83,0.6809,-1,-1,-1
79,9,385.93,886.29,100.35,193.71,0.8116,-1,-1,-1
79,7,1176.70,963.46,86.63,116.05,0.7584,-1,-1,-1
79,5,11.06,726.74,77.29,232.65,0.8129,-1,-1,-1
79,4,1355.23,572.76,85.42,212.45,0.7283,-1,-1,-1
79,3,1721.84,454.71,74.11,211.04,0.7512,-1,-1,-1
79,2,102.84,544.55,72.80,247.92,0.8376,-1,-1,-1
79,1,406.99,324.78,83.15,231.46,0.8536,-1,-1,-1
80,11,991.39,189.44,57.07,185.97,0.6566,-1,-1,-1
80,10,491.63,202.72,78.54,195.79,0.6791,-1,-1,-1
80,9,387.40,881.21,98.65,198.79,0.8362,-1,-1,-1
80,7,1175.72,962.72,87.04,116.99,0.7800,-1,-1,-1
80,5,11.91,725.42,78.09,233.88,0.7996,-1,-1,-1
80,4,1356.31,572.28,86.35,216.14,0.7030,-1,-1,-1
80,3,1722.10,455.67,74.23,210.76,0.7434,-1,-1,-1
80,2,102.90,545.04,72.16,247.71,0.8384,-1,-1,-1
80,1,408.52,324.51,81.86,230.38,0.8486,-1,-1,-1
81,11,990.09,189.83,57.49,184.32,0.6552,-1,-1,-1
81,10,492.69,204.31,77.74,196.96,0.6505,-1,-1,-1
81,9,388.17,878.43,98.24,201.57,0.8384,-1,-1,-1
81,7,1177.24,962.26,84.92,117.71,0.7876,-1,-1,-1
81,5,12.49,724.85,76.45,233.55,0.7961,-1,-1,-1
81,4,1355.54,571.73,86.58,216.86,0.6903,-1,-1,-1
81,3,1722.46,455.14,74.10,211.34,0.7439,-1,-1,-1
81,2,103.24,544.06,71.46,248.09,0.8421,-1,-1,-1
81,1,409.04,323.87,81.38,228.24,0.8387,-1,-1,-1
82,11,988.77,189.38,56.98,184.60,0.6770,-1,-1,-1
82,10,494.79,207.18,76.51,195.29,0.6312,-1,-1,-1
82,9,387.15,874.90,100.48,205.10,0.8311,-1,-1,-1
82,7,1176.59,961.80,84.16,118.03,0.7742,-1,-1,-1
82,5,12.94,721.79,78.35,236.34,0.7985,-1,-1,-1
82,4,1355.78,572.01,86.40,216.75,0.6840,-1,-1,-1
82,3,1722.49,454.98,73.72,211.24,0.7272,-1,-1,-1
82,2,102.97,545.22,71.40,246.58,0.8380,-1,-1,-1
82,1,411.77,323.76,80.52,227.17,0.8260,-1,-1,-1
83,11,986.81,189.75,57.41,183.76,0.6521,-1,-1,-1
83,10,494.34,207.25,78.45,195.16,0.6638,-1,-1,-1
83,9,388.31,872.81,100.41,207.19,0.8227,-1,-1,-1
83,7,1175.91,962.24,83.34,117.71,0.7411,-1,-1,-1
83,5,14.30,720.42,76.72,237.49,0.7993,-1,-1,-1
83,4,1356.10,571.26,86.33,218.34,0.6912,-1,-1,-1
83,3,1722.85,455.50,73.34,209.60,0.7347,-1,-1,-1
83,2,102.79,545.59,71.39,246.41,0.8362,-1,-1,-1
83,1,410.97,322.07,82.57,226.88,0.8394,-1,-1,-1
84,11,985.79,190.25,57.04,182.64,0.6138,-1,-1,-1
84,10,496.10,208.38,76.92,197.05,0.6756,-1,-1,-1
84,9,388.55,870.52,101.60,209.48,0.8142,-1,-1,-1
84,7,1175.17,961.92,83.17,118.08,0.7761,-1,-1,-1
84,5,13.61,718.51,76.41,239.48,0.7971,-1,-1,-1
84,4,1356.19,572.15,85.83,215.90,0.6771,-1,-1,-1
84,3,1722.48,455.33,74.22,210.79,0.7126,-1,-1,-1
84,2,103.02,544.82,71.32,247.96,0.8271,-1,-1,-1
84,1,412.98,320.20,80.80,226.43,0.8348,-1,-1,-1
85,10,496.23,209.46,77.35,195.02,0.6760,-1,-1,-1
85,9,388.86,868.69,102.02,211.31,0.8257,-1,-1,-1
85,7,1174.93,962.00,82.71,117.97,0.7692,-1,-1,-1
85,5,15.40,717.69,77.72,240.20,0.8012,-1,-1,-1
85,4,1356.52,573.04,86.88,221.08,0.6189,-1,-1,-1
85,3,1722.00,455.89,74.38,211.04,0.7103,-1,-1,-1
85,2,102.70,544.57,72.18,248.35,0.8298,-1,-1,-1
85,1,412.97,318.66,82.71,224.61,0.8321,-1,-1,-1
86,10,496.28,209.16,78.46,198.00,0.6839,-1,-1,-1
86,9,389.57,866.51,102.35,213.49,0.8328,-1,-1,-1
86,7,1172.74,961.58,84.42,118.18,0.7571,-1,-1,-1
86,5,16.75,715.95,76.56,234.75,0.8152,-1,-1,-1
86,4,1357.17,574.20,85.67,212.38,0.6663,-1,-1,-1
86,3,1722.10,455.80,74.14,210.49,0.7275,-1,-1,-1
86,2,102.78,544.95,72.32,247.90,0.8325,-1,-1,-1
86,1,414.44,317.69,81.92,221.37,0.8390,-1,-1,-1
87,10,495.76,210.10,80.51,195.80,0.6792,-1,-1,-1
87,9,389.86,864.65,103.54,215.35,0.8256,-1,-1,-1
87,7,1173.63,961.14,82.25,118.77,0.7490,-1,-1,-1
87,5,18.26,713.59,74.83,225.37,0.8369,-1,-1,-1
87,4,1356.92,573.82,84.77,214.60,0.6513,-1,-1,-1
87,3,1722.21,456.10,73.62,210.45,0.7532,-1,-1,-1
87,2,102.84,544.30,72.36,248.28,0.8405,-1,-1,-1
87,1,414.97,316.55,81.35,220.58,0.8460,-1,-1,-1
88,10,497.22,209.61,81.09,197.90,0.6727,-1,-1,-1
88,9,390.36,862.23,105.41,217.77,0.8350,-1,-1,-1
88,7,1171.31,960.78,83.00,119.00,0.7998,-1,-1,-1
88,5,17.64,709.59,75.57,227.07,0.8527,-1,-1,-1
88,4,1357.00,572.73,84.93,215.70,0.6817,-1,-1,-1
88,3,1721.90,455.86,74.08,210.35,0.7486,-1,-1,-1
88,2,102.91,544.47,72.40,247.75,0.8319,-1,-1,-1
88,1,414.17,315.51,83.28,219.97,0.8434,-1,-1,-1
89,10,497.43,208.43,82.68,199.44,0.6674,-1,-1,-1
89,9,390.94,861.22,104.64,218.78,0.8353,-1,-1,-1
89,5,17.42,704.93,76.92,228.42,0.8502,-1,-1,-1
89,4,1356.82,573.97,85.37,217.35,0.6701,-1,-1,-1
89,3,1721.15,455.19,74.38,211.08,0.7493,-1,-1,-1
89,2,103.09,544.48,72.16,247.49,0.8378,-1,-1,-1
89,1,414.43,313.80,82.91,220.25,0.8367,-1,-1,-1
90,10,498.87,207.61,83.46,198.78,0.6591,-1,-1,-1
90,9,391.78,859.70,104.19,220.30,0.8377,-1,-1,-1
90,5,20.08,703.61,74.41,228.46,0.8494,-1,-1,-1
90,4,1356.66,573.09,83.49,215.97,0.6686,-1,-1,-1
90,3,1721.48,455.17,73.97,211.42,0.7302,-1,-1,-1
90,2,102.83,545.06,72.53,246.55,0.8312,-1,-1,-1
90,1,415.14,312.47,82.74,220.74,0.8111,-1,-1,-1
91,10,501.92,208.71,78.16,199.19,0.6326,-1,-1,-1
91,9,391.88,857.65,104.55,222.35,0.8323,-1,-1,-1
91,5,20.80,700.79,74.13,226.43,0.8348,-1,-1,-1
91,4,1356.54,571.87,84.80,219.64,0.6618,-1,-1,-1
91,3,1721.43,455.90,73.81,211.21,0.7290,-1,-1,-1
91,2,103.52,545.34,72.18,246.79,0.8274,-1,-1,-1
91,1,416.47,310.88,81.75,223.35,0.8115,-1,-1,-1
92,10,500.04,212.77,78.98,195.11,0.6665,-1,-1,-1
92,9,391.85,853.11,103.58,226.89,0.8263,-1,-1,-1
92,7,1168.93,957.05,78.45,122.95,0.7890,-1,-1,-1
92,5,21.55,699.51,72.99,227.51,0.8286,-1,-1,-1
92,4,1357.05,572.42,83.60,215.29,0.6662,-1,-1,-1
92,3,1721.91,455.24,73.79,211.71,0.7411,-1,-1,-1
92,2,103.41,544.85,72.14,247.66,0.8253,-1,-1,-1
92,1,416.76,310.73,82.22,224.22,0.8031,-1,-1,-1
93,10,501.50,209.11,78.74,198.81,0.6297,-1,-1,-1
93,9,392.79,849.80,103.88,230.20,0.8266,-1,-1,-1
93,5,22.73,698.26,71.70,224.99,0.8220,-1,-1,-1
93,4,1356.69,571.90,83.53,216.16,0.6485,-1,-1,-1
93,3,1721.73,455.28,73.94,210.83,0.7289,-1,-1,-1
93,2,103.58,545.24,71.59,247.42,0.8159,-1,-1,-1
93,1,417.14,309.64,82.23,225.15,0.8006,-1,-1,-1
94,9,393.48,848.94,103.41,231.06,0.8426,-1,-1,-1
94,5,22.70,697.24,71.37,224.33,0.8183,-1,-1,-1
94,4,1356.59,572.40,84.77,216.90,0.6064,-1,-1,-1
94,3,1722.59,455.16,73.45,212.31,0.7359,-1,-1,-1
94,2,103.33,545.44,72.43,247.20,0.8172,-1,-1,-1
94,1,417.23,309.13,82.03,225.07,0.8007,-1,-1,-1
95,9,394.10,843.15,101.82,236.85,0.8464,-1,-1,-1
95,5,24.79,696.12,69.31,226.07,0.8188,-1,-1,-1
95,3,1722.67,455.58,72.73,212.25,0.7187,-1,-1,-1
95,2,102.99,545.37,72.70,247.08,0.8106,-1,-1,-1
95,1,417.45,308.17,81.78,226.45,0.8183,-1,-1,-1
96,9,394.47,840.83,101.05,239.17,0.8620,-1,-1,-1
96,7,1165.53,952.99,74.49,127.01,0.8238,-1,-1,-1
96,5,25.44,693.75,68.63,229.40,0.8230,-1,-1,-1
96,3,1722.45,454.60,73.18,212.21,0.7366,-1,-1,-1
96,2,103.00,545.05,72.40,246.77,0.8066,-1,-1,-1
96,1,418.83,307.44,82.55,226.67,0.8340,-1,-1,-1
97,9,395.06,840.78,98.31,239.22,0.8617,-1,-1,-1
97,5,24.73,692.95,69.45,228.68,0.8220,-1,-1,-1
97,3,1722.82,455.38,73.28,211.22,0.7453,-1,-1,-1
97,2,103.35,544.94,72.23,247.80,0.8126,-1,-1,-1
97,1,418.46,306.86,82.04,227.10,0.8301,-1,-1,-1
98,10,510.70,214.03,73.28,204.78,0.6480,-1,-1,-1
98,9,394.81,838.34,97.18,241.66,0.8663,-1,-1,-1
98,5,25.31,692.52,69.16,229.14,0.8196,-1,-1,-1
98,4,1356.94,573.20,82.72,217.44,0.6541,-1,-1,-1
98,3,1722.36,454.78,73.72,212.48,0.7541,-1,-1,-1
98,2,103.16,544.72,72.17,247.65,0.8036,-1,-1,-1
98,1,419.15,305.22,81.45,228.70,0.8358,-1,-1,-1
99,10,512.20,214.23,71.47,204.45,0.6095,-1,-1,-1
99,9,394.36,833.20,97.32,246.80,0.8659,-1,-1,-1
99,5,26.11,691.81,69.23,228.69,0.8167,-1,-1,-1
99,4,1356.88,573.65,82.86,212.72,0.6709,-1,-1,-1
99,3,1723.13,455.15,72.80,212.75,0.7429,-1,-1,-1
99,2,103.18,544.23,72.24,247.97,0.8058,-1,-1,-1
99,1,419.52,305.40,81.89,228.19,0.8399,-1,-1,-1
100,9,393.13,831.10,97.30,248.90,0.8550,-1,-1,-1
100,7,1159.44,945.73,74.37,134.27,0.7684,-1,-1,-1
100,5,26.27,689.72,70.31,229.71,0.8254,-1,-1,-1
100,4,1356.65,574.20,83.19,214.17,0.6560,-1,-1,-1
100,3,1722.88,455.27,73.01,212.82,0.7287,-1,-1,-1
100,2,103.06,543.96,72.29,248.36,0.7927,-1,-1,-1
100,1,420.74,303.44,81.41,228.96,0.8264,-1,-1,-1
101,9,391.31,829.81,97.82,250.19,0.8538,-1,-1,-1
101,7,1157.65,945.28,74.10,134.72,0.7715,-1,-1,-1
101,5,28.05,687.41,69.58,225.82,0.8223,-1,-1,-1
101,4,1356.62,574.45,83.69,214.56,0.6470,-1,-1,-1
101,3,1722.78,455.38,73.28,212.11,0.7365,-1,-1,-1
101,2,103.31,543.93,72.30,248.47,0.7998,-1,-1,-1
101,1,420.29,302.24,82.95,229.34,0.8416,-1,-1,-1
102,9,389.97,826.70,99.14,253.30,0.8547,-1,-1,-1
102,7,1156.73,943.75,72.25,136.11,0.7807,-1,-1,-1
102,5,27.95,684.77,70.12,223.26,0.8390,-1,-1,-1
102,4,1356.54,574.22,83.88,217.06,0.6412,-1,-1,-1
102,3,1722.78,455.56,72.83,211.71,0.7422,-1,-1,-1
102,2,103.62,543.80,72.43,248.54,0.8020,-1,-1,-1
102,1,421.21,299.85,81.80,229.53,0.8435,-1,-1,-1
103,9,388.29,825.33,100.79,254.67,0.8567,-1,-1,-1
103,7,1155.25,940.96,71.11,138.84,0.7814,-1,-1,-1
103,5,30.70,684.03,68.88,218.74,0.8484,-1,-1,-1
103,4,1357.06,573.77,84.33,217.99,0.6344,-1,-1,-1
103,3,1722.06,455.64,73.84,210.85,0.7133,-1,-1,-1
103,2,103.52,543.62,72.20,249.39,0.7985,-1,-1,-1
103,1,420.86,299.11,81.96,227.22,0.8301,-1,-1,-1
104,9,386.85,822.56,101.94,257.44,0.8616,-1,-1,-1
104,7,1152.47,941.61,70.18,138.25,0.7651,-1,-1,-1
104,5,32.54,681.74,67.87,219.44,0.8508,-1,-1,-1
104,3,1722.72,455.12,72.29,210.87,0.7218,-1,-1,-1
104,2,103.67,542.89,72.24,250.46,0.7900,-1,-1,-1
104,1,421.64,299.29,80.55,223.57,0.8232,-1,-1,-1
105,9,386.40,821.19,102.11,258.81,0.8630,-1,-1,-1
105,7,1151.44,940.52,68.68,138.74,0.7692,-1,-1,-1
105,5,35.28,681.01,67.54,221.73,0.8499,-1,-1,-1
105,3,1721.99,454.60,74.34,211.49,0.7332,-1,-1,-1
105,2,103.75,543.69,72.35,249.80,0.8058,-1,-1,-1
105,1,421.01,298.15,81.88,217.99,0.8239,-1,-1,-1
106,9,385.37,819.27,102.29,260.73,0.8565,-1,-1,-1
106,7,1150.17,939.76,68.09,140.10,0.7539,-1,-1,-1
106,5,35.79,679.88,70.31,222.25,0.8495,-1,-1,-1
106,3,1722.18,455.99,73.43,211.43,0.7183,-1,-1,-1
106,2,103.88,545.18,72.31,248.45,0.7943,-1,-1,-1
106,1,421.88,296.88,80.87,214.99,0.8205,-1,-1,-1
107,9,385.39,818.03,100.71,261.97,0.8600,-1,-1,-1
107,7,1147.75,938.12,69.98,141.75,0.7740,-1,-1,-1
107,5,36.14,679.20,75.69,221.85,0.8445,-1,-1,-1
107,4,1356.59,574.48,86.41,222.43,0.6028,-1,-1,-1
107,3,1721.75,455.24,73.80,211.63,0.7347,-1,-1,-1
107,2,104.05,545.53,72.46,248.47,0.7950,-1,-1,-1
107,1,421.26,295.63,81.18,215.37,0.8221,-1,-1,-1
108,11,946.74,205.07,60.07,189.81,0.6526,-1,-1,-1
108,9,385.59,816.32,100.21,263.68,0.8640,-1,-1,-1
108,7,1145.78,937.95,70.29,141.40,0.7866,-1,-1,-1
108,5,37.13,676.86,80.63,224.56,0.8537,-1,-1,-1
108,4,1356.55,575.48,86.50,219.98,0.6352,-1,-1,-1
108,3,1721.80,455.08,73.63,211.18,0.7332,-1,-1,-1
108,2,103.71,545.29,73.12,250.15,0.7711,-1,-1,-1
108,1,421.24,294.22,81.35,216.52,0.8195,-1,-1,-1
109,11,946.15,203.94,59.10,188.41,0.7229,-1,-1,-1
109,9,385.65,811.39,99.17,268.61,0.8694,-1,-1,-1
109,7,1143.78,936.94,70.54,143.06,0.8109,-1,-1,-1
109,5,38.35,676.28,78.21,225.15,0.8596,-1,-1,-1
109,4,1356.33,575.74,83.87,215.14,0.6649,-1,-1,-1
109,3,1722.71,455.13,72.52,210.39,0.7291,-1,-1,-1
109,2,103.72,544.87,72.42,251.38,0.7833,-1,-1,-1
109,1,419.78,293.85,83.36,216.45,0.8261,-1,-1,-1
110,11,944.72,205.88,58.44,187.17,0.7399,-1,-1,-1
110,9,386.09,805.45,97.84,274.55,0.8700,-1,-1,-1
110,7,1140.83,936.76,71.84,143.24,0.8229,-1,-1,-1
110,5,39.41,673.31,88.72,225.84,0.8482,-1,-1,-1
110,4,1356.55,576.47,85.56,217.05,0.6449,-1,-1,-1
110,3,1722.28,455.25,73.39,212.91,0.7286,-1,-1,-1
110,2,103.65,544.64,72.95,253.38,0.7808,-1,-1,-1
110,1,419.69,291.26,84.26,219.00,0.8294,-1,-1,-1
111,11,943.57,207.13,58.14,185.37,0.7390,-1,-1,-1
111,9,387.58,800.83,96.99,279.17,0.8722,-1,-1,-1
111,7,1138.48,935.89,72.45,144.11,0.8293,-1,-1,-1
111,5,41.95,671.29,90.13,225.67,0.8287,-1,-1,-1
111,4,1356.63,575.93,82.76,212.37,0.6450,-1,-1,-1
111,3,1722.14,455.23,73.45,211.58,0.7082,-1,-1,-1
111,2,103.27,544.29,72.84,253.64,0.7718,-1,-1,-1
111,1,420.40,288.67,84.45,222.50,0.8199,-1,-1,-1
112,11,941.57,208.14,58.54,185.22,0.7275,-1,-1,-1
112,9,388.43,799.37,95.64,275.84,0.8588,-1,-1,-1
112,7,1138.33,934.61,71.62,145.39,0.8262,-1,-1,-1
112,5,44.40,670.36,88.75,225.26,0.7946,-1,-1,-1
112,4,1357.19,575.02,82.07,211.37,0.6981,-1,-1,-1
112,3,1722.26,455.67,73.73,211.53,0.7299,-1,-1,-1
112,2,103.80,544.38,72.01,252.90,0.7506,-1,-1,-1
112,1,419.58,287.71,84.31,223.22,0.8179,-1,-1,-1
113,10,516.10,230.74,72.26,200.35,0.6411,-1,-1,-1
113,9,388.30,797.25,95.29,273.37,0.8637,-1,-1,-1
113,7,1134.98,934.37,73.33,145.63,0.8239,-1,-1,-1
113,5,46.85,670.43,78.90,224.49,0.7373,-1,-1,-1
113,4,1356.51,575.63,84.60,215.97,0.6758,-1,-1,-1
113,3,1722.20,455.93,73.77,210.20,0.7354,-1,-1,-1
113,2,104.25,545.34,71.49,249.88,0.7556,-1,-1,-1
113,1,420.75,287.09,84.55,224.06,0.8250,-1,-1,-1
114,10,516.63,231.29,73.08,204.77,0.6514,-1,-1,-1
114,9,388.98,793.62,95.22,271.56,0.8610,-1,-1,-1
114,7,1133.08,933.54,72.80,146.46,0.8226,-1,-1,-1
114,5,48.95,668.11,80.02,226.24,0.7383,-1,-1,-1
114,4,1356.79,575.40,82.86,214.55,0.6780,-1,-1,-1
114,3,1722.11,455.44,73.48,211.59,0.7379,-1,-1,-1
114,2,104.40,545.08,71.23,249.14,0.7177,-1,-1,-1
114,1,420.16,286.14,86.65,223.35,0.8166,-1,-1,-1
115,10,518.20,233.06,75.04,204.53,0.6658,-1,-1,-1
115,9,389.22,790.12,97.49,270.05,0.8540,-1,-1,-1
115,7,1128.69,933.94,75.39,146.06,0.8285,-1,-1,-1
115,5,54.71,667.12,79.92,226.66,0.7797,-1,-1,-1
115,4,1356.83,574.94,83.72,213.38,0.6899,-1,-1,-1
115,3,1721.94,455.88,74.35,211.79,0.7686,-1,-1,-1
115,2,104.52,544.62,70.52,250.27,0.6805,-1,-1,-1
115,1,420.72,286.80,86.27,222.46,0.8330,-1,-1,-1
116,10,518.84,236.06,71.19,201.75,0.6238,-1,-1,-1
116,9,390.53,787.72,98.36,272.45,0.8612,-1,-1,-1
116,7,1126.22,934.34,74.88,145.66,0.8298,-1,-1,-1
116,5,60.04,664.78,76.65,221.54,0.7839,-1,-1,-1
116,4,1356.27,575.09,84.93,217.31,0.6904,-1,-1,-1
116,3,1722.39,455.94,73.58,211.01,0.7439,-1,-1,-1
116,2,103.80,547.50,71.88,244.59,0.6110,-1,-1,-1
116,1,419.91,285.64,86.63,223.75,0.8291,-1,-1,-1
117,9,390.13,786.61,99.70,271.41,0.8650,-1,-1,-1
117,7,1124.02,934.31,75.56,145.69,0.8191,-1,-1,-1
117,5,68.26,664.95,74.87,216.43,0.8104,-1,-1,-1
117,4,1355.98,576.26,85.81,220.30,0.6946,-1,-1,-1
117,3,1721.86,455.46,74.07,211.09,0.7561,-1,-1,-1
117,1,420.31,285.31,86.31,223.92,0.8324,-1,-1,-1
118,9,390.25,784.82,101.08,275.69,0.8611,-1,-1,-1
118,7,1120.85,934.19,77.63,145.81,0.8414,-1,-1,-1
118,5,72.75,666.93,72.88,211.16,0.7085,-1,-1,-1
118,4,1356.59,576.33,84.39,213.01,0.6575,-1,-1,-1
118,3,1722.32,455.60,73.47,211.61,0.7669,-1,-1,-1
118,1,421.36,285.01,84.92,223.86,0.8292,-1,-1,-1
119,9,392.10,783.72,100.39,274.21,0.8598,-1,-1,-1
119,7,1117.33,934.13,78.63,145.87,0.8515,-1,-1,-1
119,5,77.58,669.81,73.06,208.17,0.6225,-1,-1,-1
119,4,1356.81,575.90,84.24,216.64,0.6332,-1,-1,-1
119,3,1721.71,455.49,73.95,210.70,0.7696,-1,-1,-1
119,1,421.23,284.78,84.67,223.72,0.8306,-1,-1,-1
120,9,392.31,782.50,100.45,274.26,0.8576,-1,-1,-1
120,7,1113.71,933.25,79.33,146.75,0.8449,-1,-1,-1
120,5,82.47,666.51,69.26,207.19,0.6948,-1,-1,-1
120,4,1356.38,577.83,83.78,210.95,0.6155,-1,-1,-1
120,3,1721.62,455.17,74.43,211.63,0.7367,-1,-1,-1
120,1,421.49,284.12,84.16,224.62,0.8320,-1,-1,-1
121,9,392.49,780.03,100.85,275.59,0.8546,-1,-1,-1
121,7,1110.30,933.21,79.51,146.79,0.6640,-1,-1,-1
121,5,82.05,663.69,72.32,212.25,0.8001,-1,-1,-1
121,4,1356.43,576.07,83.25,212.34,0.6931,-1,-1,-1
121,3,1722.02,454.86,73.87,212.24,0.7527,-1,-1,-1
121,1,421.63,281.99,83.20,225.36,0.8308,-1,-1,-1
122,9,392.17,779.82,101.92,275.58,0.8519,-1,-1,-1
122,7,1107.22,932.66,79.51,147.34,0.8341,-1,-1,-1
122,5,85.13,661.11,75.25,214.60,0.7696,-1,-1,-1
122,4,1356.59,576.32,85.23,215.97,0.6222,-1,-1,-1
122,3,1721.10,455.81,75.08,210.35,0.7532,-1,-1,-1
122,1,421.97,281.90,83.27,223.37,0.8327,-1,-1,-1
123,9,391.94,778.41,102.18,275.57,0.8509,-1,-1,-1
123,7,1105.50,931.68,78.26,148.32,0.8400,-1,-1,-1
123,5,85.65,659.35,75.61,215.08,0.7622,-1,-1,-1
123,4,1356.42,576.70,84.62,211.84,0.6886,-1,-1,-1
123,3,1721.72,454.83,74.69,211.40,0.7626,-1,-1,-1
123,1,422.94,280.87,81.95,220.59,0.8154,-1,-1,-1
124,9,393.14,778.06,103.15,272.60,0.8491,-1,-1,-1
124,7,1101.79,930.01,78.31,149.99,0.8449,-1,-1,-1
124,4,1356.79,576.54,84.38,213.86,0.6558,-1,-1,-1
124,3,1721.98,455.30,74.30,210.65,0.7181,-1,-1,-1
124,1,422.78,279.55,81.53,217.12,0.8169,-1,-1,-1
125,9,393.00,774.97,102.19,275.28,0.8450,-1,-1,-1
125,7,1097.78,929.90,79.16,150.10,0.8517,-1,-1,-1
125,4,1356.96,576.01,84.32,214.03,0.6354,-1,-1,-1
125,3,1721.77,453.71,74.06,213.04,0.7423,-1,-1,-1
125,1,423.43,278.74,80.56,213.21,0.8092,-1,-1,-1
126,9,393.12,769.92,99.14,277.85,0.8586,-1,-1,-1
126,7,1094.20,929.20,79.99,150.80,0.8667,-1,-1,-1
126,4,1357.56,576.11,82.85,211.79,0.6689,-1,-1,-1
126,3,1721.69,454.50,73.99,212.57,0.7240,-1,-1,-1
126,1,422.32,277.70,81.08,213.64,0.8077,-1,-1,-1
127,9,393.25,765.94,97.72,275.91,0.8535,-1,-1,-1
127,7,1090.81,929.30,81.67,150.70,0.8698,-1,-1,-1
127,4,1357.51,577.04,83.51,212.80,0.6637,-1,-1,-1
127,3,1721.85,455.26,74.28,211.27,0.7542,-1,-1,-1
127,1,423.27,277.24,79.29,213.63,0.7975,-1,-1,-1
128,9,393.16,760.92,98.21,275.25,0.8496,-1,-1,-1
128,7,1087.84,928.33,80.51,151.67,0.8611,-1,-1,-1
128,4,1357.11,577.01,83.95,213.99,0.6605,-1,-1,-1
128,3,1721.79,455.15,74.60,210.47,0.7363,-1,-1,-1
128,1,422.87,276.50,78.92,213.34,0.7749,-1,-1,-1
129,9,394.73,756.83,96.12,270.11,0.8434,-1,-1,-1
129,7,1085.92,927.83,80.11,152.17,0.8602,-1,-1,-1
129,4,1357.82,577.09,83.68,215.28,0.6122,-1,-1,-1
129,3,1721.78,454.42,74.14,210.04,0.7438,-1,-1,-1
129,1,421.84,275.25,80.44,215.11,0.7669,-1,-1,-1
130,9,395.64,754.10,94.61,264.76,0.8100,-1,-1,-1
130,7,1081.85,927.05,81.61,152.95,0.8534,-1,-1,-1
130,4,1357.31,576.86,84.66,215.49,0.6146,-1,-1,-1
130,3,1722.36,454.81,73.82,211.64,0.7263,-1,-1,-1
130,1,421.30,273.94,80.68,216.11,0.7569,-1,-1,-1
131,9,395.32,752.42,93.50,263.54,0.8077,-1,-1,-1
131,7,1080.65,926.99,80.04,152.10,0.8261,-1,-1,-1
131,4,1357.52,578.23,83.71,208.70,0.6318,-1,-1,-1
131,3,1722.46,455.85,73.25,210.75,0.7263,-1,-1,-1
131,1,422.40,273.76,79.99,216.62,0.7598,-1,-1,-1
132,9,392.69,750.35,94.88,267.58,0.8289,-1,-1,-1
132,7,1079.67,927.68,80.31,151.54,0.8409,-1,-1,-1
132,4,1357.24,577.86,82.93,210.16,0.6556,-1,-1,-1
132,3,1722.35,455.69,73.63,210.90,0.7275,-1,-1,-1
132,2,102.74,543.95,72.94,244.93,0.7012,-1,-1,-1
132,1,421.41,273.35,80.71,217.35,0.7504,-1,-1,-1
133,9,390.35,749.40,97.53,266.69,0.8204,-1,-1,-1
133,7,1078.01,927.84,80.29,151.52,0.8485,-1,-1,-1
133,4,1357.54,577.06,84.92,213.12,0.6343,-1,-1,-1
133,3,1722.04,455.08,73.81,210.51,0.7156,-1,-1,-1
133,2,102.23,544.46,74.66,243.74,0.6560,-1,-1,-1
133,1,421.10,273.41,80.47,216.33,0.7321,-1,-1,-1
134,9,389.08,748.40,98.10,267.47,0.8327,-1,-1,-1
134,7,1076.14,927.32,78.06,151.30,0.8550,-1,-1,-1
134,4,1357.26,576.90,85.21,214.84,0.6202,-1,-1,-1
134,3,1722.34,455.88,73.31,211.05,0.7078,-1,-1,-1
134,2,102.00,544.43,76.14,236.72,0.6178,-1,-1,-1
134,1,421.04,274.32,80.11,215.41,0.7081,-1,-1,-1
135,9,388.37,746.50,98.89,269.16,0.8380,-1,-1,-1
135,7,1074.84,926.51,78.26,152.39,0.8449,-1,-1,-1
135,4,1356.85,577.04,85.60,214.84,0.6310,-1,-1,-1
135,3,1721.28,454.58,74.38,212.28,0.7006,-1,-1,-1
135,2,101.40,544.12,77.57,239.17,0.7045,-1,-1,-1
135,1,418.56,272.38,82.55,217.18,0.7338,-1,-1,-1
136,9,385.83,745.53,100.99,270.80,0.8468,-1,-1,-1
136,7,1073.35,926.97,76.23,151.27,0.8523,-1,-1,-1
136,4,1357.27,578.48,87.54,217.13,0.6096,-1,-1,-1
136,3,1722.14,455.19,73.74,212.02,0.7000,-1,-1,-1
136,2,101.30,545.10,73.50,236.89,0.7293,-1,-1,-1
136,1,419.93,271.87,80.34,216.49,0.7372,-1,-1,-1
137,10,529.97,254.25,59.84,207.19,0.6255,-1,-1,-1
137,9,384.43,745.07,101.63,270.77,0.8451,-1,-1,-1
137,7,1071.34,927.42,76.61,150.63,0.8563,-1,-1,-1
137,3,1722.19,454.35,73.77,212.21,0.7090,-1,-1,-1
137,2,101.40,544.12,66.91,236.82,0.6774,-1,-1,-1
137,1,418.52,270.43,81.18,217.46,0.7416,-1,-1,-1
138,9,383.65,745.09,102.19,269.80,0.8477,-1,-1,-1
138,7,1069.87,927.70,76.05,150.59,0.8494,-1,-1,-1
138,3,1722.16,454.50,73.83,212.66,0.7138,-1,-1,-1
138,2,101.37,544.96,66.91,235.18,0.6994,-1,-1,-1
138,1,418.56,269.68,80.50,217.29,0.7503,-1,-1,-1
139,12,1041.33,140.38,91.86,171.84,0.6895,-1,-1,-1
139,9,383.23,744.77,101.64,268.42,0.8535,-1,-1,-1
139,7,1068.54,927.32,75.66,150.30,0.8420,-1,-1,-1
139,3,1721.83,453.75,74.39,213.78,0.7321,-1,-1,-1
139,2,101.27,544.65,66.98,237.15,0.7139,-1,-1,-1
139,1,418.33,268.03,78.84,217.97,0.7130,-1,-1,-1
140,12,1040.44,140.59,90.86,172.09,0.6740,-1,-1,-1
140,9,384.69,741.57,100.62,268.65,0.8552,-1,-1,-1
140,7,1066.72,926.32,76.08,150.80,0.8427,-1,-1,-1
140,3,1722.21,454.79,73.87,212.74,0.7376,-1,-1,-1
140,2,101.83,544.10,65.32,238.83,0.7212,-1,-1,-1
140,1,417.74,267.27,77.93,217.21,0.6814,-1,-1,-1
141,12,1041.41,139.74,88.08,171.48,0.6276,-1,-1,-1
141,9,385.54,739.34,98.40,268.39,0.8588,-1,-1,-1
141,7,1064.65,924.87,75.84,152.90,0.8229,-1,-1,-1
141,3,1722.26,454.28,73.98,211.95,0.7386,-1,-1,-1
141,2,102.29,544.97,65.98,239.37,0.7612,-1,-1,-1
141,1,416.97,264.67,78.53,217.25,0.6832,-1,-1,-1
142,12,1039.62,139.48,88.52,170.71,0.6494,-1,-1,-1
142,10,529.61,255.98,59.33,204.00,0.6055,-1,-1,-1
142,9,387.64,736.89,95.21,269.99,0.8569,-1,-1,-1
142,7,1065.63,924.67,71.80,154.11,0.8268,-1,-1,-1
142,3,1722.55,454.66,73.62,211.41,0.7382,-1,-1,-1
142,2,103.43,545.30,66.24,240.53,0.7791,-1,-1,-1
142,1,417.44,264.05,77.06,216.65,0.6865,-1,-1,-1
143,9,388.44,734.43,94.57,265.54,0.8649,-1,-1,-1
143,7,1064.09,923.86,71.09,153.54,0.8260,-1,-1,-1
143,5,149.20,630.31,86.29,208.02,0.7504,-1,-1,-1
143,3,1722.28,455.07,73.92,211.19,0.7396,-1,-1,-1
143,2,103.50,545.07,66.80,239.45,0.8008,-1,-1,-1
143,1,416.45,262.29,77.58,214.91,0.6762,-1,-1,-1
144,9,389.30,731.10,93.18,261.56,0.8605,-1,-1,-1
144,7,1062.98,923.51,69.23,153.95,0.8181,-1,-1,-1
144,5,152.91,631.38,82.11,206.91,0.7858,-1,-1,-1
144,3,1722.43,455.47,73.86,211.41,0.7296,-1,-1,-1
144,2,103.56,544.52,67.06,240.74,0.8049,-1,-1,-1
144,1,416.32,262.20,78.43,210.48,0.6592,-1,-1,-1
145,9,392.59,729.61,90.48,255.71,0.8692,-1,-1,-1
145,7,1061.54,923.15,66.90,154.15,0.8216,-1,-1,-1
145,5,156.80,627.87,76.86,212.27,0.8007,-1,-1,-1
145,4,1356.72,577.71,85.09,208.42,0.6621,-1,-1,-1
145,3,1722.39,455.17,73.50,210.87,0.7202,-1,-1,-1
145,2,104.25,544.64,67.84,242.19,0.8145,-1,-1,-1
145,1,416.08,259.39,77.52,210.27,0.6743,-1,-1,-1
146,9,393.21,726.39,90.61,251.12,0.8525,-1,-1,-1
146,7,1059.10,920.42,65.88,157.15,0.8052,-1,-1,-1
146,5,158.31,624.88,76.51,214.37,0.8170,-1,-1,-1
146,4,1356.79,576.87,86.48,217.98,0.6526,-1,-1,-1
146,3,1722.57,455.67,73.85,212.04,0.7260,-1,-1,-1
146,2,104.21,544.80,68.51,242.66,0.8150,-1,-1,-1
146,1,416.21,256.69,75.85,211.82,0.6840,-1,-1,-1
147,9,394.00,718.87,91.10,255.72,0.8483,-1,-1,-1
147,7,1057.21,920.26,62.79,157.52,0.7902,-1,-1,-1
147,5,160.20,620.36,75.14,215.88,0.7954,-1,-1,-1
147,4,1357.02,575.77,85.63,214.94,0.6651,-1,-1,-1
147,3,1722.34,455.46,73.97,211.27,0.7231,-1,-1,-1
147,2,104.28,545.19,68.88,241.56,0.8159,-1,-1,-1
147,1,415.80,257.24,76.74,211.77,0.6886,-1,-1,-1
148,10,529.04,259.90,63.93,206.27,0.6183,-1,-1,-1
148,9,394.20,717.19,92.14,254.98,0.8418,-1,-1,-1
148,7,1055.43,919.43,62.24,157.83,0.7959,-1,-1,-1
148,5,163.41,616.71,75.09,215.09,0.8151,-1,-1,-1
148,4,1356.80,577.30,84.39,211.91,0.6827,-1,-1,-1
148,3,1722.54,454.48,73.78,213.03,0.7314,-1,-1,-1
148,2,104.23,544.58,69.53,242.89,0.8121,-1,-1,-1
148,1,415.27,256.05,76.99,213.17,0.6903,-1,-1,-1
149,10,529.80,261.31,62.84,207.05,0.6121,-1,-1,-1
149,9,395.58,712.70,93.44,260.05,0.8423,-1,-1,-1
149,7,1054.41,918.06,62.12,159.74,0.7934,-1,-1,-1
149,5,167.44,614.49,72.66,214.98,0.7931,-1,-1,-1
149,4,1356.57,577.19,85.99,210.94,0.6665,-1,-1,-1
149,3,1722.21,454.89,73.40,211.40,0.7175,-1,-1,-1
149,2,104.32,544.88,69.36,242.68,0.8138,-1,-1,-1
149,1,415.85,257.08,76.56,212.98,0.6820,-1,-1,-1
150,9,394.39,708.94,97.23,264.78,0.8324,-1,-1,-1
150,7,1052.18,916.24,61.37,162.39,0.8040,-1,-1,-1
150,5,174.69,613.46,65.92,214.47,0.7632,-1,-1,-1
150,4,1355.96,575.85,86.66,215.26,0.6706,-1,-1,-1
150,3,1722.17,454.65,73.71,212.13,0.7267,-1,-1,-1
150,2,103.93,544.61,69.65,244.34,0.8161,-1,-1,-1
150,1,416.04,256.47,76.72,213.15,0.6721,-1,-1,-1
151,9,395.69,708.50,96.88,264.77,0.8332,-1,-1,-1
151,7,1051.40,913.51,61.06,164.27,0.8005,-1,-1,-1
151,5,179.06,611.54,66.45,218.40,0.7499,-1,-1,-1
151,3,1722.72,454.73,72.81,210.90,0.7311,-1,-1,-1
151,2,104.08,545.71,70.02,244.65,0.8273,-1,-1,-1
151,1,416.63,255.49,75.29,214.42,0.6735,-1,-1,-1
152,9,396.09,708.33,98.14,264.41,0.8205,-1,-1,-1
152,7,1049.47,913.50,60.41,165.00,0.8150,-1,-1,-1
152,3,1722.75,454.54,72.90,212.17,0.7030,-1,-1,-1
152,2,103.48,545.88,70.96,244.15,0.8195,-1,-1,-1
152,1,417.01,254.75,75.49,215.30,0.6716,-1,-1,-1
153,9,395.91,709.35,99.95,263.66,0.8159,-1,-1,-1
153,7,1047.55,912.30,60.47,167.13,0.7953,-1,-1,-1
153,3,1722.59,453.97,73.00,212.38,0.7077,-1,-1,-1
153,2,103.62,545.79,71.78,245.48,0.8177,-1,-1,-1
153,1,417.06,253.88,74.37,215.53,0.6448,-1,-1,-1
154,9,396.13,709.23,101.21,262.87,0.8186,-1,-1,-1
154,7,1046.79,911.76,59.29,167.99,0.7850,-1,-1,-1
154,4,1357.27,577.63,83.79,213.55,0.6655,-1,-1,-1
154,3,1722.53,456.16,73.36,209.67,0.6813,-1,-1,-1
154,2,104.18,544.96,71.36,246.62,0.8210,-1,-1,-1
154,1,416.98,254.35,74.66,213.40,0.6302,-1,-1,-1
155,9,397.14,706.00,102.79,266.02,0.8191,-1,-1,-1
155,7,1044.67,911.34,59.70,167.98,0.7982,-1,-1,-1
155,5,192.77,611.71,67.59,213.34,0.8291,-1,-1,-1
155,4,1357.08,577.97,84.00,208.16,0.7048,-1,-1,-1
155,3,1723.24,455.28,72.64,210.60,0.7066,-1,-1,-1
155,2,103.70,544.96,71.21,247.09,0.8160,-1,-1,-1
155,1,417.52,253.12,74.13,214.97,0.6350,-1,-1,-1
156,9,397.53,702.46,101.71,267.12,0.8173,-1,-1,-1
156,7,1043.20,910.18,60.01,169.82,0.7777,-1,-1,-1
156,5,195.03,609.82,67.73,214.68,0.8257,-1,-1,-1
156,4,1357.31,579.34,83.09,210.50,0.6720,-1,-1,-1
156,3,1722.92,455.89,73.04,210.72,0.6948,-1,-1,-1
156,2,103.37,544.85,71.67,246.64,0.8195,-1,-1,-1
156,1,418.34,252.33,74.83,213.41,0.6276,-1,-1,-1
157,9,397.93,702.42,101.91,266.57,0.8267,-1,-1,-1
157,7,1041.58,910.28,59.98,169.72,0.7689,-1,-1,-1
157,5,197.83,609.25,66.31,215.20,0.8204,-1,-1,-1
157,4,1356.67,579.09,84.05,209.69,0.6655,-1,-1,-1
157,3,1723.37,456.21,72.36,210.37,0.6959,-1,-1,-1
157,2,103.54,545.24,71.82,246.31,0.8182,-1,-1,-1
157,1,418.08,251.33,74.12,213.74,0.6503,-1,-1,-1
158,9,397.18,702.12,100.43,264.35,0.8338,-1,-1,-1
158,7,1039.05,909.42,62.25,170.58,0.7860,-1,-1,-1
158,5,198.27,607.80,65.48,213.35,0.7913,-1,-1,-1
158,4,1356.77,577.45,84.07,210.08,0.6834,-1,-1,-1
158,3,1722.88,456.28,73.10,211.22,0.6981,-1,-1,-1
158,2,103.28,545.71,71.88,245.55,0.8190,-1,-1,-1
158,1,418.69,250.09,75.13,214.34,0.6873,-1,-1,-1
159,9,400.70,700.70,93.27,262.60,0.8211,-1,-1,-1
159,7,1037.25,908.91,61.88,171.07,0.7765,-1,-1,-1
159,5,199.95,605.12,65.26,213.21,0.7838,-1,-1,-1
159,4,1356.29,578.71,85.50,211.96,0.6651,-1,-1,-1
159,3,1723.12,457.46,72.83,209.25,0.6774,-1,-1,-1
159,2,103.31,545.67,71.93,246.06,0.8130,-1,-1,-1
159,1,417.62,250.10,75.86,211.60,0.6795,-1,-1,-1
160,9,401.01,697.61,92.93,256.35,0.7965,-1,-1,-1
160,7,1036.79,908.81,61.11,171.19,0.7572,-1,-1,-1
160,5,201.92,603.05,64.65,215.78,0.7993,-1,-1,-1
160,4,1356.97,579.79,87.49,216.83,0.6225,-1,-1,-1
160,3,1722.59,457.22,72.97,209.35,0.6709,-1,-1,-1
160,2,103.09,546.19,71.91,245.61,0.8157,-1,-1,-1
160,1,418.54,247.47,74.22,214.36,0.7190,-1,-1,-1
161,9,401.73,692.03,91.67,252.56,0.8552,-1,-1,-1
161,7,1033.02,908.28,63.36,171.72,0.7627,-1,-1,-1
161,5,208.80,601.81,60.47,210.29,0.6100,-1,-1,-1
161,4,1357.02,580.22,85.89,214.88,0.6721,-1,-1,-1
161,3,1722.78,456.84,72.80,210.41,0.6731,-1,-1,-1
161,2,102.72,546.01,72.52,246.73,0.8064,-1,-1,-1
161,1,417.51,246.66,76.50,211.74,0.7001,-1,-1,-1
162,9,402.60,688.12,91.60,253.37,0.8459,-1,-1,-1
162,7,1032.82,907.41,61.79,172.35,0.7673,-1,-1,-1
162,5,210.96,598.29,61.99,206.88,0.7727,-1,-1,-1
162,4,1357.17,580.10,86.40,217.79,0.6400,-1,-1,-1
162,3,1722.95,457.48,72.75,209.94,0.6642,-1,-1,-1
162,2,102.37,545.83,72.33,247.01,0.7985,-1,-1,-1
162,1,418.84,245.88,75.73,210.32,0.7145,-1,-1,-1
163,9,403.30,684.57,90.45,255.48,0.8535,-1,-1,-1
163,7,1030.97,906.47,62.45,173.33,0.7442,-1,-1,-1
163,5,212.35,595.50,63.67,207.48,0.7730,-1,-1,-1
163,4,1356.71,580.36,89.58,223.52,0.6331,-1,-1,-1
163,3,1722.88,456.55,72.71,211.30,0.6658,-1,-1,-1
163,2,102.67,545.91,72.80,246.91,0.7942,-1,-1,-1
163,1,418.42,244.46,77.54,209.85,0.7069,-1,-1,-1
164,9,402.54,681.60,90.84,255.27,0.8576,-1,-1,-1
164,7,1029.75,907.46,61.28,172.54,0.7725,-1,-1,-1
164,5,213.25,593.48,65.59,209.37,0.8172,-1,-1,-1
164,4,1356.90,580.52,88.91,220.49,0.6062,-1,-1,-1
164,3,1722.65,456.65,72.94,211.00,0.6735,-1,-1,-1
164,2,102.44,546.07,72.43,245.90,0.8088,-1,-1,-1
164,1,417.80,244.27,78.55,208.42,0.7157,-1,-1,-1
165,9,400.26,679.82,93.63,257.37,0.8622,-1,-1,-1
165,7,1028.18,907.91,61.46,172.09,0.7492,-1,-1,-1
165,5,213.38,591.70,66.20,210.38,0.8489,-1,-1,-1
165,4,1357.55,581.66,86.75,216.09,0.6297,-1,-1,-1
165,3,1722.83,456.80,73.31,210.34,0.6809,-1,-1,-1
165,2,102.57,545.82,72.19,245.68,0.8093,-1,-1,-1
165,1,418.29,242.15,79.18,210.68,0.7019,-1,-1,-1
166,9,399.01,678.13,94.42,260.17,0.8568,-1,-1,-1
166,7,1026.16,907.38,62.11,172.62,0.6111,-1,-1,-1
166,5,214.78,590.79,72.03,211.45,0.8222,-1,-1,-1
166,4,1357.11,580.46,85.22,213.07,0.6479,-1,-1,-1
166,3,1723.21,456.26,72.06,211.32,0.7130,-1,-1,-1
166,2,102.41,545.85,71.78,245.77,0.8099,-1,-1,-1
166,1,418.76,241.46,76.36,210.78,0.6798,-1,-1,-1
167,9,397.71,675.56,95.82,261.40,0.8618,-1,-1,-1
167,7,1024.24,906.77,63.30,172.58,0.7239,-1,-1,-1
167,5,215.75,589.63,79.13,212.92,0.8077,-1,-1,-1
167,4,1356.53,579.80,85.99,216.56,0.6387,-1,-1,-1
167,3,1723.33,456.24,71.76,211.27,0.6989,-1,-1,-1
167,2,102.17,546.01,72.34,246.44,0.8074,-1,-1,-1
168,9,396.44,675.98,96.80,261.07,0.8562,-1,-1,-1
168,7,1021.41,907.69,64.84,171.11,0.7714,-1,-1,-1
168,5,217.96,590.00,79.46,211.64,0.8234,-1,-1,-1
168,4,1357.38,578.96,83.44,216.13,0.6453,-1,-1,-1
168,3,1722.69,454.79,72.53,213.12,0.6898,-1,-1,-1
168,2,102.15,546.35,72.55,245.88,0.8080,-1,-1,-1
169,9,397.02,674.73,97.00,260.65,0.8512,-1,-1,-1
169,7,1021.23,908.90,64.42,169.70,0.7827,-1,-1,-1
169,5,221.13,589.36,77.95,213.13,0.7950,-1,-1,-1
169,4,1357.09,579.24,86.73,216.82,0.6084,-1,-1,-1
169,3,1722.84,456.20,72.67,212.05,0.6702,-1,-1,-1
169,2,101.66,545.37,73.65,247.81,0.7867,-1,-1,-1
170,9,397.43,673.71,95.60,260.76,0.8478,-1,-1,-1
170,7,1019.22,909.34,62.04,169.82,0.7885,-1,-1,-1
170,5,221.32,589.14,75.36,213.35,0.7687,-1,-1,-1
170,3,1722.42,457.26,72.56,210.28,0.6761,-1,-1,-1
170,2,101.67,545.65,72.68,246.50,0.7846,-1,-1,-1
170,1,418.70,238.96,78.74,213.74,0.6997,-1,-1,-1
171,9,397.47,672.60,95.25,259.75,0.8504,-1,-1,-1
171,7,1018.67,909.72,60.67,169.98,0.7944,-1,-1,-1
171,5,219.76,588.92,76.60,212.49,0.8000,-1,-1,-1
171,3,1722.89,456.24,72.67,211.72,0.6698,-1,-1,-1
171,2,101.50,545.49,73.62,247.22,0.7894,-1,-1,-1
171,1,418.36,238.65,78.55,213.65,0.6946,-1,-1,-1
172,9,397.85,670.39,94.54,259.45,0.8516,-1,-1,-1
172,7,1016.44,910.50,60.79,168.41,0.8186,-1,-1,-1
172,5,219.05,587.20,77.93,213.49,0.7461,-1,-1,-1
172,3,1723.18,456.51,72.39,211.52,0.6706,-1,-1,-1
172,2,101.11,545.09,73.16,246.62,0.7983,-1,-1,-1
172,1,418.26,239.02,77.49,215.00,0.6944,-1,-1,-1
173,9,399.72,667.90,91.82,259.74,0.8454,-1,-1,-1
173,7,1012.81,910.78,62.19,168.15,0.8097,-1,-1,-1
173,5,219.50,583.67,76.59,215.67,0.7550,-1,-1,-1
173,3,1722.39,457.21,73.05,210.30,0.6534,-1,-1,-1
173,2,101.93,544.54,72.48,248.01,0.8031,-1,-1,-1
173,1,418.62,238.43,76.88,214.50,0.6798,-1,-1,-1
174,9,402.51,665.57,88.56,260.54,0.8488,-1,-1,-1
174,7,1009.97,912.24,62.94,167.42,0.8139,-1,-1,-1
174,5,223.15,583.33,75.16,213.29,0.7790,-1,-1,-1
174,4,1357.29,579.72,83.72,210.07,0.6448,-1,-1,-1
174,3,1722.27,455.34,73.24,212.35,0.6704,-1,-1,-1
174,2,101.23,545.13,72.63,248.10,0.7966,-1,-1,-1
174,1,418.32,237.34,76.27,216.08,0.6841,-1,-1,-1
175,9,402.80,660.70,88.30,263.57,0.8521,-1,-1,-1
175,7,1006.53,913.54,63.47,166.26,0.8051,-1,-1,-1
175,5,226.20,578.81,69.94,214.76,0.7895,-1,-1,-1
175,4,1357.26,579.15,84.30,207.88,0.6636,-1,-1,-1
175,3,1722.79,455.77,72.45,212.28,0.6653,-1,-1,-1
175,2,101.65,544.78,71.54,247.67,0.8128,-1,-1,-1
175,1,417.99,237.10,75.71,213.79,0.6832,-1,-1,-1
176,9,404.99,657.09,85.61,259.83,0.8642,-1,-1,-1
176,7,1006.05,913.18,61.88,166.12,0.8038,-1,-1,-1
176,5,227.69,576.59,67.89,213.49,0.7780,-1,-1,-1
176,4,1357.29,579.29,83.01,206.52,0.6622,-1,-1,-1
176,3,1722.73,455.80,72.27,212.33,0.6662,-1,-1,-1
176,2,101.86,544.70,71.01,248.21,0.8117,-1,-1,-1
176,1,417.72,233.96,74.88,215.76,0.6747,-1,-1,-1
177,9,406.41,651.88,84.20,254.10,0.8494,-1,-1,-1
177,7,1004.83,913.16,62.81,165.07,0.8040,-1,-1,-1
177,5,227.34,575.27,67.76,210.61,0.6469,-1,-1,-1
177,4,1356.97,579.33,84.11,209.99,0.6248,-1,-1,-1
177,3,1722.36,456.02,72.82,211.76,0.6463,-1,-1,-1
177,2,102.22,544.96,70.66,247.15,0.8218,-1,-1,-1
177,1,417.63,234.16,74.04,214.78,0.6550,-1,-1,-1
178,9,405.94,650.21,85.49,249.86,0.7811,-1,-1,-1
178,7,1004.16,913.26,61.86,165.16,0.7909,-1,-1,-1
178,5,227.48,573.01,67.78,206.67,0.7243,-1,-1,-1
178,4,1356.62,577.81,84.39,212.43,0.6264,-1,-1,-1
178,2,102.18,545.29,69.86,245.73,0.8073,-1,-1,-1
179,9,406.80,650.16,86.21,248.04,0.8653,-1,-1,-1
179,7,1002.86,913.54,59.89,165.34,0.7909,-1,-1,-1
179,5,228.20,571.05,67.00,206.60,0.7267,-1,-1,-1
179,4,1356.94,577.70,85.06,218.82,0.6493,-1,-1,-1
179,2,102.19,545.19,69.63,246.14,0.7995,-1,-1,-1
180,9,409.08,648.85,86.41,248.57,0.8694,-1,-1,-1
180,7,1000.76,913.12,59.76,166.08,0.7963,-1,-1,-1
180,5,230.64,568.96,66.14,208.16,0.6918,-1,-1,-1
180,4,1357.38,577.16,82.69,210.22,0.6569,-1,-1,-1
180,2,101.80,545.67,69.34,244.78,0.7993,-1,-1,-1
181,9,409.45,647.08,88.36,249.62,0.8738,-1,-1,-1
181,7,998.74,914.29,59.56,164.21,0.7886,-1,-1,-1
181,5,231.52,568.59,67.03,206.86,0.6740,-1,-1,-1
181,4,1357.16,577.85,84.97,215.11,0.6418,-1,-1,-1
181,2,101.65,544.74,69.29,247.76,0.8057,-1,-1,-1
182,9,408.38,646.03,90.76,251.07,0.8704,-1,-1,-1
182,7,997.34,915.89,57.76,162.20,0.7977,-1,-1,-1
182,5,231.40,566.53,65.77,207.09,0.6713,-1,-1,-1
182,4,1357.18,576.64,85.62,225.03,0.6192,-1,-1,-1
182,2,102.35,546.08,68.13,246.07,0.8064,-1,-1,-1
183,9,407.96,645.16,92.99,251.49,0.8789,-1,-1,-1
183,7,995.76,916.30,58.18,162.46,0.7876,-1,-1,-1
183,5,232.12,566.08,64.98,208.07,0.6710,-1,-1,-1
183,4,1357.08,577.25,85.89,222.02,0.6294,-1,-1,-1
183,2,102.43,546.00,67.92,247.04,0.8151,-1,-1,-1
184,14,6.97,622.52,98.66,234.56,0.7231,-1,-1,-1
184,9,408.81,643.79,93.26,252.46,0.8677,-1,-1,-1
184,7,995.24,917.81,57.80,161.29,0.7795,-1,-1,-1
184,5,231.90,565.22,65.19,210.44,0.6523,-1,-1,-1
184,4,1357.35,576.76,85.94,223.59,0.6050,-1,-1,-1
184,2,101.55,546.10,68.09,247.09,0.8040,-1,-1,-1
185,14,13.82,621.42,92.07,233.71,0.7250,-1,-1,-1
185,9,408.34,643.58,95.05,252.64,0.8718,-1,-1,-1
185,7,993.29,918.60,58.67,160.09,0.7723,-1,-1,-1
185,5,231.87,565.05,66.30,210.62,0.6795,-1,-1,-1
185,4,1357.62,576.01,84.74,217.74,0.6266,-1,-1,-1
185,2,100.53,546.71,68.35,245.79,0.7787,-1,-1,-1
185,1,415.32,227.03,74.15,207.35,0.6256,-1,-1,-1
186,14,18.76,621.36,90.62,235.75,0.7623,-1,-1,-1
186,9,408.76,641.33,94.14,255.39,0.8749,-1,-1,-1
186,7,992.19,918.54,57.64,160.97,0.7858,-1,-1,-1
186,5,231.84,564.96,65.46,209.73,0.6605,-1,-1,-1
186,4,1356.98,574.47,85.37,224.26,0.6365,-1,-1,-1
186,2,99.89,547.37,69.00,244.97,0.7839,-1,-1,-1
186,1,415.32,226.51,74.20,207.35,0.6412,-1,-1,-1
187,14,22.79,620.25,96.31,239.62,0.8112,-1,-1,-1
187,9,408.76,639.28,94.06,256.58,0.8672,-1,-1,-1
187,7,989.34,919.09,60.20,160.09,0.7971,-1,-1,-1
187,5,230.95,563.86,65.59,209.99,0.7081,-1,-1,-1
187,4,1357.29,573.31,85.38,223.66,0.6542,-1,-1,-1
187,2,97.70,547.20,71.04,243.39,0.7648,-1,-1,-1
187,1,415.70,224.64,74.65,209.78,0.6437,-1,-1,-1
188,14,23.18,618.86,103.95,240.38,0.8224,-1,-1,-1
188,9,410.04,636.96,92.84,256.76,0.8566,-1,-1,-1
188,7,988.68,919.43,60.35,159.99,0.7834,-1,-1,-1
188,5,230.29,561.65,66.44,211.28,0.6912,-1,-1,-1
188,4,1357.38,572.42,85.52,225.15,0.6061,-1,-1,-1
188,2,96.53,546.39,71.72,244.79,0.6003,-1,-1,-1
188,1,415.69,225.88,74.94,206.79,0.6318,-1,-1,-1
189,14,24.05,619.74,110.14,242.29,0.7955,-1,-1,-1
189,9,409.68,633.92,91.81,259.06,0.8789,-1,-1,-1
189,7,987.13,919.96,59.83,159.75,0.7661,-1,-1,-1
189,5,229.99,557.63,64.74,211.81,0.6204,-1,-1,-1
189,4,1357.60,572.68,83.18,217.55,0.6076,-1,-1,-1
189,1,415.74,224.05,74.64,207.57,0.6200,-1,-1,-1
190,14,27.67,621.50,113.15,246.48,0.7795,-1,-1,-1
190,9,412.02,633.74,87.32,256.63,0.8738,-1,-1,-1
190,7,985.94,921.15,59.62,158.02,0.7772,-1,-1,-1
190,5,230.20,555.26,64.52,208.29,0.6267,-1,-1,-1
191,14,29.27,621.89,121.27,250.35,0.7271,-1,-1,-1
191,10,521.04,303.26,66.53,210.74,0.6194,-1,-1,-1
191,9,411.78,630.14,86.17,255.54,0.8642,-1,-1,-1
191,7,984.80,922.28,59.48,155.92,0.7901,-1,-1,-1
191,5,229.67,553.80,63.65,202.94,0.6855,-1,-1,-1
192,14,32.52,625.13,121.01,251.67,0.6434,-1,-1,-1
192,10,520.94,303.90,66.93,208.80,0.6276,-1,-1,-1
192,9,411.61,625.78,84.70,250.05,0.8510,-1,-1,-1
192,7,984.15,922.90,58.51,155.42,0.7912,-1,-1,-1
192,5,228.17,550.13,65.48,204.47,0.7467,-1,-1,-1
193,9,411.87,621.83,83.73,247.85,0.8572,-1,-1,-1
193,7,983.68,922.13,57.57,156.87,0.7462,-1,-1,-1
193,5,228.53,546.47,64.84,207.43,0.7506,-1,-1,-1
193,4,1357.11,570.60,86.90,228.79,0.6324,-1,-1,-1
194,9,412.55,618.92,80.47,247.95,0.8471,-1,-1,-1
194,7,981.22,921.72,60.44,157.63,0.7600,-1,-1,-1
194,5,228.16,545.58,64.96,205.99,0.7594,-1,-1,-1
194,4,1356.35,570.45,86.74,229.93,0.6230,-1,-1,-1
195,9,411.79,617.29,81.72,248.09,0.8543,-1,-1,-1
195,7,981.92,922.13,58.62,157.00,0.7468,-1,-1,-1
195,5,228.40,544.34,63.73,208.38,0.7621,-1,-1,-1
195,4,1356.63,570.11,84.82,217.49,0.7034,-1,-1,-1
196,14,46.42,637.24,107.37,245.37,0.7579,-1,-1,-1
196,10,516.53,307.24,71.80,207.58,0.6179,-1,-1,-1
196,9,407.43,613.74,85.20,247.79,0.6227,-1,-1,-1
196,7,979.79,921.39,61.53,158.21,0.7392,-1,-1,-1
196,5,226.72,544.35,64.59,207.49,0.7603,-1,-1,-1
196,4,1356.17,572.04,84.85,218.22,0.6538,-1,-1,-1
197,14,51.68,640.31,107.78,248.92,0.7692,-1,-1,-1
197,10,513.65,302.46,74.63,214.11,0.7148,-1,-1,-1
197,9,403.51,610.49,88.77,250.28,0.8198,-1,-1,-1
197,7,977.26,922.82,62.80,156.98,0.6940,-1,-1,-1
197,5,226.16,543.76,64.74,209.73,0.7934,-1,-1,-1
197,4,1356.27,571.60,84.60,217.31,0.6722,-1,-1,-1
198,14,55.31,642.73,106.26,248.11,0.7928,-1,-1,-1
198,10,514.12,309.21,73.25,210.94,0.6932,-1,-1,-1
198,9,399.51,611.14,91.66,251.75,0.8128,-1,-1,-1
198,7,976.82,921.52,61.07,158.25,0.7370,-1,-1,-1
198,5,225.98,542.82,65.32,210.12,0.8022,-1,-1,-1
198,4,1356.32,571.99,85.55,218.47,0.6919,-1,-1,-1
199,14,57.16,644.27,106.33,248.22,0.8234,-1,-1,-1
199,10,514.44,311.66,72.51,210.83,0.6538,-1,-1,-1
199,9,396.88,610.28,94.14,253.36,0.7990,-1,-1,-1
199,7,973.90,921.70,63.76,157.90,0.7772,-1,-1,-1
199,5,226.42,543.23,64.98,209.07,0.8125,-1,-1,-1
199,4,1355.43,571.14,87.01,224.23,0.6470,-1,-1,-1
199,1,420.09,212.82,76.61,205.91,0.6005,-1,-1,-1
200,14,60.27,648.03,102.36,244.82,0.8185,-1,-1,-1
200,10,513.26,316.18,72.87,212.16,0.6274,-1,-1,-1
200,9,396.48,609.70,93.04,251.65,0.7993,-1,-1,-1
200,7,972.95,920.41,62.83,158.27,0.7676,-1,-1,-1
200,5,226.05,542.26,63.90,208.65,0.8243,-1,-1,-1
200,4,1356.58,571.64,82.76,216.41,0.6691,-1,-1,-1
200,1,420.48,210.41,76.51,206.50,0.6078,-1,-1,-1
201,14,65.47,653.42,97.09,239.93,0.8356,-1,-1,-1
201,10,512.32,317.67,74.06,214.41,0.6522,-1,-1,-1
201,9,394.73,609.21,93.68,252.54,0.7985,-1,-1,-1
201,7,972.52,920.10,61.85,158.49,0.7743,-1,-1,-1
201,5,226.23,541.43,63.50,209.46,0.8199,-1,-1,-1
201,4,1356.23,571.16,82.75,219.55,0.6780,-1,-1,-1
202,14,66.29,655.06,96.41,238.23,0.8426,-1,-1,-1
202,10,512.28,319.24,75.50,213.61,0.6404,-1,-1,-1
202,9,395.83,608.32,92.33,250.22,0.8000,-1,-1,-1
202,7,971.70,919.53,61.03,159.26,0.7855,-1,-1,-1
202,5,225.25,539.98,64.57,211.19,0.8219,-1,-1,-1
202,4,1355.98,571.19,82.32,215.04,0.6347,-1,-1,-1
202,3,1722.68,454.67,71.92,213.19,0.6572,-1,-1,-1
203,14,68.87,656.76,95.74,236.06,0.8086,-1,-1,-1
203,9,394.54,606.22,91.68,248.32,0.7981,-1,-1,-1
203,7,971.07,919.11,62.28,159.30,0.7931,-1,-1,-1
203,5,223.17,537.37,66.07,212.50,0.8195,-1,-1,-1
203,4,1356.34,572.55,82.19,210.19,0.6624,-1,-1,-1
203,3,1722.13,454.45,72.43,213.07,0.6691,-1,-1,-1
204,14,70.53,658.22,95.15,233.42,0.7863,-1,-1,-1
204,9,396.77,601.12,88.88,250.33,0.7991,-1,-1,-1
204,7,968.53,916.11,62.30,162.20,0.7986,-1,-1,-1
204,5,222.93,535.06,65.16,211.43,0.7987,-1,-1,-1
204,4,1356.65,571.49,84.15,214.07,0.6844,-1,-1,-1
204,3,1722.19,454.93,72.58,212.68,0.6665,-1,-1,-1
205,14,71.09,656.01,97.74,236.16,0.8050,-1,-1,-1
205,9,393.70,598.38,90.84,252.38,0.7816,-1,-1,-1
205,7,967.60,915.69,61.44,163.03,0.7969,-1,-1,-1
205,5,219.33,530.27,67.29,210.13,0.7130,-1,-1,-1
205,4,1356.05,571.74,83.81,214.56,0.6582,-1,-1,-1
205,3,1721.81,454.71,73.03,213.54,0.6494,-1,-1,-1
206,14,75.26,656.53,97.95,234.21,0.8262,-1,-1,-1
206,9,395.36,596.42,87.90,252.80,0.8108,-1,-1,-1
206,7,965.70,915.23,62.15,163.21,0.8143,-1,-1,-1
206,5,220.76,528.37,64.72,201.90,0.8086,-1,-1,-1
206,4,1356.08,571.58,83.48,215.06,0.6597,-1,-1,-1
206,3,1721.83,455.37,73.37,212.39,0.6274,-1,-1,-1
207,14,80.78,660.41,103.38,233.85,0.7495,-1,-1,-1
207,9,395.87,595.17,86.50,247.24,0.8220,-1,-1,-1
207,7,964.61,913.45,61.57,165.26,0.8244,-1,-1,-1
207,5,221.21,526.24,64.17,201.41,0.7893,-1,-1,-1
207,4,1357.20,570.71,81.64,213.47,0.6265,-1,-1,-1
207,3,1722.18,455.22,72.58,212.12,0.6430,-1,-1,-1
208,14,85.27,660.59,109.04,240.76,0.8162,-1,-1,-1
208,9,397.70,592.17,84.01,244.87,0.8389,-1,-1,-1
208,7,961.74,912.93,63.15,166.23,0.8194,-1,-1,-1
208,5,219.65,524.77,65.65,202.27,0.7534,-1,-1,-1
208,4,1357.25,570.51,81.58,214.43,0.6452,-1,-1,-1
208,3,1722.83,454.87,72.38,213.64,0.6275,-1,-1,-1
209,14,86.45,664.99,115.17,241.44,0.8393,-1,-1,-1
209,9,398.50,590.17,82.02,240.23,0.8424,-1,-1,-1
209,7,961.54,913.32,61.19,164.69,0.8134,-1,-1,-1
209,5,220.11,523.40,64.59,202.15,0.7663,-1,-1,-1
209,4,1357.19,570.95,78.69,215.77,0.6171,-1,-1,-1
209,3,1722.90,453.44,72.14,214.52,0.6258,-1,-1,-1
210,14,84.74,665.78,120.92,242.67,0.8397,-1,-1,-1
210,9,399.70,589.47,80.75,237.79,0.8514,-1,-1,-1
210,7,958.31,912.86,62.96,165.75,0.8107,-1,-1,-1
210,5,218.57,522.70,66.52,203.43,0.7580,-1,-1,-1
210,4,1356.74,571.04,79.60,215.27,0.6508,-1,-1,-1
210,3,1722.50,454.13,72.50,214.55,0.6381,-1,-1,-1
211,14,92.10,667.98,113.97,243.50,0.8455,-1,-1,-1
211,9,400.60,587.25,80.06,238.27,0.8363,-1,-1,-1
211,7,955.77,912.52,63.69,166.72,0.8142,-1,-1,-1
211,5,217.10,521.27,66.78,204.75,0.7323,-1,-1,-1
211,4,1357.23,570.20,79.06,220.67,0.6449,-1,-1,-1
211,3,1721.96,455.06,72.75,212.23,0.6181,-1,-1,-1
212,14,98.56,669.73,107.59,244.77,0.8396,-1,-1,-1
212,9,399.26,585.37,82.26,239.24,0.8026,-1,-1,-1
212,7,954.07,911.37,64.47,168.63,0.7990,-1,-1,-1
212,5,215.86,520.04,67.10,205.67,0.7506,-1,-1,-1
212,4,1357.28,571.35,79.14,220.66,0.6292,-1,-1,-1
212,3,1721.77,455.68,73.44,213.79,0.6388,-1,-1,-1
213,14,100.63,668.61,106.35,250.42,0.8425,-1,-1,-1
213,9,399.42,582.86,82.91,242.47,0.7953,-1,-1,-1
213,7,951.73,910.12,64.65,169.88,0.8045,-1,-1,-1
213,5,215.04,519.68,66.90,204.04,0.7431,-1,-1,-1
213,4,1356.60,570.60,79.18,221.81,0.6756,-1,-1,-1
213,3,1721.64,455.51,74.02,213.48,0.6424,-1,-1,-1
214,14,104.36,665.54,103.32,254.87,0.8332,-1,-1,-1
214,9,398.19,580.08,86.65,245.01,0.7740,-1,-1,-1
214,7,951.30,909.12,63.83,170.88,0.7949,-1,-1,-1
214,5,215.10,519.24,67.21,203.04,0.7198,-1,-1,-1
214,4,1355.90,571.40,79.32,217.23,0.6385,-1,-1,-1
214,3,1722.37,455.69,73.38,211.04,0.6392,-1,-1,-1
215,14,110.32,664.61,97.42,257.39,0.8280,-1,-1,-1
215,10,509.21,325.05,69.74,214.91,0.7130,-1,-1,-1
215,9,397.69,579.02,88.67,245.95,0.7943,-1,-1,-1
215,7,950.21,909.14,62.41,170.86,0.8153,-1,-1,-1
215,5,215.37,518.13,66.47,203.70,0.7149,-1,-1,-1
215,4,1356.18,571.86,79.16,214.44,0.6758,-1,-1,-1
215,3,1722.42,456.00,73.38,211.79,0.6585,-1,-1,-1
216,14,114.26,662.64,93.18,259.61,0.8461,-1,-1,-1
216,10,508.74,328.56,68.60,214.80,0.7047,-1,-1,-1
216,9,398.72,578.74,88.79,246.81,0.8031,-1,-1,-1
216,7,949.75,909.40,61.70,170.60,0.8076,-1,-1,-1
216,5,214.20,517.35,66.63,200.96,0.7077,-1,-1,-1
216,4,1356.18,571.14,80.71,219.14,0.6737,-1,-1,-1
216,3,1722.32,455.09,72.88,212.90,0.6123,-1,-1,-1
217,14,113.92,662.60,94.50,259.57,0.8592,-1,-1,-1
217,10,509.54,329.42,68.01,217.40,0.6772,-1,-1,-1
217,9,398.11,577.14,90.44,247.42,0.7961,-1,-1,-1
217,7,949.70,909.06,60.20,170.94,0.8103,-1,-1,-1
217,5,218.44,516.13,61.64,204.30,0.7024,-1,-1,-1
217,4,1355.43,572.02,82.92,218.38,0.6579,-1,-1,-1
218,14,118.29,663.40,92.98,258.39,0.8579,-1,-1,-1
218,10,510.71,330.05,65.86,220.16,0.6599,-1,-1,-1
218,9,397.68,576.90,91.22,246.92,0.8023,-1,-1,-1
218,7,946.45,908.26,63.66,171.74,0.8103,-1,-1,-1
218,5,219.15,514.14,59.27,206.35,0.6712,-1,-1,-1
218,4,1355.39,571.32,82.72,220.02,0.6132,-1,-1,-1
219,14,121.45,661.77,91.83,258.43,0.8586,-1,-1,-1
219,10,511.33,331.74,64.73,219.94,0.6960,-1,-1,-1
219,9,399.48,575.62,88.47,246.31,0.7713,-1,-1,-1
219,7,942.61,907.31,66.29,172.69,0.8256,-1,-1,-1
219,5,217.19,511.42,60.77,207.22,0.6324,-1,-1,-1
219,4,1355.40,572.16,82.59,217.15,0.6314,-1,-1,-1
220,14,124.30,665.35,93.69,253.67,0.8032,-1,-1,-1
220,10,510.59,333.85,64.75,219.64,0.7082,-1,-1,-1
220,9,397.72,572.41,88.72,248.50,0.7915,-1,-1,-1
220,7,940.64,905.38,67.69,174.62,0.8240,-1,-1,-1
220,5,211.71,508.06,64.07,203.05,0.6184,-1,-1,-1
220,4,1355.04,571.07,84.21,218.02,0.6498,-1,-1,-1
220,3,1722.50,455.39,72.71,213.24,0.6610,-1,-1,-1
221,15,62.68,636.71,85.99,216.79,0.7407,-1,-1,-1
221,14,126.62,667.71,98.46,250.97,0.7773,-1,-1,-1
221,10,511.26,335.64,64.97,220.91,0.7030,-1,-1,-1
221,9,399.37,569.36,85.62,249.74,0.7762,-1,-1,-1
221,7,936.97,905.11,69.34,174.89,0.8237,-1,-1,-1
221,5,211.25,505.24,64.25,200.83,0.6874,-1,-1,-1
221,4,1354.99,571.94,84.23,216.88,0.6433,-1,-1,-1
221,3,1722.22,455.20,72.69,212.23,0.6717,-1,-1,-1
222,14,130.06,671.10,110.22,248.79,0.7977,-1,-1,-1
222,10,512.06,335.94,64.43,219.91,0.7065,-1,-1,-1
222,9,398.70,565.40,84.66,251.72,0.7931,-1,-1,-1
222,7,934.65,904.99,72.21,175.01,0.8282,-1,-1,-1
222,5,208.52,503.51,66.05,201.07,0.6526,-1,-1,-1
222,4,1354.93,572.02,85.89,221.36,0.6055,-1,-1,-1
222,3,1722.74,455.09,72.47,212.16,0.6503,-1,-1,-1
223,14,131.51,673.06,114.85,255.32,0.7887,-1,-1,-1
223,10,511.51,336.58,66.02,219.37,0.7121,-1,-1,-1
223,9,398.33,564.26,83.87,245.82,0.8106,-1,-1,-1
223,7,934.18,905.15,72.30,174.85,0.8205,-1,-1,-1
223,5,208.82,502.57,65.54,200.74,0.6535,-1,-1,-1
223,3,1723.09,454.36,71.66,212.83,0.6370,-1,-1,-1
224,14,133.44,676.17,119.34,259.51,0.8164,-1,-1,-1
224,10,511.85,337.46,67.41,218.90,0.7138,-1,-1,-1
224,9,398.15,560.23,82.21,239.49,0.8122,-1,-1,-1
224,7,933.97,904.30,71.36,175.70,0.7946,-1,-1,-1
224,5,210.54,500.68,61.48,203.06,0.6005,-1,-1,-1
224,3,1722.52,455.01,72.24,212.49,0.6158,-1,-1,-1
225,15,80.57,639.34,76.06,227.68,0.7001,-1,-1,-1
225,14,135.66,678.50,118.51,264.34,0.8495,-1,-1,-1
225,10,512.15,337.90,68.82,218.38,0.7200,-1,-1,-1
225,9,396.73,556.85,81.67,237.60,0.8044,-1,-1,-1
225,7,934.05,903.57,71.52,176.43,0.8068,-1,-1,-1
225,5,209.77,500.31,62.07,202.65,0.6856,-1,-1,-1
225,3,1722.10,455.12,73.46,213.35,0.6722,-1,-1,-1
226,15,85.10,640.50,76.91,227.53,0.6797,-1,-1,-1
226,14,138.24,681.29,117.18,264.60,0.8347,-1,-1,-1
226,10,511.10,340.25,70.26,216.39,0.7671,-1,-1,-1
226,9,391.76,554.52,86.65,238.90,0.8099,-1,-1,-1
226,7,931.59,902.40,74.22,177.60,0.7965,-1,-1,-1
226,5,206.72,499.37,65.62,203.04,0.6841,-1,-1,-1
226,3,1722.39,453.82,73.51,214.60,0.6582,-1,-1,-1
227,15,93.04,638.07,75.16,229.07,0.6627,-1,-1,-1
227,14,143.42,683.79,114.25,268.48,0.8411,-1,-1,-1
227,10,510.67,340.29,71.02,216.57,0.7577,-1,-1,-1
227,9,390.28,551.93,86.60,239.89,0.8257,-1,-1,-1
227,7,931.76,902.38,73.15,177.62,0.7839,-1,-1,-1
227,5,208.09,497.93,65.06,205.11,0.6686,-1,-1,-1
227,3,1722.50,454.42,72.85,214.10,0.6985,-1,-1,-1
228,15,96.22,639.30,78.01,231.28,0.6878,-1,-1,-1
228,14,147.92,688.74,104.93,264.81,0.8189,-1,-1,-1
228,10,509.93,341.21,70.26,214.77,0.7889,-1,-1,-1
228,9,385.79,551.16,90.51,240.62,0.8202,-1,-1,-1
228,7,931.96,901.29,72.80,178.71,0.7684,-1,-1,-1
228,5,208.26,496.73,66.02,205.06,0.6862,-1,-1,-1
228,3,1722.66,455.69,73.10,211.95,0.6919,-1,-1,-1
229,15,104.09,642.94,74.52,226.49,0.6784,-1,-1,-1
229,14,147.98,690.95,102.12,264.54,0.7903,-1,-1,-1
229,10,511.23,341.86,69.76,214.50,0.8021,-1,-1,-1
229,9,383.15,548.60,93.00,243.23,0.8035,-1,-1,-1
229,7,931.03,900.52,73.42,179.48,0.7914,-1,-1,-1
229,5,207.00,495.79,66.73,206.38,0.6534,-1,-1,-1
229,3,1722.11,455.58,73.26,212.40,0.6767,-1,-1,-1
230,14,147.20,693.86,106.70,262.88,0.8313,-1,-1,-1
230,10,510.09,343.55,70.65,214.30,0.7958,-1,-1,-1
230,9,381.48,545.11,94.79,248.29,0.8155,-1,-1,-1
230,7,931.74,899.94,72.61,180.06,0.7837,-1,-1,-1
230,5,205.74,494.56,68.09,204.44,0.6402,-1,-1,-1
230,3,1722.15,455.15,73.22,213.09,0.6640,-1,-1,-1
231,14,153.73,696.03,101.96,259.74,0.8515,-1,-1,-1
231,10,508.27,344.82,71.99,213.38,0.7546,-1,-1,-1
231,9,379.13,544.34,96.27,249.02,0.8185,-1,-1,-1
231,7,930.84,899.72,73.59,180.28,0.7985,-1,-1,-1
231,5,210.71,493.28,65.00,204.11,0.6245,-1,-1,-1
231,3,1722.42,454.09,73.17,214.14,0.7022,-1,-1,-1
232,14,162.69,697.79,93.34,258.68,0.8576,-1,-1,-1
232,10,508.66,344.49,71.15,216.86,0.8040,-1,-1,-1
232,9,375.30,544.09,99.31,248.83,0.7926,-1,-1,-1
232,7,931.02,899.81,73.36,180.19,0.7972,-1,-1,-1
232,3,1722.86,454.00,72.63,214.23,0.7273,-1,-1,-1
233,14,166.13,699.01,91.57,255.82,0.8603,-1,-1,-1
233,10,507.26,345.86,71.95,219.83,0.7975,-1,-1,-1
233,9,374.10,543.60,99.42,246.77,0.7671,-1,-1,-1
233,7,932.12,899.37,71.97,180.63,0.7774,-1,-1,-1
233,3,1722.75,454.05,72.79,213.54,0.6974,-1,-1,-1
234,14,167.37,700.40,91.90,256.35,0.8755,-1,-1,-1
234,10,506.42,346.77,70.71,222.35,0.8069,-1,-1,-1
234,9,374.16,542.51,98.29,244.75,0.7986,-1,-1,-1
234,7,934.01,900.41,69.16,179.59,0.7640,-1,-1,-1
234,3,1723.22,454.15,72.63,213.85,0.7213,-1,-1,-1
235,14,171.69,701.12,87.92,253.04,0.8657,-1,-1,-1
235,10,505.22,347.72,69.82,224.15,0.7944,-1,-1,-1
235,9,373.68,541.50,96.48,245.90,0.8057,-1,-1,-1
235,7,933.72,900.69,68.27,179.31,0.7439,-1,-1,-1
235,5,215.71,485.60,62.83,197.78,0.6943,-1,-1,-1
235,3,1723.19,454.26,72.35,213.53,0.7095,-1,-1,-1
236,14,175.89,701.18,85.97,254.86,0.8580,-1,-1,-1
236,10,505.18,350.49,68.47,221.39,0.7788,-1,-1,-1
236,9,373.78,540.95,95.16,244.15,0.8068,-1,-1,-1
236,7,934.72,900.40,67.09,179.60,0.7303,-1,-1,-1
236,5,215.42,483.56,64.54,197.11,0.6742,-1,-1,-1
236,3,1723.24,455.12,71.83,212.34,0.6917,-1,-1,-1
237,14,177.72,701.89,86.81,251.72,0.8642,-1,-1,-1
237,10,502.92,352.86,70.12,220.33,0.7592,-1,-1,-1
237,9,375.01,537.13,92.83,245.54,0.7964,-1,-1,-1
237,7,935.79,900.31,65.44,179.69,0.7283,-1,-1,-1
237,5,217.05,482.37,64.04,197.16,0.6508,-1,-1,-1
237,3,1722.79,454.03,72.43,213.65,0.6773,-1,-1,-1
238,14,181.76,701.94,86.82,253.92,0.8588,-1,-1,-1
238,10,501.57,353.68,71.02,222.68,0.7728,-1,-1,-1
238,9,377.04,535.13,90.58,243.39,0.7984,-1,-1,-1
238,7,935.70,900.45,63.87,179.55,0.7340,-1,-1,-1
238,5,216.39,480.05,64.47,198.37,0.6270,-1,-1,-1
238,3,1722.61,455.23,72.50,212.10,0.6793,-1,-1,-1
239,14,184.30,704.53,87.54,251.45,0.8458,-1,-1,-1
239,10,500.31,355.89,71.62,220.06,0.7937,-1,-1,-1
239,9,381.00,530.19,86.16,239.10,0.8274,-1,-1,-1
239,7,936.08,900.30,62.42,179.70,0.7653,-1,-1,-1
239,5,217.42,479.87,63.94,198.68,0.6741,-1,-1,-1
239,3,1722.98,454.28,72.19,213.33,0.6926,-1,-1,-1
240,14,186.43,708.15,95.47,255.74,0.8305,-1,-1,-1
240,10,499.07,357.57,72.66,219.61,0.7672,-1,-1,-1
240,9,384.67,527.31,82.36,236.50,0.8058,-1,-1,-1
240,7,936.66,900.31,61.54,178.78,0.7592,-1,-1,-1
240,5,217.25,478.23,64.35,200.66,0.6808,-1,-1,-1
240,3,1722.05,454.94,73.66,213.21,0.6731,-1,-1,-1
241,14,189.09,711.74,101.19,256.71,0.8479,-1,-1,-1
241,10,497.53,358.74,72.59,218.55,0.7744,-1,-1,-1
241,9,387.28,524.88,79.79,235.23,0.7835,-1,-1,-1
241,7,936.27,900.22,60.89,179.78,0.7654,-1,-1,-1
241,5,217.27,476.42,64.57,203.15,0.7203,-1,-1,-1
241,3,1722.85,454.52,72.22,212.95,0.7164,-1,-1,-1
242,14,193.72,713.56,100.12,257.21,0.8284,-1,-1,-1
242,10,495.58,361.52,73.35,216.20,0.7718,-1,-1,-1
242,7,935.76,900.67,62.22,179.33,0.7738,-1,-1,-1
242,5,217.36,474.87,64.65,202.26,0.6888,-1,-1,-1
242,3,1722.73,455.55,72.30,212.07,0.7045,-1,-1,-1
243,16,588.18,365.39,61.48,195.89,0.6521,-1,-1,-1
243,14,196.91,717.85,100.46,255.72,0.7770,-1,-1,-1
243,10,494.26,361.53,72.57,216.85,0.7674,-1,-1,-1
243,7,935.50,900.30,61.06,179.70,0.7552,-1,-1,-1
243,5,216.77,474.48,65.50,202.69,0.6927,-1,-1,-1
243,3,1722.54,454.99,72.85,211.47,0.7233,-1,-1,-1
244,16,586.71,367.14,60.67,198.68,0.6576,-1,-1,-1
244,14,198.82,728.76,99.27,248.63,0.7832,-1,-1,-1
244,10,493.03,362.00,72.15,216.50,0.7379,-1,-1,-1
244,7,935.22,901.37,62.29,178.63,0.8314,-1,-1,-1
244,5,217.41,472.99,65.18,203.58,0.6439,-1,-1,-1
244,3,1721.98,455.11,72.94,211.60,0.6991,-1,-1,-1
245,16,586.39,369.70,60.51,200.01,0.6669,-1,-1,-1
245,14,196.82,729.68,100.35,250.52,0.7890,-1,-1,-1
245,10,491.96,363.55,73.00,214.32,0.6997,-1,-1,-1
245,7,934.68,903.06,63.28,176.94,0.8403,-1,-1,-1
245,5,218.71,471.64,63.55,203.73,0.6335,-1,-1,-1
245,3,1721.93,454.97,73.09,212.11,0.6769,-1,-1,-1
246,16,585.95,370.99,60.51,200.21,0.7103,-1,-1,-1
246,15,118.58,561.79,82.27,253.41,0.6994,-1,-1,-1
246,14,202.33,731.01,95.09,256.80,0.7804,-1,-1,-1
246,9,388.39,517.13,81.39,241.50,0.7894,-1,-1,-1
246,7,935.18,903.77,63.83,176.23,0.8339,-1,-1,-1
246,5,219.43,470.48,62.92,204.93,0.6656,-1,-1,-1
246,3,1722.42,454.35,73.09,214.31,0.6936,-1,-1,-1
247,16,585.71,372.33,61.29,204.67,0.7786,-1,-1,-1
247,15,120.32,562.35,83.38,252.44,0.6882,-1,-1,-1
247,14,204.00,733.25,95.64,256.76,0.7646,-1,-1,-1
247,9,388.71,516.98,81.64,242.48,0.8013,-1,-1,-1
247,7,935.75,904.05,63.06,175.95,0.8249,-1,-1,-1
247,5,218.62,469.05,62.92,206.08,0.6660,-1,-1,-1
247,3,1721.28,454.29,73.85,212.91,0.7143,-1,-1,-1
248,16,585.50,374.62,59.65,207.07,0.7495,-1,-1,-1
248,15,123.06,562.31,82.46,251.63,0.7064,-1,-1,-1
248,14,204.87,734.15,93.96,257.26,0.6617,-1,-1,-1
248,9,388.58,516.46,81.84,242.33,0.7920,-1,-1,-1
248,7,936.03,905.27,63.99,174.27,0.8047,-1,-1,-1
248,5,220.04,467.61,60.57,203.74,0.6496,-1,-1,-1
248,3,1720.32,455.62,74.63,212.63,0.7146,-1,-1,-1
249,16,583.98,377.50,60.97,204.36,0.6921,-1,-1,-1
249,15,126.68,564.13,80.25,247.54,0.7058,-1,-1,-1
249,10,489.44,367.75,70.80,214.54,0.6193,-1,-1,-1
249,9,387.58,515.55,84.20,241.89,0.7881,-1,-1,-1
249,7,936.11,905.26,64.92,174.74,0.8068,-1,-1,-1
249,5,221.92,466.73,58.35,196.74,0.6240,-1,-1,-1
249,4,1382.68,571.90,93.16,245.59,0.6173,-1,-1,-1
249,3,1721.44,455.47,73.09,211.89,0.6827,-1,-1,-1
250,16,582.75,379.72,61.52,203.04,0.7157,-1,-1,-1
250,15,128.72,566.03,80.38,246.17,0.7334,-1,-1,-1
250,10,489.69,369.22,70.31,216.54,0.6357,-1,-1,-1
250,9,388.04,515.50,84.97,240.75,0.7865,-1,-1,-1
250,7,936.51,905.55,65.89,174.45,0.7892,-1,-1,-1
250,5,222.15,464.40,58.43,196.12,0.6219,-1,-1,-1
250,4,1385.73,571.59,89.65,244.32,0.6991,-1,-1,-1
250,3,1722.02,454.29,72.70,212.81,0.6898,-1,-1,-1
251,16,581.93,381.68,61.85,204.84,0.7270,-1,-1,-1
251,15,131.92,565.06,80.85,250.03,0.7600,-1,-1,-1
251,10,489.33,369.89,69.90,225.74,0.6992,-1,-1,-1
251,9,387.72,511.97,85.72,241.56,0.7759,-1,-1,-1
251,7,938.13,907.57,65.27,172.43,0.8086,-1,-1,-1
251,5,221.99,460.49,58.50,198.43,0.6251,-1,-1,-1
251,4,1387.27,570.40,90.29,245.40,0.6796,-1,-1,-1
251,3,1721.01,454.75,74.43,212.37,0.6933,-1,-1,-1
252,16,580.59,382.85,63.15,205.63,0.7162,-1,-1,-1
252,15,133.94,566.53,83.52,248.55,0.7579,-1,-1,-1
252,10,490.26,371.55,68.28,227.79,0.6956,-1,-1,-1
252,9,389.56,509.20,83.41,242.90,0.7701,-1,-1,-1
252,7,938.54,907.82,65.90,171.92,0.7816,-1,-1,-1
252,5,221.88,458.35,58.92,198.47,0.6303,-1,-1,-1
252,4,1387.70,570.41,88.21,243.62,0.6669,-1,-1,-1
252,3,1721.50,455.45,73.38,211.56,0.6563,-1,-1,-1
253,16,579.25,381.91,62.48,207.46,0.7225,-1,-1,-1
253,15,136.74,566.44,84.00,247.06,0.7625,-1,-1,-1
253,14,218.81,736.78,89.93,252.52,0.7845,-1,-1,-1
253,10,490.68,372.78,67.71,228.05,0.7311,-1,-1,-1
253,9,388.88,506.56,83.53,241.23,0.7786,-1,-1,-1
253,7,938.74,907.89,67.27,172.11,0.8036,-1,-1,-1
253,5,221.47,456.55,59.89,199.44,0.6680,-1,-1,-1
253,4,1387.78,570.91,90.41,244.96,0.6500,-1,-1,-1
253,3,1722.46,454.13,72.86,213.26,0.6606,-1,-1,-1
254,16,577.75,384.07,63.22,205.91,0.7045,-1,-1,-1
254,15,138.14,566.71,83.76,244.38,0.7421,-1,-1,-1
254,14,222.73,735.83,87.35,255.25,0.8247,-1,-1,-1
254,10,490.08,372.69,68.04,231.24,0.7456,-1,-1,-1
254,9,390.25,504.00,80.24,239.61,0.7477,-1,-1,-1
254,7,939.86,909.35,67.34,170.47,0.8066,-1,-1,-1
254,5,221.24,455.64,59.84,199.65,0.6512,-1,-1,-1
254,4,1389.34,570.26,89.06,243.98,0.6951,-1,-1,-1
254,3,1721.52,455.11,73.36,212.08,0.6816,-1,-1,-1
255,16,576.77,383.56,63.40,206.30,0.7053,-1,-1,-1
255,15,140.79,565.15,82.60,243.98,0.7770,-1,-1,-1
255,14,221.34,734.72,90.88,263.35,0.7964,-1,-1,-1
255,10,489.60,373.73,68.53,231.17,0.7603,-1,-1,-1
255,9,391.38,501.64,80.31,233.28,0.7807,-1,-1,-1
255,7,939.43,909.39,69.57,169.53,0.8063,-1,-1,-1
255,5,221.23,455.19,60.27,198.70,0.7120,-1,-1,-1
255,4,1390.76,569.51,88.47,246.71,0.7176,-1,-1,-1
255,3,1722.14,455.53,72.31,211.20,0.6908,-1,-1,-1
256,16,575.93,383.93,63.24,205.86,0.6960,-1,-1,-1
256,15,140.88,564.86,85.80,242.59,0.7414,-1,-1,-1
256,14,228.13,736.28,86.65,268.36,0.7886,-1,-1,-1
256,10,489.94,374.26,67.38,232.08,0.7559,-1,-1,-1
256,9,391.58,497.86,79.20,231.75,0.7535,-1,-1,-1
256,7,939.10,909.59,71.02,170.13,0.8216,-1,-1,-1
256,5,221.49,454.36,60.28,197.02,0.6936,-1,-1,-1
256,4,1392.95,568.66,88.26,243.84,0.7347,-1,-1,-1
256,3,1721.53,455.08,73.16,212.07,0.6555,-1,-1,-1
257,16,574.80,384.26,63.55,204.65,0.6993,-1,-1,-1
257,15,141.02,564.66,89.71,242.76,0.6868,-1,-1,-1
257,14,234.43,745.09,84.98,268.50,0.8101,-1,-1,-1
257,10,489.39,374.85,68.09,231.83,0.7633,-1,-1,-1
257,9,391.87,494.01,80.08,233.14,0.7851,-1,-1,-1
257,7,938.89,910.97,73.37,168.43,0.8251,-1,-1,-1
257,5,220.64,453.61,62.24,198.15,0.6050,-1,-1,-1
257,4,1395.12,567.44,87.06,243.24,0.7351,-1,-1,-1
257,3,1721.24,455.96,72.96,211.08,0.6482,-1,-1,-1
258,16,574.75,384.93,62.87,202.98,0.6672,-1,-1,-1
258,15,143.17,563.98,90.79,247.17,0.6822,-1,-1,-1
258,14,233.68,747.78,86.55,270.97,0.8313,-1,-1,-1
258,10,489.69,375.86,67.47,230.98,0.7560,-1,-1,-1
258,9,389.84,492.37,80.85,234.47,0.7773,-1,-1,-1
258,7,938.80,912.67,73.74,165.64,0.8261,-1,-1,-1
258,4,1395.99,566.52,86.77,240.81,0.7214,-1,-1,-1
258,3,1721.94,455.39,72.90,211.75,0.6364,-1,-1,-1
259,16,573.06,385.97,64.72,202.26,0.6710,-1,-1,-1
259,15,143.70,563.48,94.04,247.82,0.7214,-1,-1,-1
259,14,234.85,754.41,86.74,263.65,0.7814,-1,-1,-1
259,10,490.21,377.47,67.08,228.02,0.7287,-1,-1,-1
259,9,388.04,491.67,82.63,234.81,0.7704,-1,-1,-1
259,7,938.78,914.07,75.97,164.07,0.8105,-1,-1,-1
259,4,1401.58,566.38,81.78,237.77,0.6915,-1,-1,-1
259,3,1721.64,454.92,73.33,212.92,0.6297,-1,-1,-1
260,16,571.98,387.69,65.12,200.35,0.6401,-1,-1,-1
260,15,151.49,563.34,87.30,248.25,0.7311,-1,-1,-1
260,14,237.30,759.60,85.79,264.80,0.8272,-1,-1,-1
260,10,490.25,379.55,67.33,227.87,0.7355,-1,-1,-1
260,9,383.33,490.34,87.33,236.42,0.7068,-1,-1,-1
260,7,938.86,915.17,78.74,162.81,0.8013,-1,-1,-1
260,4,1404.13,565.61,80.32,241.04,0.6644,-1,-1,-1
260,3,1721.07,454.91,73.39,212.89,0.6452,-1,-1,-1
261,16,571.68,389.29,64.80,199.32,0.6257,-1,-1,-1
261,15,158.88,564.32,80.22,249.57,0.7294,-1,-1,-1
261,14,240.06,764.73,84.30,259.47,0.7937,-1,-1,-1
261,10,489.59,381.10,67.80,225.17,0.7164,-1,-1,-1
261,9,378.12,488.01,92.54,239.38,0.7106,-1,-1,-1
261,7,938.62,915.77,81.13,162.02,0.8026,-1,-1,-1
261,4,1409.89,565.99,74.98,240.03,0.6989,-1,-1,-1
261,3,1722.19,455.73,72.46,212.69,0.6625,-1,-1,-1
262,15,162.07,565.06,81.86,251.77,0.7292,-1,-1,-1
262,14,242.15,768.21,86.03,262.14,0.7841,-1,-1,-1
262,10,489.71,381.85,67.57,225.09,0.6659,-1,-1,-1
262,9,376.79,487.03,93.53,238.92,0.7205,-1,-1,-1
262,7,936.70,917.77,83.45,160.17,0.8136,-1,-1,-1
262,4,1410.28,563.95,78.50,240.10,0.6879,-1,-1,-1
262,3,1721.56,455.87,73.12,211.69,0.6713,-1,-1,-1
263,15,166.13,564.78,77.96,252.20,0.7721,-1,-1,-1
263,14,242.72,768.28,86.34,262.60,0.7654,-1,-1,-1
263,10,489.35,382.46,67.65,224.62,0.6889,-1,-1,-1
263,9,376.07,485.86,93.55,239.85,0.7046,-1,-1,-1
263,7,935.48,918.62,85.78,159.06,0.8264,-1,-1,-1
263,4,1410.67,564.95,77.88,237.73,0.7249,-1,-1,-1
263,3,1721.44,455.86,73.67,211.58,0.6203,-1,-1,-1
264,15,169.35,563.89,76.41,253.09,0.7577,-1,-1,-1
264,14,245.48,771.95,87.60,260.17,0.8282,-1,-1,-1
264,10,487.81,383.62,68.87,222.24,0.6959,-1,-1,-1
264,9,374.78,485.40,93.93,238.39,0.7038,-1,-1,-1
264,7,936.51,920.04,85.01,156.78,0.8448,-1,-1,-1
264,4,1410.71,565.00,81.85,238.24,0.7318,-1,-1,-1
264,3,1721.85,455.22,73.46,212.52,0.6499,-1,-1,-1
265,15,172.89,566.03,74.85,253.33,0.7493,-1,-1,-1
265,14,246.27,771.38,86.97,261.36,0.8377,-1,-1,-1
265,10,486.45,384.49,69.06,220.37,0.7158,-1,-1,-1
265,9,373.75,484.25,94.26,239.91,0.7524,-1,-1,-1
265,7,937.86,920.18,85.13,157.16,0.8378,-1,-1,-1
265,4,1411.53,565.14,80.22,242.08,0.6928,-1,-1,-1
265,3,1721.99,456.13,73.20,211.89,0.6456,-1,-1,-1
266,15,175.55,566.75,77.07,254.38,0.7448,-1,-1,-1
266,14,249.32,774.51,93.39,257.96,0.8345,-1,-1,-1
266,10,484.98,384.44,68.97,223.68,0.6692,-1,-1,-1
266,9,373.89,483.91,94.11,238.39,0.7310,-1,-1,-1
266,7,937.51,920.76,86.27,156.68,0.8434,-1,-1,-1
266,4,1412.13,565.32,80.22,245.64,0.6791,-1,-1,-1
266,3,1721.89,456.46,73.02,211.81,0.6392,-1,-1,-1
267,16,565.95,396.96,65.80,211.91,0.6567,-1,-1,-1
267,15,178.39,567.91,77.24,259.96,0.7445,-1,-1,-1
267,14,247.41,772.14,95.06,261.33,0.8311,-1,-1,-1
267,10,482.03,386.31,70.41,224.84,0.6652,-1,-1,-1
267,9,373.78,481.52,93.73,238.96,0.6838,-1,-1,-1
267,7,938.82,920.52,85.51,157.30,0.8450,-1,-1,-1
267,4,1412.44,565.06,79.84,245.36,0.6435,-1,-1,-1
267,3,1721.60,456.07,74.21,211.96,0.6122,-1,-1,-1
268,16,565.32,398.10,66.24,212.34,0.6626,-1,-1,-1
268,15,181.62,569.73,75.96,258.50,0.7873,-1,-1,-1
268,14,250.26,769.49,88.76,263.99,0.8202,-1,-1,-1
268,10,478.00,388.12,74.45,226.34,0.6900,-1,-1,-1
268,9,374.28,478.98,91.17,240.40,0.7001,-1,-1,-1
268,7,941.13,920.28,83.31,157.65,0.8382,-1,-1,-1
268,4,1412.84,564.47,79.18,244.95,0.6641,-1,-1,-1
268,3,1721.84,456.03,72.88,211.87,0.6188,-1,-1,-1
269,16,565.19,399.19,66.18,210.12,0.6966,-1,-1,-1
269,15,183.60,571.79,78.77,252.52,0.8054,-1,-1,-1
269,14,251.12,774.65,90.74,259.20,0.7993,-1,-1,-1
269,10,474.64,389.53,76.51,224.63,0.6902,-1,-1,-1
269,9,375.45,477.29,90.20,240.39,0.7240,-1,-1,-1
269,7,943.45,920.57,82.15,157.79,0.8338,-1,-1,-1
269,4,1414.20,566.59,79.65,243.41,0.6247,-1,-1,-1
269,3,1721.98,456.85,72.90,210.65,0.6423,-1,-1,-1
270,16,565.33,400.32,64.71,213.54,0.6937,-1,-1,-1
270,15,185.13,572.16,82.53,247.12,0.7799,-1,-1,-1
270,14,255.03,770.00,88.15,263.83,0.8363,-1,-1,-1
270,10,473.98,392.49,76.11,224.01,0.6829,-1,-1,-1
270,9,376.19,475.00,88.67,236.33,0.7116,-1,-1,-1
270,7,944.35,921.02,81.62,158.38,0.8246,-1,-1,-1
270,4,1417.73,570.25,80.95,240.20,0.6138,-1,-1,-1
270,3,1721.83,457.10,73.27,210.66,0.6137,-1,-1,-1
271,16,564.78,401.52,65.19,209.97,0.6826,-1,-1,-1
271,15,186.85,574.12,85.19,246.06,0.7444,-1,-1,-1
271,14,257.39,775.18,86.67,259.12,0.8017,-1,-1,-1
271,10,472.63,393.71,76.57,222.19,0.6596,-1,-1,-1
271,9,380.16,471.59,84.55,229.56,0.7099,-1,-1,-1
271,7,945.57,921.81,81.02,157.27,0.7902,-1,-1,-1
271,4,1420.64,573.93,79.25,238.71,0.6341,-1,-1,-1
271,3,1721.37,456.07,74.01,212.51,0.6232,-1,-1,-1
272,16,563.93,401.67,65.64,214.57,0.6098,-1,-1,-1
272,15,188.71,573.92,88.27,245.64,0.7482,-1,-1,-1
272,14,259.03,781.30,88.02,258.43,0.7955,-1,-1,-1
272,10,471.24,395.22,77.05,221.95,0.6209,-1,-1,-1
272,9,385.75,469.45,80.03,225.96,0.6606,-1,-1,-1
272,7,945.75,921.86,80.71,157.26,0.7809,-1,-1,-1
272,4,1422.32,575.53,79.59,241.58,0.6123,-1,-1,-1
272,3,1721.37,456.44,73.53,210.59,0.6152,-1,-1,-1
273,15,190.08,574.65,92.72,247.38,0.6789,-1,-1,-1
273,14,257.35,781.05,92.62,263.63,0.8005,-1,-1,-1
273,10,470.76,395.96,75.49,221.60,0.6172,-1,-1,-1
273,9,387.53,465.44,78.01,226.40,0.6373,-1,-1,-1
273,7,945.49,922.20,81.40,157.05,0.7728,-1,-1,-1
274,15,192.51,576.31,93.05,249.26,0.7098,-1,-1,-1
274,14,262.70,785.65,93.53,264.93,0.7946,-1,-1,-1
274,9,386.54,461.91,79.08,229.41,0.6828,-1,-1,-1
274,7,945.83,922.38,81.06,157.25,0.7545,-1,-1,-1
275,15,194.01,578.13,94.71,250.65,0.7829,-1,-1,-1
275,14,267.12,780.77,92.27,271.22,0.7147,-1,-1,-1
275,9,385.94,462.06,79.75,227.51,0.6716,-1,-1,-1
275,7,944.50,922.41,82.79,157.26,0.7749,-1,-1,-1
276,15,195.17,577.14,94.05,249.38,0.7793,-1,-1,-1
276,14,271.41,782.89,91.24,272.20,0.7175,-1,-1,-1
276,9,386.78,460.46,78.82,228.35,0.7180,-1,-1,-1
276,7,943.74,923.06,83.61,156.65,0.8098,-1,-1,-1
276,4,1432.15,578.61,74.87,242.73,0.6470,-1,-1,-1
276,3,1721.02,455.99,73.47,210.83,0.6303,-1,-1,-1
277,16,557.39,408.87,65.26,204.06,0.7161,-1,-1,-1
277,15,196.30,575.77,89.58,250.81,0.7667,-1,-1,-1
277,14,272.70,783.81,87.78,278.09,0.7408,-1,-1,-1
277,10,468.57,400.33,71.18,216.06,0.7408,-1,-1,-1
277,9,387.81,459.37,79.44,229.65,0.6732,-1,-1,-1
277,7,943.59,923.74,83.81,155.38,0.8209,-1,-1,-1
277,3,1720.58,456.00,73.91,211.73,0.6161,-1,-1,-1
278,16,555.28,410.31,66.36,205.15,0.7073,-1,-1,-1
278,15,198.00,574.73,85.33,252.56,0.7751,-1,-1,-1
278,14,275.00,790.09,81.73,272.26,0.7228,-1,-1,-1
278,10,468.00,401.30,69.25,216.05,0.7267,-1,-1,-1
278,9,387.91,459.59,80.83,227.59,0.6635,-1,-1,-1
278,7,943.51,923.85,84.00,154.59,0.8297,-1,-1,-1
279,16,554.65,412.21,65.76,204.67,0.7255,-1,-1,-1
279,15,202.47,576.35,77.97,251.61,0.7198,-1,-1,-1
279,14,276.77,794.37,83.09,278.69,0.7280,-1,-1,-1
279,10,468.57,402.59,67.62,213.92,0.7605,-1,-1,-1
279,9,387.17,458.63,82.84,230.41,0.6516,-1,-1,-1
279,7,942.76,924.18,84.83,154.53,0.8209,-1,-1,-1
280,16,553.36,415.26,67.02,207.32,0.7289,-1,-1,-1
280,15,205.19,578.91,73.46,250.25,0.6464,-1,-1,-1
280,14,277.00,797.56,82.92,277.83,0.7267,-1,-1,-1
280,10,468.28,403.16,66.26,214.37,0.7715,-1,-1,-1
280,9,388.23,457.64,81.54,231.86,0.6795,-1,-1,-1
280,7,941.84,924.66,86.20,153.70,0.8245,-1,-1,-1
281,17,292.03,730.25,108.83,140.75,0.6556,-1,-1,-1
281,16,552.91,417.96,65.73,206.72,0.7262,-1,-1,-1
281,15,208.92,579.83,71.57,251.18,0.6977,-1,-1,-1
281,14,280.08,798.57,83.62,276.78,0.7392,-1,-1,-1
281,10,467.36,404.95,65.45,213.08,0.7244,-1,-1,-1
281,9,390.13,457.08,78.86,230.20,0.7097,-1,-1,-1
281,7,941.19,923.89,86.43,155.11,0.8323,-1,-1,-1
281,3,1721.29,455.76,73.12,212.79,0.6196,-1,-1,-1
282,17,297.01,733.81,108.81,138.27,0.6275,-1,-1,-1
282,16,551.78,419.22,65.45,204.31,0.7528,-1,-1,-1
282,15,215.86,579.40,66.13,253.68,0.6962,-1,-1,-1
282,14,282.11,800.32,83.51,275.75,0.8014,-1,-1,-1
282,10,466.69,406.46,65.91,210.76,0.7359,-1,-1,-1
282,9,389.89,455.67,77.17,228.72,0.7417,-1,-1,-1
282,7,940.51,924.15,87.00,154.36,0.8327,-1,-1,-1
282,3,1721.39,456.40,72.48,213.09,0.6618,-1,-1,-1
283,16,552.48,420.82,62.64,206.27,0.7409,-1,-1,-1
283,15,218.22,578.99,66.77,254.07,0.6682,-1,-1,-1
283,14,283.23,799.01,84.89,277.00,0.7929,-1,-1,-1
283,10,466.69,407.22,64.98,213.02,0.7329,-1,-1,-1
283,9,388.25,451.61,79.56,231.84,0.7333,-1,-1,-1
283,7,940.80,923.95,87.07,154.34,0.8412,-1,-1,-1
283,3,1721.64,455.97,72.97,212.43,0.6670,-1,-1,-1
284,16,550.27,422.12,63.86,209.72,0.7086,-1,-1,-1
284,15,223.84,578.93,63.82,255.44,0.6364,-1,-1,-1
284,14,283.07,800.48,86.90,276.35,0.7997,-1,-1,-1
284,10,465.77,409.23,64.34,215.99,0.6812,-1,-1,-1
284,9,391.19,448.90,76.08,233.31,0.7170,-1,-1,-1
284,7,938.56,923.08,89.37,155.57,0.8326,-1,-1,-1
284,3,1720.99,456.11,73.77,212.66,0.6429,-1,-1,-1
285,16,549.19,422.18,62.21,211.00,0.6953,-1,-1,-1
285,15,227.71,579.11,63.45,254.29,0.6113,-1,-1,-1
285,14,284.07,801.53,88.17,275.38,0.7939,-1,-1,-1
285,10,465.90,409.79,63.75,217.96,0.6620,-1,-1,-1
285,9,391.54,447.52,75.21,233.49,0.7120,-1,-1,-1
285,7,937.74,922.58,89.54,155.61,0.8407,-1,-1,-1
285,3,1721.39,456.21,74.09,211.57,0.6545,-1,-1,-1
286,16,547.44,424.02,63.96,210.88,0.6848,-1,-1,-1
286,15,231.85,576.95,62.96,257.25,0.6059,-1,-1,-1
286,14,284.20,800.01,91.87,276.58,0.7540,-1,-1,-1
286,10,464.96,410.90,63.99,223.83,0.6731,-1,-1,-1
286,9,391.64,445.11,74.63,233.05,0.7058,-1,-1,-1
286,7,939.80,922.28,86.26,156.28,0.8273,-1,-1,-1
286,3,1722.13,455.77,72.90,211.92,0.6814,-1,-1,-1
287,16,545.58,425.01,65.02,211.82,0.6681,-1,-1,-1
287,14,285.44,807.95,93.21,267.01,0.8314,-1,-1,-1
287,10,464.87,412.18,63.15,224.25,0.6802,-1,-1,-1
287,9,391.62,443.30,75.26,225.88,0.6506,-1,-1,-1
287,7,939.34,922.53,85.97,156.21,0.8447,-1,-1,-1
287,3,1721.94,456.06,72.64,211.18,0.6633,-1,-1,-1
288,14,286.28,812.17,94.37,266.75,0.8377,-1,-1,-1
288,10,463.91,413.82,63.82,220.54,0.6552,-1,-1,-1
288,9,392.74,440.90,73.39,223.29,0.6761,-1,-1,-1
288,7,940.36,921.89,83.80,156.52,0.8231,-1,-1,-1
288,3,1722.18,456.42,72.30,210.84,0.6695,-1,-1,-1
289,14,288.55,814.90,94.07,265.10,0.8235,-1,-1,-1
289,10,463.22,415.33,63.90,221.30,0.6456,-1,-1,-1
289,9,392.95,438.95,73.27,222.98,0.6963,-1,-1,-1
289,7,940.92,921.23,80.82,156.97,0.8176,-1,-1,-1
289,3,1721.29,455.25,73.29,213.72,0.6433,-1,-1,-1
290,15,236.39,581.43,67.03,251.52,0.6628,-1,-1,-1
290,14,290.74,818.36,97.54,261.64,0.8006,-1,-1,-1
290,10,462.43,416.46,64.20,223.16,0.6695,-1,-1,-1
290,9,389.50,437.07,76.38,224.21,0.6759,-1,-1,-1
290,7,941.54,920.40,78.24,157.09,0.8175,-1,-1,-1
290,3,1721.74,455.73,73.01,212.27,0.6344,-1,-1,-1
291,16,538.10,427.37,68.26,209.19,0.7730,-1,-1,-1
291,15,238.75,579.98,67.32,253.48,0.6465,-1,-1,-1
291,14,292.84,821.88,96.58,258.12,0.7906,-1,-1,-1
291,10,462.97,417.06,63.54,223.89,0.6844,-1,-1,-1
291,9,385.19,434.67,81.05,227.07,0.6708,-1,-1,-1
291,7,941.65,920.04,77.46,157.32,0.8185,-1,-1,-1
291,3,1723.19,455.64,72.25,212.66,0.6294,-1,-1,-1
292,16,537.98,429.10,67.79,208.55,0.7597,-1,-1,-1
292,15,241.06,580.29,72.20,252.82,0.6504,-1,-1,-1
292,14,295.32,827.14,101.02,251.50,0.7073,-1,-1,-1
292,10,463.24,418.18,63.37,223.80,0.6346,-1,-1,-1
292,9,384.10,434.83,81.17,227.15,0.6192,-1,-1,-1
292,7,941.86,920.00,75.70,158.01,0.8104,-1,-1,-1
292,3,1721.35,456.57,73.52,211.29,0.6230,-1,-1,-1
293,16,536.77,432.55,68.70,206.36,0.7784,-1,-1,-1
293,15,242.79,581.71,82.92,253.74,0.6845,-1,-1,-1
293,14,295.94,830.75,92.96,247.78,0.7577,-1,-1,-1
293,10,463.17,418.96,64.21,222.94,0.6413,-1,-1,-1
293,7,942.36,918.54,71.03,160.12,0.8086,-1,-1,-1
293,3,1722.16,456.58,72.23,211.59,0.6210,-1,-1,-1
294,16,536.57,433.84,68.32,208.79,0.7985,-1,-1,-1
294,15,242.80,584.41,89.30,251.33,0.7102,-1,-1,-1
294,14,298.22,836.39,90.84,243.06,0.8184,-1,-1,-1
294,10,462.49,419.22,64.51,223.26,0.6780,-1,-1,-1
294,7,942.26,917.97,67.05,161.11,0.8260,-1,-1,-1
294,3,1721.37,455.79,73.13,212.28,0.6192,-1,-1,-1
295,16,535.55,435.65,67.73,209.94,0.7926,-1,-1,-1
295,15,242.88,584.47,93.65,250.19,0.7505,-1,-1,-1
295,14,300.23,839.13,90.71,240.87,0.8011,-1,-1,-1
295,10,462.53,419.49,64.15,221.56,0.6578,-1,-1,-1
295,7,941.02,916.74,65.96,162.87,0.8122,-1,-1,-1
295,3,1721.12,456.25,73.36,212.02,0.6114,-1,-1,-1
296,16,535.54,439.01,66.54,205.40,0.7964,-1,-1,-1
296,15,243.45,584.63,92.27,249.97,0.7584,-1,-1,-1
296,14,301.80,841.61,91.90,238.39,0.8224,-1,-1,-1
296,10,461.70,420.05,64.99,220.80,0.6836,-1,-1,-1
296,7,940.98,915.94,62.96,163.22,0.8229,-1,-1,-1
296,3,1721.71,456.12,72.54,212.44,0.6393,-1,-1,-1
297,16,535.46,441.29,64.49,205.36,0.7892,-1,-1,-1
297,15,244.61,585.55,91.70,248.75,0.7554,-1,-1,-1
297,14,303.20,841.43,92.74,238.57,0.8395,-1,-1,-1
297,10,461.19,421.11,64.36,220.27,0.6787,-1,-1,-1
297,7,940.98,915.29,62.08,164.71,0.8258,-1,-1,-1
297,3,1721.15,456.35,72.57,211.83,0.6096,-1,-1,-1
298,16,535.20,443.01,64.60,201.21,0.6827,-1,-1,-1
298,15,245.47,585.13,90.87,247.84,0.7090,-1,-1,-1
298,14,304.76,843.49,94.33,236.51,0.8494,-1,-1,-1
298,10,460.36,421.70,64.29,218.43,0.6673,-1,-1,-1
298,7,940.80,914.40,62.41,165.34,0.8373,-1,-1,-1
298,3,1722.40,456.77,71.93,211.34,0.6448,-1,-1,-1
299,16,536.18,445.54,62.67,203.16,0.7868,-1,-1,-1
299,15,248.85,583.72,88.42,248.96,0.7671,-1,-1,-1
299,14,305.73,845.00,94.35,235.00,0.8536,-1,-1,-1
299,10,459.22,422.20,64.84,220.32,0.6858,-1,-1,-1
299,7,939.41,913.95,63.17,165.09,0.8437,-1,-1,-1
299,3,1721.81,457.25,72.28,210.82,0.6282,-1,-1,-1
300,16,535.60,446.60,63.18,204.61,0.8063,-1,-1,-1
300,15,249.54,583.71,89.78,247.91,0.7654,-1,-1,-1
300,14,307.18,845.93,96.06,234.07,0.8385,-1,-1,-1
300,10,458.42,423.35,65.50,221.53,0.6940,-1,-1,-1
300,7,939.60,914.25,61.77,165.11,0.8306,-1,-1,-1
300,4,1463.97,589.71,104.95,240.25,0.7186,-1,-1,-1
300,3,1722.75,456.31,71.38,212.73,0.6307,-1,-1,-1
301,16,536.25,446.69,62.44,207.03,0.8164,-1,-1,-1
301,15,250.97,581.89,89.72,249.67,0.7253,-1,-1,-1
301,14,307.51,846.94,97.18,233.06,0.8262,-1,-1,-1
301,10,458.13,426.28,65.18,221.51,0.7062,-1,-1,-1
301,9,383.63,421.80,76.81,224.24,0.6303,-1,-1,-1
301,7,941.48,913.79,58.62,165.75,0.8036,-1,-1,-1
301,4,1466.32,587.99,103.00,242.34,0.7161,-1,-1,-1
301,3,1722.15,457.20,71.55,210.96,0.6418,-1,-1,-1
302,16,535.90,447.29,62.44,204.92,0.7966,-1,-1,-1
302,15,253.90,580.71,88.83,251.56,0.7253,-1,-1,-1
302,14,308.79,847.25,99.12,232.75,0.8198,-1,-1,-1
302,10,458.18,427.59,64.36,222.17,0.6572,-1,-1,-1
302,7,941.35,912.05,58.07,167.65,0.7854,-1,-1,-1
302,4,1468.96,587.81,101.65,243.53,0.6510,-1,-1,-1
302,3,1722.67,456.29,71.59,213.15,0.6583,-1,-1,-1
303,16,535.77,447.75,63.47,209.19,0.8083,-1,-1,-1
303,15,258.68,579.50,87.38,252.90,0.6699,-1,-1,-1
303,14,310.51,847.34,98.15,232.66,0.8248,-1,-1,-1
303,10,458.31,429.41,62.80,222.20,0.6913,-1,-1,-1
303,7,940.70,912.53,57.60,166.75,0.7722,-1,-1,-1
303,3,1722.41,456.41,71.65,212.38,0.6398,-1,-1,-1
304,16,535.44,448.73,63.93,207.17,0.7961,-1,-1,-1
304,15,266.58,579.95,82.96,250.60,0.6400,-1,-1,-1
304,14,312.48,849.62,98.33,230.38,0.8037,-1,-1,-1
304,10,456.42,430.90,63.18,220.22,0.6686,-1,-1,-1
304,7,939.70,911.50,59.24,168.50,0.7682,-1,-1,-1
304,3,1722.56,455.96,71.77,214.30,0.6303,-1,-1,-1
305,18,233.41,391.53,59.08,192.02,0.6000,-1,-1,-1
305,16,535.51,449.43,63.82,208.17,0.7949,-1,-1,-1
305,15,276.47,580.56,76.10,248.94,0.6220,-1,-1,-1
305,14,316.13,851.76,96.91,228.24,0.8381,-1,-1,-1
305,10,453.62,432.81,66.98,224.31,0.7341,-1,-1,-1
305,9,390.67,408.40,70.09,223.46,0.6180,-1,-1,-1
305,7,937.24,909.96,61.47,170.04,0.7812,-1,-1,-1
305,3,1721.69,456.34,71.98,213.03,0.6250,-1,-1,-1
306,18,232.74,390.61,59.84,192.33,0.6449,-1,-1,-1
306,16,534.17,449.98,64.45,203.70,0.7759,-1,-1,-1
306,15,288.33,580.88,69.28,248.06,0.6094,-1,-1,-1
306,14,319.60,859.21,91.53,220.79,0.8410,-1,-1,-1
306,10,452.18,434.35,66.74,225.29,0.7388,-1,-1,-1
306,7,934.29,909.36,65.31,170.64,0.7813,-1,-1,-1
306,3,1722.14,457.26,71.56,212.49,0.6248,-1,-1,-1
307,18,232.10,387.36,59.89,193.30,0.6391,-1,-1,-1
307,16,532.67,449.86,65.43,206.64,0.7915,-1,-1,-1
307,15,296.66,579.52,70.57,247.56,0.6416,-1,-1,-1
307,14,319.84,862.34,94.22,217.66,0.8518,-1,-1,-1
307,10,450.42,437.43,67.04,225.61,0.7888,-1,-1,-1
307,7,932.96,908.23,67.34,171.77,0.7773,-1,-1,-1
307,3,1721.94,455.91,72.22,214.00,0.6245,-1,-1,-1
308,18,230.51,385.72,60.88,190.21,0.6551,-1,-1,-1
308,17,361.34,785.19,104.06,153.68,0.7349,-1,-1,-1
308,16,530.46,452.18,67.23,204.18,0.8062,-1,-1,-1
308,15,303.79,580.43,70.21,244.61,0.7183,-1,-1,-1
308,14,322.24,867.75,94.98,212.25,0.8435,-1,-1,-1
308,10,449.34,438.83,66.24,224.41,0.7961,-1,-1,-1
308,7,930.72,908.31,70.24,171.69,0.7887,-1,-1,-1
308,3,1722.55,456.30,71.71,213.83,0.6373,-1,-1,-1
309,18,231.06,383.35,60.64,188.96,0.6090,-1,-1,-1
309,17,364.25,790.42,105.77,151.82,0.7722,-1,-1,-1
309,16,528.90,455.26,68.16,209.11,0.8056,-1,-1,-1
309,15,307.88,579.70,77.41,248.59,0.7286,-1,-1,-1
309,14,324.68,872.17,93.30,207.83,0.8451,-1,-1,-1
309,10,448.73,440.02,64.97,225.95,0.7719,-1,-1,-1
309,7,929.33,907.50,72.01,172.50,0.8005,-1,-1,-1
309,3,1721.90,455.20,71.90,214.76,0.6523,-1,-1,-1
310,18,230.63,381.71,59.79,187.35,0.6187,-1,-1,-1
310,17,365.74,794.74,106.69,149.30,0.7164,-1,-1,-1
310,16,528.09,456.07,67.72,211.08,0.8122,-1,-1,-1
310,15,311.28,579.43,80.68,249.42,0.7846,-1,-1,-1
310,14,327.78,873.23,93.48,206.77,0.8270,-1,-1,-1
310,10,447.35,440.78,64.51,225.02,0.6991,-1,-1,-1
310,7,927.56,908.19,74.65,171.81,0.8140,-1,-1,-1
310,4,1487.22,588.38,96.73,244.94,0.6250,-1,-1,-1
310,3,1722.04,454.92,71.68,213.91,0.6567,-1,-1,-1
311,17,367.55,798.35,108.27,145.92,0.7377,-1,-1,-1
311,16,527.55,457.45,66.59,212.61,0.7919,-1,-1,-1
311,15,314.66,580.13,83.69,246.50,0.8342,-1,-1,-1
311,14,330.74,876.28,95.25,203.72,0.8153,-1,-1,-1
311,7,927.09,907.45,75.04,172.55,0.8325,-1,-1,-1
311,4,1488.14,590.29,103.10,243.53,0.6625,-1,-1,-1
311,3,1722.17,454.95,71.82,214.44,0.6466,-1,-1,-1
312,17,368.84,800.45,108.91,148.02,0.7093,-1,-1,-1
312,16,527.12,461.13,66.15,214.94,0.7856,-1,-1,-1
312,15,316.68,581.96,90.45,243.03,0.8392,-1,-1,-1
312,14,333.70,876.72,97.06,203.28,0.8112,-1,-1,-1
312,7,927.14,906.21,75.22,173.79,0.8240,-1,-1,-1
312,4,1489.50,594.21,101.55,238.47,0.7010,-1,-1,-1
312,3,1722.57,455.67,71.54,213.02,0.6773,-1,-1,-1
313,17,370.48,803.76,108.76,146.93,0.6907,-1,-1,-1
313,16,527.52,463.62,64.97,213.61,0.7644,-1,-1,-1
313,15,317.92,583.97,93.94,241.41,0.8461,-1,-1,-1
313,14,337.49,881.03,99.04,198.97,0.8102,-1,-1,-1
313,7,926.80,905.79,76.05,174.21,0.8241,-1,-1,-1
313,4,1491.95,598.27,102.16,235.81,0.6775,-1,-1,-1
313,3,1723.28,454.55,71.30,213.99,0.6687,-1,-1,-1
314,17,370.92,807.43,110.66,147.83,0.6615,-1,-1,-1
314,16,527.07,464.55,64.06,215.00,0.7571,-1,-1,-1
314,15,317.74,584.68,97.62,240.64,0.8417,-1,-1,-1
314,14,341.71,885.09,95.63,194.91,0.8102,-1,-1,-1
314,10,440.47,443.01,66.02,225.58,0.6916,-1,-1,-1
314,7,926.95,905.61,77.08,174.39,0.8259,-1,-1,-1
314,4,1494.37,599.25,101.34,235.06,0.6122,-1,-1,-1
314,3,1723.33,455.10,71.25,213.99,0.6703,-1,-1,-1
315,16,526.46,465.83,63.24,215.02,0.7362,-1,-1,-1
315,15,317.20,585.26,106.67,240.74,0.8314,-1,-1,-1
315,14,343.55,887.55,96.20,192.45,0.8212,-1,-1,-1
315,10,438.95,444.41,66.54,223.04,0.7119,-1,-1,-1
315,7,925.60,905.32,77.77,174.68,0.8301,-1,-1,-1
315,4,1497.64,601.99,96.10,232.34,0.6246,-1,-1,-1
315,3,1723.04,454.74,71.49,214.19,0.6581,-1,-1,-1
316,16,524.73,466.94,63.44,219.83,0.7317,-1,-1,-1
316,15,317.86,585.26,111.82,240.01,0.8213,-1,-1,-1
316,14,345.57,891.28,94.27,188.72,0.8168,-1,-1,-1
316,10,437.69,445.83,66.45,224.16,0.7395,-1,-1,-1
316,7,926.06,905.81,77.26,174.19,0.8252,-1,-1,-1
316,4,1502.26,601.46,92.77,234.48,0.6975,-1,-1,-1
316,3,1722.99,455.16,71.71,214.86,0.6243,-1,-1,-1
317,18,228.55,375.98,63.38,186.76,0.6265,-1,-1,-1
317,16,522.16,469.12,64.25,220.00,0.7649,-1,-1,-1
317,15,317.84,584.71,115.31,242.01,0.7897,-1,-1,-1
317,14,348.44,891.09,92.94,188.91,0.8149,-1,-1,-1
317,10,435.86,445.77,66.38,224.39,0.7302,-1,-1,-1
317,7,926.11,906.39,77.97,173.61,0.8264,-1,-1,-1
317,4,1507.44,601.72,85.39,234.67,0.6054,-1,-1,-1
317,3,1722.98,454.58,71.59,215.35,0.6577,-1,-1,-1
318,18,229.57,375.68,61.47,184.11,0.6044,-1,-1,-1
318,16,520.67,468.17,64.46,218.94,0.7722,-1,-1,-1
318,15,319.20,584.79,112.67,241.13,0.8262,-1,-1,-1
318,14,351.12,892.62,95.26,187.38,0.8144,-1,-1,-1
318,10,435.82,448.35,66.18,228.67,0.7247,-1,-1,-1
318,7,925.82,905.99,78.11,174.01,0.8213,-1,-1,-1
318,4,1512.07,599.89,84.59,238.85,0.6245,-1,-1,-1
318,3,1723.19,454.70,71.44,214.37,0.6717,-1,-1,-1
319,18,230.78,374.20,60.55,186.87,0.6349,-1,-1,-1
319,16,516.46,468.29,67.41,218.98,0.8011,-1,-1,-1
319,15,319.45,583.69,114.34,241.57,0.8292,-1,-1,-1
319,14,352.86,893.51,96.77,186.49,0.8128,-1,-1,-1
319,10,435.03,451.63,66.83,232.17,0.7497,-1,-1,-1
319,7,927.32,906.17,76.42,173.83,0.8097,-1,-1,-1
319,3,1724.14,455.40,69.89,214.42,0.6894,-1,-1,-1
320,18,231.71,373.10,59.87,187.10,0.6316,-1,-1,-1
320,16,514.73,469.14,68.62,219.00,0.8083,-1,-1,-1
320,15,324.10,582.70,110.86,241.33,0.8158,-1,-1,-1
320,14,354.27,893.95,103.28,186.05,0.7684,-1,-1,-1
320,10,434.85,457.13,67.19,232.00,0.7220,-1,-1,-1
320,7,929.95,906.67,74.15,173.33,0.8129,-1,-1,-1
320,3,1723.55,454.60,70.71,214.86,0.7056,-1,-1,-1
321,18,233.16,372.16,58.10,186.56,0.6020,-1,-1,-1
321,16,513.53,469.86,68.45,220.06,0.7834,-1,-1,-1
321,15,327.15,581.66,104.32,242.52,0.7879,-1,-1,-1
321,14,356.73,895.24,106.75,184.76,0.8101,-1,-1,-1
321,10,431.45,459.28,70.05,232.20,0.6612,-1,-1,-1
321,7,929.47,907.81,74.39,172.19,0.8035,-1,-1,-1
321,3,1723.34,454.68,70.70,214.91,0.6624,-1,-1,-1
322,16,512.23,471.44,69.08,216.73,0.8235,-1,-1,-1
322,15,332.27,579.32,95.67,245.42,0.8063,-1,-1,-1
322,14,357.43,899.38,103.61,180.62,0.7736,-1,-1,-1
322,10,430.73,461.61,70.58,227.67,0.7140,-1,-1,-1
322,7,932.13,907.48,71.25,172.52,0.7995,-1,-1,-1
322,3,1723.04,456.08,70.93,212.87,0.6926,-1,-1,-1
323,16,512.36,471.59,69.52,217.77,0.8257,-1,-1,-1
323,15,341.82,578.70,86.11,244.68,0.7364,-1,-1,-1
323,14,359.91,902.42,99.28,177.58,0.8299,-1,-1,-1
323,10,429.70,463.03,71.64,228.31,0.7161,-1,-1,-1
323,7,935.16,906.95,66.96,173.05,0.7662,-1,-1,-1
323,3,1723.32,455.15,71.33,213.99,0.6990,-1,-1,-1
324,16,510.87,472.33,70.87,217.14,0.8284,-1,-1,-1
324,15,349.50,579.20,81.96,243.97,0.7337,-1,-1,-1
324,14,361.17,910.05,97.59,169.95,0.8033,-1,-1,-1
324,10,427.63,463.94,73.97,228.03,0.7425,-1,-1,-1
324,7,936.65,907.59,64.66,172.41,0.7722,-1,-1,-1
324,3,1723.34,455.98,71.16,213.39,0.7134,-1,-1,-1
325,16,510.22,475.20,70.67,214.21,0.8420,-1,-1,-1
325,15,357.01,578.85,76.05,242.46,0.7690,-1,-1,-1
325,14,365.41,915.87,96.75,164.13,0.8001,-1,-1,-1
325,10,428.31,463.23,73.11,229.77,0.7771,-1,-1,-1
325,7,936.48,908.54,65.08,171.46,0.7722,-1,-1,-1
325,3,1723.50,455.59,71.46,212.72,0.7089,-1,-1,-1
326,16,510.09,476.23,71.01,217.13,0.8420,-1,-1,-1
326,15,371.07,578.72,67.91,243.44,0.7409,-1,-1,-1
326,14,366.63,918.61,96.48,161.39,0.7852,-1,-1,-1
326,10,427.60,465.06,74.17,229.58,0.7740,-1,-1,-1
326,7,939.60,909.75,60.46,170.25,0.7345,-1,-1,-1
326,3,1723.14,456.03,72.18,212.90,0.7422,-1,-1,-1
327,16,510.05,477.23,69.58,221.76,0.8331,-1,-1,-1
327,15,377.62,577.05,66.56,246.07,0.6352,-1,-1,-1
327,14,367.69,918.96,100.58,161.04,0.8022,-1,-1,-1
327,10,425.80,465.16,75.29,229.81,0.7803,-1,-1,-1
327,7,940.94,909.72,57.35,170.20,0.7256,-1,-1,-1
327,3,1723.33,455.88,71.82,212.39,0.7465,-1,-1,-1
328,16,508.78,478.72,69.79,223.06,0.8350,-1,-1,-1
328,15,384.77,576.06,66.05,248.29,0.6831,-1,-1,-1
328,14,368.81,922.82,97.15,157.18,0.7836,-1,-1,-1
328,10,425.47,465.57,75.67,229.40,0.7330,-1,-1,-1
328,7,941.36,911.44,57.03,167.25,0.7334,-1,-1,-1
328,3,1723.76,457.29,71.52,211.87,0.7473,-1,-1,-1
329,18,232.64,354.91,60.18,189.36,0.6499,-1,-1,-1
329,16,508.79,482.93,68.92,222.13,0.8228,-1,-1,-1
329,15,388.32,578.12,68.21,247.19,0.6704,-1,-1,-1
329,14,370.34,924.89,97.14,155.11,0.7773,-1,-1,-1
329,10,421.88,467.42,79.36,228.11,0.6873,-1,-1,-1
329,7,942.66,912.46,57.66,166.29,0.7526,-1,-1,-1
329,3,1723.97,455.79,71.39,213.02,0.7221,-1,-1,-1
330,18,232.22,354.08,59.61,188.12,0.6607,-1,-1,-1
330,16,509.11,485.48,68.13,220.48,0.8389,-1,-1,-1
330,14,373.40,924.74,93.23,152.79,0.6836,-1,-1,-1
330,10,411.54,469.92,89.52,225.39,0.7124,-1,-1,-1
330,7,941.40,914.18,60.40,164.26,0.7514,-1,-1,-1
330,3,1723.96,456.86,71.74,212.17,0.7466,-1,-1,-1
331,18,231.38,353.24,60.18,194.08,0.6091,-1,-1,-1
331,16,509.13,487.48,66.65,221.02,0.8417,-1,-1,-1
331,14,373.68,924.74,94.89,149.18,0.7516,-1,-1,-1
331,10,396.65,471.65,102.04,350.82,0.6577,-1,-1,-1
331,7,940.28,914.30,63.14,164.77,0.8033,-1,-1,-1
331,3,1722.65,456.35,72.63,211.80,0.7750,-1,-1,-1
332,18,229.66,352.43,61.09,191.79,0.6191,-1,-1,-1
332,17,422.66,848.68,80.16,227.54,0.6912,-1,-1,-1
332,16,508.35,489.64,68.32,221.67,0.8447,-1,-1,-1
332,14,376.39,925.34,91.63,145.78,0.7345,-1,-1,-1
332,10,392.09,474.29,103.16,354.71,0.6776,-1,-1,-1
332,7,941.70,915.26,61.35,163.41,0.7894,-1,-1,-1
332,3,1723.26,458.23,72.40,211.26,0.7638,-1,-1,-1
333,18,230.31,351.80,60.70,195.06,0.6101,-1,-1,-1
333,16,507.42,490.74,68.96,222.96,0.8434,-1,-1,-1
333,14,379.06,925.44,95.79,148.17,0.7753,-1,-1,-1
333,10,391.42,475.60,107.54,353.32,0.7137,-1,-1,-1
333,7,943.34,915.34,60.16,163.20,0.8005,-1,-1,-1
333,3,1723.99,458.32,71.57,210.58,0.7490,-1,-1,-1
334,16,507.21,491.14,68.16,224.68,0.8268,-1,-1,-1
334,14,381.00,928.60,96.84,144.08,0.7600,-1,-1,-1
334,10,392.35,475.23,114.56,354.31,0.7232,-1,-1,-1
334,7,944.17,916.69,60.41,161.40,0.7801,-1,-1,-1
334,3,1723.79,457.00,71.89,213.44,0.7386,-1,-1,-1
335,16,505.60,492.23,68.50,224.28,0.8263,-1,-1,-1
335,14,383.87,931.43,98.02,142.39,0.7231,-1,-1,-1
335,10,389.71,477.92,120.88,350.28,0.7651,-1,-1,-1
335,7,944.76,918.58,60.83,160.33,0.7803,-1,-1,-1
335,3,1724.26,457.00,71.66,212.58,0.7413,-1,-1,-1
336,16,504.47,492.39,69.23,223.18,0.8240,-1,-1,-1
336,14,387.83,934.92,94.64,136.63,0.7048,-1,-1,-1
336,10,398.93,479.18,116.90,350.16,0.7741,-1,-1,-1
336,7,945.19,918.62,61.64,159.80,0.7781,-1,-1,-1
336,3,1723.30,456.36,72.18,212.83,0.7570,-1,-1,-1
337,16,504.70,492.55,68.86,222.70,0.8123,-1,-1,-1
337,14,389.80,941.14,94.91,133.35,0.7311,-1,-1,-1
337,10,400.75,483.34,124.35,346.78,0.7777,-1,-1,-1
337,7,948.63,919.13,59.61,158.98,0.7349,-1,-1,-1
337,3,1724.11,456.19,71.38,211.53,0.7393,-1,-1,-1
338,16,504.13,492.50,69.06,222.25,0.8142,-1,-1,-1
338,14,391.42,944.77,95.05,130.01,0.7833,-1,-1,-1
338,10,402.40,485.01,124.93,344.51,0.7831,-1,-1,-1
338,7,948.42,921.24,61.62,156.53,0.7633,-1,-1,-1
338,4,1543.14,615.06,79.03,240.50,0.6620,-1,-1,-1
338,3,1723.78,456.17,72.07,212.03,0.7098,-1,-1,-1
339,16,503.77,493.55,67.61,222.32,0.7730,-1,-1,-1
339,14,394.29,949.37,94.39,126.69,0.8175,-1,-1,-1
339,10,402.03,484.29,123.29,343.06,0.8083,-1,-1,-1
339,7,950.20,922.26,62.75,155.41,0.7647,-1,-1,-1
339,4,1543.60,616.00,79.67,241.20,0.6947,-1,-1,-1
339,3,1723.36,457.17,72.31,210.55,0.7241,-1,-1,-1
340,18,222.71,344.13,63.84,182.81,0.6186,-1,-1,-1
340,17,439.61,872.45,113.31,151.50,0.7680,-1,-1,-1
340,16,500.56,496.35,70.91,217.42,0.7491,-1,-1,-1
340,14,397.47,951.45,94.07,126.99,0.8276,-1,-1,-1
340,10,402.01,485.37,125.58,342.06,0.7645,-1,-1,-1
340,7,950.79,923.01,63.04,154.72,0.7564,-1,-1,-1
340,4,1544.79,615.12,79.21,241.79,0.6792,-1,-1,-1
340,3,1723.29,455.20,72.35,213.76,0.7377,-1,-1,-1
341,18,222.89,342.38,63.23,182.73,0.6009,-1,-1,-1
341,17,440.40,876.43,115.47,147.03,0.7900,-1,-1,-1
341,16,498.04,497.44,71.57,216.29,0.7658,-1,-1,-1
341,14,400.34,955.42,94.35,122.06,0.8014,-1,-1,-1
341,7,950.95,924.05,63.33,153.69,0.7606,-1,-1,-1
341,4,1544.78,616.02,80.89,241.28,0.7430,-1,-1,-1
341,3,1723.27,455.92,72.25,213.67,0.7286,-1,-1,-1
342,18,220.34,340.98,64.90,185.10,0.6162,-1,-1,-1
342,17,440.57,879.31,118.60,145.01,0.7653,-1,-1,-1
342,16,496.26,499.70,73.28,214.75,0.7653,-1,-1,-1
342,14,403.28,961.71,95.73,116.26,0.7884,-1,-1,-1
342,7,951.08,924.09,65.80,153.68,0.7532,-1,-1,-1
342,4,1545.03,617.90,81.41,237.31,0.7376,-1,-1,-1
342,3,1723.72,456.41,72.26,212.00,0.7535,-1,-1,-1
343,18,218.91,340.09,67.33,185.11,0.6036,-1,-1,-1
343,17,439.00,882.46,121.92,144.11,0.7449,-1,-1,-1
343,16,493.33,500.87,75.77,215.23,0.7423,-1,-1,-1
343,14,405.00,963.94,96.92,114.10,0.7741,-1,-1,-1
343,7,951.36,925.02,65.73,152.14,0.7636,-1,-1,-1
343,4,1544.79,617.46,83.41,238.20,0.7079,-1,-1,-1
343,3,1723.80,455.79,71.69,213.25,0.7162,-1,-1,-1
344,18,219.68,339.60,66.11,186.01,0.6545,-1,-1,-1
344,17,444.63,883.84,118.30,145.57,0.7569,-1,-1,-1
344,16,495.28,501.77,72.59,212.67,0.6812,-1,-1,-1
344,14,407.82,965.49,95.45,111.09,0.7671,-1,-1,-1
344,10,399.69,487.32,77.09,239.17,0.7023,-1,-1,-1
344,7,951.37,924.91,67.42,151.57,0.7558,-1,-1,-1
344,4,1545.61,617.52,84.73,235.46,0.7131,-1,-1,-1
344,3,1723.02,456.68,72.40,212.11,0.7123,-1,-1,-1
345,18,218.94,338.93,65.74,185.44,0.6162,-1,-1,-1
345,17,448.05,885.27,117.13,151.55,0.7286,-1,-1,-1
345,14,410.42,965.21,98.23,110.94,0.7147,-1,-1,-1
345,10,398.88,488.01,77.48,237.01,0.7464,-1,-1,-1
345,7,952.00,925.75,68.09,150.31,0.7649,-1,-1,-1
345,4,1545.95,618.58,84.87,237.42,0.7077,-1,-1,-1
345,3,1722.67,455.89,72.62,211.94,0.7125,-1,-1,-1
346,18,218.35,337.91,68.21,186.97,0.6171,-1,-1,-1
346,17,453.16,885.77,111.60,154.25,0.7340,-1,-1,-1
346,14,413.03,965.39,105.29,111.94,0.7305,-1,-1,-1
346,10,396.15,487.65,79.51,234.41,0.7694,-1,-1,-1
346,7,952.28,926.46,69.11,149.93,0.7837,-1,-1,-1
346,4,1547.38,619.99,85.70,235.08,0.6724,-1,-1,-1
346,3,1723.28,455.07,72.89,213.65,0.7182,-1,-1,-1
347,17,455.06,887.83,108.42,155.01,0.7404,-1,-1,-1
347,14,414.44,965.94,102.26,111.68,0.7030,-1,-1,-1
347,10,395.92,489.55,79.84,231.85,0.7969,-1,-1,-1
347,7,951.58,927.56,71.43,148.75,0.7792,-1,-1,-1
347,4,1546.91,619.43,88.28,236.79,0.6566,-1,-1,-1
347,3,1724.38,455.52,72.23,215.30,0.7162,-1,-1,-1
348,17,456.41,889.35,105.09,163.57,0.7223,-1,-1,-1
348,14,415.96,967.61,102.05,109.74,0.7039,-1,-1,-1
348,10,393.91,490.36,80.51,231.32,0.8123,-1,-1,-1
348,7,951.47,927.60,71.51,149.37,0.8010,-1,-1,-1
348,3,1723.63,455.00,72.58,214.71,0.7019,-1,-1,-1
349,17,458.94,891.52,99.87,171.94,0.7007,-1,-1,-1
349,14,417.62,969.99,101.58,107.89,0.6928,-1,-1,-1
349,10,393.54,490.05,78.56,231.82,0.8110,-1,-1,-1
349,7,951.52,928.03,74.57,147.94,0.8095,-1,-1,-1
349,3,1723.97,454.81,71.91,214.51,0.6843,-1,-1,-1
350,21,1001.13,409.27,62.87,195.45,0.7244,-1,-1,-1
350,17,462.50,893.76,91.28,166.01,0.6208,-1,-1,-1
350,15,478.52,577.22,76.07,242.81,0.6868,-1,-1,-1
350,14,419.10,972.75,102.89,105.48,0.6939,-1,-1,-1
350,10,391.64,491.92,79.04,231.49,0.7550,-1,-1,-1
350,7,950.78,929.08,76.50,146.88,0.7924,-1,-1,-1
350,3,1723.42,454.52,72.38,213.50,0.6959,-1,-1,-1
351,21,1003.61,408.50,62.40,195.98,0.7044,-1,-1,-1
351,14,420.63,976.51,102.58,101.72,0.6836,-1,-1,-1
351,10,392.19,494.01,77.44,232.72,0.7391,-1,-1,-1
351,7,950.81,930.26,78.75,147.01,0.7975,-1,-1,-1
351,3,1723.90,454.74,71.83,214.03,0.6825,-1,-1,-1
352,21,1008.29,408.80,60.69,194.75,0.7099,-1,-1,-1
352,14,422.75,980.09,106.68,98.37,0.7056,-1,-1,-1
352,7,950.21,930.17,80.04,147.92,0.7840,-1,-1,-1
352,3,1723.70,453.78,72.87,214.85,0.7003,-1,-1,-1
353,21,1008.45,409.53,64.61,195.85,0.7697,-1,-1,-1
353,7,950.83,930.52,80.91,147.96,0.8064,-1,-1,-1
353,3,1723.36,455.06,72.37,215.14,0.7102,-1,-1,-1
354,21,1011.79,412.25,65.88,195.62,0.6960,-1,-1,-1
354,15,480.16,578.96,113.22,238.15,0.7901,-1,-1,-1
354,7,951.44,931.08,80.55,147.32,0.8055,-1,-1,-1
354,3,1723.25,454.99,72.34,215.52,0.6723,-1,-1,-1
355,21,1014.64,415.91,67.41,193.92,0.6431,-1,-1,-1
355,15,479.81,582.21,114.69,235.41,0.8101,-1,-1,-1
355,10,388.32,500.65,81.29,236.24,0.7758,-1,-1,-1
355,7,951.08,929.78,82.16,148.43,0.8063,-1,-1,-1
355,3,1723.76,455.13,70.59,214.19,0.6996,-1,-1,-1
356,15,480.47,578.70,115.79,239.02,0.7778,-1,-1,-1
356,10,386.79,503.01,80.18,236.45,0.8022,-1,-1,-1
356,7,951.90,929.03,80.48,147.90,0.8051,-1,-1,-1
356,3,1723.45,455.43,70.90,214.05,0.7088,-1,-1,-1
357,15,482.74,574.91,115.59,242.83,0.7471,-1,-1,-1
357,10,385.38,504.53,79.86,237.29,0.7932,-1,-1,-1
357,7,952.80,927.85,80.38,149.58,0.7911,-1,-1,-1
357,3,1723.34,454.36,71.23,214.12,0.6983,-1,-1,-1
358,15,485.68,579.23,114.39,238.10,0.7981,-1,-1,-1
358,10,384.11,505.66,80.19,242.39,0.8056,-1,-1,-1
358,7,953.92,927.74,78.72,149.72,0.7731,-1,-1,-1
358,3,1723.86,454.60,70.95,214.51,0.7018,-1,-1,-1
359,15,487.32,578.88,111.19,237.87,0.7847,-1,-1,-1
359,10,382.74,506.59,80.58,243.25,0.7981,-1,-1,-1
359,7,954.56,927.32,79.01,150.10,0.7758,-1,-1,-1
359,3,1723.21,453.72,71.70,215.23,0.7029,-1,-1,-1
360,15,492.68,580.63,106.69,236.22,0.7523,-1,-1,-1
360,10,381.26,507.31,80.07,243.23,0.8324,-1,-1,-1
360,7,955.84,926.71,77.48,151.37,0.7731,-1,-1,-1
360,3,1723.39,454.08,71.44,214.02,0.7323,-1,-1,-1
361,15,501.96,577.62,97.49,238.94,0.7654,-1,-1,-1
361,10,380.20,508.64,79.43,242.39,0.8315,-1,-1,-1
361,7,956.85,926.29,77.07,152.02,0.7698,-1,-1,-1
361,3,1723.09,454.15,72.32,214.63,0.7355,-1,-1,-1
362,17,494.20,927.26,92.51,152.74,0.7204,-1,-1,-1
362,15,512.01,576.75,91.05,236.38,0.7558,-1,-1,-1
362,10,377.97,509.81,78.82,240.12,0.8224,-1,-1,-1
362,7,959.15,926.40,74.14,152.08,0.7344,-1,-1,-1
362,4,1567.80,626.56,89.73,251.37,0.6518,-1,-1,-1
362,3,1723.31,454.38,72.92,214.12,0.6996,-1,-1,-1
363,17,496.03,929.36,98.08,150.64,0.7009,-1,-1,-1
363,15,516.38,576.82,92.12,232.74,0.7476,-1,-1,-1
363,10,376.99,509.20,77.46,241.34,0.8358,-1,-1,-1
363,7,960.93,926.27,72.55,152.01,0.6917,-1,-1,-1
363,4,1571.02,630.18,85.44,247.00,0.6554,-1,-1,-1
363,3,1723.46,454.35,72.31,213.64,0.7092,-1,-1,-1
364,17,500.52,932.21,101.81,147.79,0.7300,-1,-1,-1
364,16,472.99,538.58,63.83,221.38,0.8096,-1,-1,-1
364,15,526.52,576.16,84.68,237.41,0.7709,-1,-1,-1
364,10,374.86,511.14,77.63,239.65,0.8251,-1,-1,-1
364,7,963.04,925.49,71.57,153.55,0.7156,-1,-1,-1
364,4,1572.29,627.11,86.17,251.80,0.6334,-1,-1,-1
364,3,1722.38,453.84,72.88,214.20,0.6845,-1,-1,-1
365,17,503.77,935.01,104.32,144.99,0.7416,-1,-1,-1
365,16,470.66,539.52,64.24,225.52,0.8258,-1,-1,-1
365,15,537.90,574.43,76.83,238.96,0.7375,-1,-1,-1
365,10,370.67,512.33,79.39,237.62,0.8189,-1,-1,-1
365,7,963.63,923.64,70.88,155.88,0.7440,-1,-1,-1
365,4,1574.37,630.85,84.03,246.50,0.6475,-1,-1,-1
365,3,1723.45,453.76,72.05,214.02,0.6841,-1,-1,-1
366,21,1047.32,430.04,67.90,195.81,0.6996,-1,-1,-1
366,17,507.39,937.70,104.88,142.30,0.7431,-1,-1,-1
366,16,469.53,540.57,63.81,229.87,0.8286,-1,-1,-1
366,15,545.07,572.90,72.85,240.30,0.8078,-1,-1,-1
366,10,365.72,512.22,82.96,237.67,0.8428,-1,-1,-1
366,7,965.66,923.12,70.29,156.66,0.7681,-1,-1,-1
366,3,1722.82,454.29,71.85,213.11,0.6731,-1,-1,-1
367,21,1050.50,430.74,67.18,194.51,0.6788,-1,-1,-1
367,17,509.08,942.17,106.92,137.82,0.7211,-1,-1,-1
367,16,468.26,541.29,63.48,231.52,0.8315,-1,-1,-1
367,15,546.55,572.34,73.59,243.42,0.8108,-1,-1,-1
367,10,361.70,514.44,85.79,236.03,0.8444,-1,-1,-1
367,7,966.74,921.63,69.82,157.23,0.7816,-1,-1,-1
367,3,1722.57,454.61,71.57,213.52,0.6508,-1,-1,-1
368,21,1054.47,432.15,67.21,197.71,0.7344,-1,-1,-1
368,17,511.44,945.18,108.62,134.29,0.6476,-1,-1,-1
368,16,466.65,541.57,64.99,231.46,0.8392,-1,-1,-1
368,15,547.68,572.15,77.37,241.38,0.8094,-1,-1,-1
368,10,358.65,515.09,87.83,235.72,0.8489,-1,-1,-1
368,7,968.49,921.49,69.80,158.02,0.7642,-1,-1,-1
368,3,1722.16,454.40,74.96,213.32,0.6795,-1,-1,-1
369,22,440.54,311.15,68.88,209.96,0.6188,-1,-1,-1
369,21,1057.05,432.85,68.96,194.75,0.6946,-1,-1,-1
369,17,512.88,946.41,112.10,131.93,0.6375,-1,-1,-1
369,16,465.95,541.76,64.70,230.65,0.8238,-1,-1,-1
369,15,547.30,573.14,80.74,240.97,0.8030,-1,-1,-1
369,10,355.17,515.87,91.09,240.80,0.8348,-1,-1,-1
369,7,969.36,921.34,70.61,158.66,0.7830,-1,-1,-1
369,3,1722.57,454.97,76.80,211.75,0.6497,-1,-1,-1
370,21,1059.73,434.60,67.92,199.96,0.6684,-1,-1,-1
370,17,514.97,951.18,115.84,127.04,0.7086,-1,-1,-1
370,16,464.48,541.98,65.83,230.40,0.8196,-1,-1,-1
370,15,546.97,573.09,85.14,240.92,0.7757,-1,-1,-1
370,10,352.21,518.77,91.12,244.31,0.7962,-1,-1,-1
370,7,969.24,919.31,72.82,160.17,0.7769,-1,-1,-1
370,3,1722.70,454.09,74.52,213.59,0.6400,-1,-1,-1
371,21,1062.21,435.46,70.15,200.28,0.7270,-1,-1,-1
371,17,515.87,955.08,117.75,124.28,0.7344,-1,-1,-1
371,16,463.25,541.96,65.93,230.82,0.8069,-1,-1,-1
371,15,547.34,572.60,96.54,241.87,0.7464,-1,-1,-1
371,10,348.06,522.24,93.16,243.10,0.7669,-1,-1,-1
371,7,970.04,917.17,73.67,162.19,0.7345,-1,-1,-1
371,3,1722.38,454.05,75.66,212.98,0.6243,-1,-1,-1
372,21,1063.96,439.08,70.87,203.96,0.7219,-1,-1,-1
372,17,517.48,959.11,116.90,120.34,0.7330,-1,-1,-1
372,16,461.66,542.28,66.74,229.35,0.8078,-1,-1,-1
372,15,548.94,571.38,108.72,243.58,0.7372,-1,-1,-1
372,10,347.62,525.18,93.51,242.32,0.7915,-1,-1,-1
372,7,970.47,916.99,76.85,162.42,0.7881,-1,-1,-1
372,3,1721.48,455.06,78.32,212.49,0.6031,-1,-1,-1
373,21,1066.66,440.94,70.01,203.84,0.7609,-1,-1,-1
373,17,518.35,962.47,116.49,117.53,0.7190,-1,-1,-1
373,16,459.72,543.70,66.97,228.98,0.7938,-1,-1,-1
373,15,550.06,571.26,110.60,243.53,0.7152,-1,-1,-1
373,10,346.46,527.27,92.30,238.38,0.7656,-1,-1,-1
373,7,971.84,915.50,77.43,163.32,0.7879,-1,-1,-1
374,21,1073.20,442.73,65.50,202.16,0.7511,-1,-1,-1
374,17,521.40,964.32,113.67,115.68,0.7057,-1,-1,-1
374,16,457.11,545.68,68.33,225.07,0.7907,-1,-1,-1
374,15,555.16,569.58,107.56,244.78,0.7293,-1,-1,-1
374,10,344.55,527.91,91.13,238.31,0.7704,-1,-1,-1
374,7,972.38,915.45,77.82,163.75,0.7901,-1,-1,-1
375,21,1076.93,443.80,66.74,203.56,0.7186,-1,-1,-1
375,17,525.26,966.02,109.74,113.98,0.6942,-1,-1,-1
375,16,454.93,547.31,70.93,221.88,0.8217,-1,-1,-1
375,15,560.45,568.05,108.44,247.07,0.6268,-1,-1,-1
375,10,343.16,528.89,91.65,237.76,0.7574,-1,-1,-1
375,7,972.87,914.15,78.44,165.72,0.7855,-1,-1,-1
376,21,1079.30,444.50,67.50,201.19,0.6957,-1,-1,-1
376,17,529.87,968.82,104.22,111.18,0.6820,-1,-1,-1
376,16,453.91,549.64,69.32,223.53,0.8408,-1,-1,-1
376,15,565.07,565.71,105.28,250.97,0.6240,-1,-1,-1
376,10,340.27,532.38,91.99,234.17,0.7468,-1,-1,-1
376,7,974.57,912.57,77.92,167.43,0.7851,-1,-1,-1
376,3,1720.82,453.89,73.91,212.97,0.6359,-1,-1,-1
377,23,913.92,506.81,67.74,206.97,0.6945,-1,-1,-1
377,22,447.25,303.45,69.73,211.59,0.7205,-1,-1,-1
377,21,1080.70,446.91,67.60,201.30,0.7057,-1,-1,-1
377,17,530.66,968.99,102.81,111.01,0.6996,-1,-1,-1
377,16,453.37,551.05,68.65,227.93,0.8483,-1,-1,-1
377,15,568.74,564.72,104.23,249.92,0.6524,-1,-1,-1
377,10,338.75,533.72,91.43,231.17,0.7517,-1,-1,-1
377,7,972.29,911.65,82.29,168.35,0.7700,-1,-1,-1
377,3,1720.94,453.10,74.14,212.93,0.6521,-1,-1,-1
378,23,915.49,507.69,65.87,206.27,0.6719,-1,-1,-1
378,22,447.25,302.48,72.11,210.35,0.7231,-1,-1,-1
378,21,1085.21,449.02,66.09,197.97,0.7510,-1,-1,-1
378,17,533.30,971.02,100.09,108.98,0.6865,-1,-1,-1
378,16,452.48,553.52,68.59,229.95,0.8507,-1,-1,-1
378,10,338.16,534.45,89.90,230.19,0.7609,-1,-1,-1
378,7,973.94,910.16,82.13,169.84,0.7812,-1,-1,-1
378,3,1720.57,453.09,75.57,213.87,0.6383,-1,-1,-1
379,24,850.13,491.64,68.62,229.64,0.6398,-1,-1,-1
379,23,916.06,507.36,65.89,206.81,0.6675,-1,-1,-1
379,22,446.74,300.79,72.88,208.75,0.7422,-1,-1,-1
379,21,1091.92,447.66,62.91,201.56,0.7530,-1,-1,-1
379,17,535.78,972.61,96.97,107.38,0.6275,-1,-1,-1
379,16,451.42,555.49,69.48,233.25,0.8404,-1,-1,-1
379,10,337.82,535.79,88.63,227.20,0.7594,-1,-1,-1
379,7,974.08,909.85,83.93,170.15,0.7834,-1,-1,-1
379,3,1720.28,453.44,76.96,213.28,0.6491,-1,-1,-1
380,22,447.25,299.35,72.49,205.07,0.6603,-1,-1,-1
380,16,449.94,559.22,68.62,229.86,0.8441,-1,-1,-1
380,10,336.55,536.78,88.99,227.06,0.7497,-1,-1,-1
380,7,974.90,908.98,84.32,170.88,0.7715,-1,-1,-1
380,3,1720.55,453.41,76.05,212.83,0.6318,-1,-1,-1
381,22,447.42,297.99,72.01,202.36,0.7122,-1,-1,-1
381,16,450.02,561.83,67.33,234.51,0.8470,-1,-1,-1
381,7,975.66,907.99,84.01,171.98,0.7644,-1,-1,-1
381,3,1720.99,452.96,74.17,213.40,0.6573,-1,-1,-1
382,22,447.48,294.88,73.00,203.01,0.7204,-1,-1,-1
382,16,448.86,562.19,67.95,235.92,0.8469,-1,-1,-1
382,7,975.79,907.38,84.57,171.94,0.7809,-1,-1,-1
382,3,1720.21,454.05,73.90,211.10,0.6007,-1,-1,-1
383,22,447.28,292.00,74.09,203.79,0.6859,-1,-1,-1
383,21,1099.05,450.07,66.05,197.49,0.7035,-1,-1,-1
383,16,447.32,562.67,69.45,237.20,0.8525,-1,-1,-1
383,7,977.98,906.49,82.65,172.44,0.7594,-1,-1,-1
384,22,447.51,289.95,74.42,205.95,0.7183,-1,-1,-1
384,21,1099.72,453.48,69.87,197.64,0.7329,-1,-1,-1
384,16,444.69,565.36,70.87,235.56,0.8441,-1,-1,-1
384,7,978.67,906.62,83.23,172.69,0.7671,-1,-1,-1
385,22,444.47,289.21,77.57,207.77,0.6778,-1,-1,-1
385,21,1101.90,453.54,72.45,200.85,0.6695,-1,-1,-1
385,16,444.79,565.22,70.63,236.94,0.8407,-1,-1,-1
385,10,334.33,541.28,84.08,239.56,0.8341,-1,-1,-1
385,7,980.07,906.12,81.42,173.05,0.7778,-1,-1,-1
386,22,442.93,288.18,80.29,208.47,0.6768,-1,-1,-1
386,16,442.78,566.41,71.05,235.49,0.8116,-1,-1,-1
386,10,332.56,544.27,86.19,239.72,0.8243,-1,-1,-1
386,7,982.19,905.36,78.77,173.56,0.7504,-1,-1,-1
387,22,442.63,288.48,81.86,207.81,0.6940,-1,-1,-1
387,16,442.85,566.71,68.88,233.50,0.8333,-1,-1,-1
387,10,331.66,545.60,86.93,246.40,0.8397,-1,-1,-1
387,7,983.83,904.97,77.31,173.40,0.7348,-1,-1,-1
388,22,442.58,287.66,82.53,208.57,0.6946,-1,-1,-1
388,16,441.37,568.97,69.10,231.88,0.8553,-1,-1,-1
388,10,329.28,549.25,88.27,247.73,0.8597,-1,-1,-1
388,7,983.60,904.77,79.17,174.07,0.6853,-1,-1,-1
389,22,441.07,287.04,83.84,209.21,0.7102,-1,-1,-1
389,21,1111.07,463.07,88.11,201.80,0.6192,-1,-1,-1
389,16,439.03,569.34,71.67,231.01,0.8738,-1,-1,-1
389,10,327.21,551.04,90.06,245.61,0.8774,-1,-1,-1
389,7,983.83,905.16,80.70,173.74,0.7237,-1,-1,-1
390,22,441.02,286.91,83.09,209.02,0.7385,-1,-1,-1
390,16,437.96,568.83,71.53,232.14,0.6335,-1,-1,-1
390,10,324.37,553.29,90.56,245.77,0.8844,-1,-1,-1
390,7,983.09,904.79,81.73,173.91,0.6830,-1,-1,-1
391,22,441.67,284.56,82.48,209.02,0.7403,-1,-1,-1
391,16,435.26,572.28,72.72,230.51,0.8865,-1,-1,-1
391,10,322.64,556.23,91.33,245.94,0.8876,-1,-1,-1
391,7,981.02,904.80,83.16,174.28,0.6741,-1,-1,-1
392,22,443.17,282.51,80.14,210.73,0.7627,-1,-1,-1
392,16,434.74,574.62,72.50,229.37,0.8267,-1,-1,-1
392,10,320.62,556.91,93.03,248.72,0.8982,-1,-1,-1
392,7,979.97,905.33,85.11,173.72,0.7351,-1,-1,-1
393,23,925.59,526.77,71.42,212.04,0.7359,-1,-1,-1
393,22,445.41,279.02,77.94,211.84,0.7678,-1,-1,-1
393,16,433.23,576.91,72.60,232.59,0.8695,-1,-1,-1
393,10,319.60,559.64,93.96,248.02,0.8954,-1,-1,-1
393,7,979.81,906.22,84.74,172.68,0.7573,-1,-1,-1
394,23,926.46,527.62,70.80,211.11,0.7462,-1,-1,-1
394,22,447.43,277.23,75.90,211.87,0.7851,-1,-1,-1
394,16,433.74,579.78,69.06,232.15,0.8647,-1,-1,-1
394,10,319.83,560.72,92.69,247.97,0.8945,-1,-1,-1
394,7,980.79,907.29,83.54,171.46,0.7560,-1,-1,-1
395,23,927.26,528.20,72.99,209.75,0.7673,-1,-1,-1
395,22,449.63,275.29,73.83,209.80,0.7738,-1,-1,-1
395,16,432.68,582.94,68.48,234.75,0.8635,-1,-1,-1
395,10,318.73,561.15,90.91,248.63,0.8945,-1,-1,-1
395,7,981.33,907.17,84.32,171.69,0.7409,-1,-1,-1
396,23,928.37,529.56,72.27,209.27,0.7352,-1,-1,-1
396,22,450.65,273.80,72.10,205.76,0.7836,-1,-1,-1
396,16,431.61,585.22,67.69,233.21,0.8709,-1,-1,-1
396,10,317.56,562.89,86.91,248.68,0.8947,-1,-1,-1
396,7,980.70,908.16,84.89,170.82,0.7594,-1,-1,-1
397,23,928.64,529.60,72.64,207.18,0.7185,-1,-1,-1
397,22,451.89,271.73,70.81,201.67,0.7826,-1,-1,-1
397,16,430.79,586.90,66.00,234.04,0.8754,-1,-1,-1
397,10,316.22,562.87,85.73,249.74,0.8951,-1,-1,-1
397,7,980.45,908.60,85.35,170.74,0.7774,-1,-1,-1
398,24,856.74,518.45,70.71,225.91,0.6350,-1,-1,-1
398,23,931.79,531.03,68.75,205.70,0.7765,-1,-1,-1
398,22,450.98,270.09,72.99,200.27,0.7432,-1,-1,-1
398,16,430.91,589.10,65.24,235.82,0.8709,-1,-1,-1
398,10,313.87,563.84,85.40,248.77,0.8967,-1,-1,-1
398,7,981.93,908.54,82.48,170.73,0.7963,-1,-1,-1
398,3,1720.48,456.46,74.64,210.48,0.6362,-1,-1,-1
399,24,856.63,519.47,71.40,222.06,0.6289,-1,-1,-1
399,23,932.55,532.13,69.30,206.42,0.7667,-1,-1,-1
399,22,452.27,266.69,73.24,202.90,0.7241,-1,-1,-1
399,16,429.81,591.03,66.13,236.18,0.8677,-1,-1,-1
399,10,312.29,564.09,85.20,246.39,0.8976,-1,-1,-1
399,7,983.00,909.58,81.41,169.88,0.8073,-1,-1,-1
399,3,1720.87,456.14,74.40,210.81,0.6228,-1,-1,-1
400,24,857.54,520.48,71.36,224.37,0.6389,-1,-1,-1
400,23,929.57,533.72,72.60,205.92,0.6937,-1,-1,-1
400,22,451.69,266.51,74.05,203.35,0.7209,-1,-1,-1
400,16,428.94,592.19,65.46,236.76,0.8640,-1,-1,-1
400,10,311.55,565.67,84.50,243.01,0.8873,-1,-1,-1
400,7,984.09,910.47,80.36,168.57,0.7975,-1,-1,-1
401,24,857.19,520.40,72.87,227.59,0.6644,-1,-1,-1
401,23,935.07,535.38,68.21,206.86,0.7908,-1,-1,-1
401,22,450.76,266.22,75.68,202.81,0.7223,-1,-1,-1
401,21,1163.85,471.28,69.63,207.38,0.7195,-1,-1,-1
401,16,428.21,593.37,66.62,236.66,0.8504,-1,-1,-1
401,10,309.23,567.19,86.10,238.90,0.8824,-1,-1,-1
401,7,983.23,911.75,78.90,167.28,0.7844,-1,-1,-1
402,24,856.34,522.10,74.13,226.61,0.6497,-1,-1,-1
402,23,934.10,536.36,70.90,210.11,0.6082,-1,-1,-1
402,22,451.57,265.29,75.88,204.58,0.7065,-1,-1,-1
402,21,1165.64,476.34,74.92,199.53,0.6804,-1,-1,-1
402,16,428.24,594.68,65.09,235.72,0.8467,-1,-1,-1
402,10,307.56,568.94,87.54,242.23,0.8703,-1,-1,-1
402,7,984.92,913.32,76.58,166.17,0.7821,-1,-1,-1
403,24,857.13,522.73,74.55,224.55,0.6940,-1,-1,-1
403,23,932.19,538.41,72.99,206.63,0.7323,-1,-1,-1
403,22,451.90,265.17,76.12,204.80,0.7181,-1,-1,-1
403,16,426.99,595.91,64.71,235.60,0.8321,-1,-1,-1
403,10,307.28,572.03,84.77,244.82,0.8461,-1,-1,-1
403,7,984.69,914.50,75.43,165.50,0.8008,-1,-1,-1
404,24,857.32,523.02,75.05,224.49,0.7181,-1,-1,-1
404,23,931.84,540.38,73.19,213.03,0.7323,-1,-1,-1
404,22,452.82,263.89,74.97,207.16,0.7373,-1,-1,-1
404,16,425.62,596.62,66.14,234.88,0.8167,-1,-1,-1
404,10,306.85,575.13,83.84,246.31,0.8501,-1,-1,-1
404,7,985.35,916.48,73.90,163.52,0.7808,-1,-1,-1
405,24,859.40,523.92,76.98,225.43,0.7598,-1,-1,-1
405,23,934.89,541.26,70.92,214.30,0.7603,-1,-1,-1
405,22,452.50,263.73,75.57,206.00,0.7520,-1,-1,-1
405,16,422.32,598.35,68.44,233.52,0.8269,-1,-1,-1
405,10,306.01,576.26,82.25,249.30,0.8398,-1,-1,-1
405,7,984.98,918.85,73.38,161.15,0.7796,-1,-1,-1
406,24,860.89,526.17,76.61,224.90,0.7848,-1,-1,-1
406,23,932.22,543.91,74.24,214.98,0.7719,-1,-1,-1
406,22,451.73,262.92,78.19,203.92,0.7393,-1,-1,-1
406,16,420.01,600.35,69.13,231.02,0.8174,-1,-1,-1
406,10,305.61,578.30,81.80,249.74,0.8253,-1,-1,-1
406,7,983.45,919.22,75.72,160.78,0.7911,-1,-1,-1
407,24,857.98,526.20,78.50,234.91,0.7234,-1,-1,-1
407,23,932.32,546.31,72.81,216.66,0.7933,-1,-1,-1
407,22,453.12,262.86,76.65,203.78,0.7599,-1,-1,-1
407,16,418.06,600.36,67.02,230.86,0.8378,-1,-1,-1
407,10,305.03,580.59,81.13,247.93,0.8207,-1,-1,-1
407,7,982.29,920.95,75.87,158.78,0.7783,-1,-1,-1
408,24,860.18,527.31,76.66,237.29,0.7519,-1,-1,-1
408,23,929.86,547.80,75.05,213.68,0.8036,-1,-1,-1
408,22,453.48,260.91,76.54,205.55,0.7588,-1,-1,-1
408,16,417.04,604.41,70.47,229.87,0.8479,-1,-1,-1
408,10,302.86,583.80,81.51,249.79,0.8217,-1,-1,-1
408,7,981.45,923.32,76.15,155.15,0.7882,-1,-1,-1
409,24,860.63,530.75,77.97,238.79,0.7319,-1,-1,-1
409,23,932.19,549.13,72.79,211.78,0.8002,-1,-1,-1
409,22,456.30,259.96,74.02,202.97,0.7486,-1,-1,-1
409,16,415.21,609.40,70.50,230.60,0.8546,-1,-1,-1
409,10,301.65,586.02,81.14,249.55,0.8300,-1,-1,-1
409,7,980.80,924.49,76.76,154.26,0.7586,-1,-1,-1
410,24,861.14,533.18,74.31,242.22,0.7139,-1,-1,-1
410,23,933.29,551.03,71.55,211.42,0.8061,-1,-1,-1
410,22,457.96,259.23,72.56,199.69,0.7576,-1,-1,-1
410,16,413.68,610.68,69.91,234.18,0.8340,-1,-1,-1
410,10,297.47,586.85,85.17,250.93,0.8500,-1,-1,-1
410,7,980.53,925.45,76.49,153.22,0.7686,-1,-1,-1
411,24,863.05,535.63,72.97,244.58,0.7512,-1,-1,-1
411,23,933.44,551.18,70.79,210.44,0.7853,-1,-1,-1
411,22,457.61,256.92,72.39,197.25,0.7774,-1,-1,-1
411,16,411.43,613.65,70.13,233.31,0.8248,-1,-1,-1
411,10,296.89,588.21,83.67,248.61,0.8533,-1,-1,-1
411,7,978.78,925.80,79.06,152.49,0.7596,-1,-1,-1
412,24,862.24,538.31,72.68,233.46,0.7486,-1,-1,-1
412,23,935.78,552.80,68.64,209.49,0.7587,-1,-1,-1
412,22,456.00,253.61,73.73,198.63,0.7546,-1,-1,-1
412,16,406.17,615.02,73.41,235.88,0.8511,-1,-1,-1
412,10,295.44,588.53,82.83,248.15,0.8538,-1,-1,-1
412,7,978.14,925.69,81.54,153.35,0.7760,-1,-1,-1
412,3,1721.96,444.59,72.83,224.35,0.6580,-1,-1,-1
413,24,864.36,539.23,72.06,240.65,0.7293,-1,-1,-1
413,23,937.60,552.51,68.16,210.23,0.7311,-1,-1,-1
413,22,455.22,250.79,74.26,200.17,0.7554,-1,-1,-1
413,16,406.41,617.06,72.09,234.58,0.8666,-1,-1,-1
413,10,292.25,590.34,85.18,246.21,0.8491,-1,-1,-1
413,7,976.85,927.17,83.56,151.04,0.7667,-1,-1,-1
413,3,1722.95,448.54,72.02,220.93,0.6266,-1,-1,-1
414,24,865.51,540.20,71.00,244.11,0.7276,-1,-1,-1
414,23,929.50,556.15,77.58,205.23,0.7604,-1,-1,-1
414,22,452.52,248.64,76.04,202.55,0.7650,-1,-1,-1
414,16,406.09,618.88,71.33,235.86,0.8511,-1,-1,-1
414,10,291.41,590.46,85.36,246.43,0.8447,-1,-1,-1
414,7,976.47,927.37,84.87,150.91,0.7747,-1,-1,-1
415,24,865.72,542.11,69.32,240.94,0.7093,-1,-1,-1
415,23,931.79,556.97,77.64,206.21,0.7174,-1,-1,-1
415,22,450.08,249.06,79.04,199.76,0.7246,-1,-1,-1
415,21,1221.01,487.98,71.84,207.66,0.6577,-1,-1,-1
415,16,403.80,619.96,71.06,238.59,0.8062,-1,-1,-1
415,10,290.10,592.51,85.44,244.17,0.8523,-1,-1,-1
415,7,976.96,928.96,87.08,149.16,0.7943,-1,-1,-1
416,24,866.23,542.82,70.18,242.86,0.6597,-1,-1,-1
416,23,932.95,558.48,76.52,207.36,0.7255,-1,-1,-1
416,22,449.32,248.89,79.45,199.29,0.7119,-1,-1,-1
416,16,401.59,621.15,72.53,238.34,0.8284,-1,-1,-1
416,10,290.23,593.39,84.85,241.29,0.8624,-1,-1,-1
416,7,975.72,929.07,88.64,149.03,0.8032,-1,-1,-1
417,23,931.79,561.21,78.91,205.41,0.6798,-1,-1,-1
417,22,447.14,250.01,81.23,198.04,0.7085,-1,-1,-1
417,16,398.61,624.40,73.19,234.42,0.8247,-1,-1,-1
417,10,288.80,596.44,86.74,239.35,0.8418,-1,-1,-1
417,7,975.80,930.41,89.15,147.54,0.7854,-1,-1,-1
418,23,931.76,563.44,80.20,207.10,0.6580,-1,-1,-1
418,22,446.13,249.57,82.06,199.17,0.6537,-1,-1,-1
418,16,395.52,624.47,73.47,236.11,0.8441,-1,-1,-1
418,10,287.61,597.86,87.32,241.28,0.7216,-1,-1,-1
418,7,974.50,930.85,91.51,147.50,0.7833,-1,-1,-1
419,23,940.00,563.57,74.35,212.59,0.6261,-1,-1,-1
419,22,446.99,248.88,81.41,200.27,0.6645,-1,-1,-1
419,16,393.89,624.21,72.95,236.22,0.7197,-1,-1,-1
419,10,288.06,598.92,86.55,248.19,0.6588,-1,-1,-1
419,7,973.43,931.62,93.73,146.55,0.7921,-1,-1,-1
420,25,1576.08,617.48,102.06,237.64,0.6586,-1,-1,-1
420,23,944.09,565.91,70.86,212.35,0.6318,-1,-1,-1
420,22,447.09,248.68,81.68,199.52,0.6469,-1,-1,-1
420,16,392.33,625.38,74.31,234.78,0.7690,-1,-1,-1
420,10,288.19,599.82,86.06,252.68,0.8339,-1,-1,-1
420,7,973.69,931.55,95.49,147.06,0.7746,-1,-1,-1
421,25,1575.07,624.48,100.97,230.38,0.6087,-1,-1,-1
421,22,446.37,245.77,82.22,201.05,0.7115,-1,-1,-1
421,16,392.93,626.59,72.97,233.13,0.8929,-1,-1,-1
421,10,286.76,601.93,87.70,255.26,0.8315,-1,-1,-1
421,7,973.87,932.31,94.16,146.59,0.7766,-1,-1,-1
422,22,447.02,244.28,79.45,202.71,0.7239,-1,-1,-1
422,16,392.70,629.42,73.35,229.85,0.8950,-1,-1,-1
422,10,286.40,604.31,90.46,257.61,0.8204,-1,-1,-1
422,7,974.63,931.56,93.42,147.21,0.7913,-1,-1,-1
423,16,391.48,632.53,73.98,230.28,0.8960,-1,-1,-1
423,10,286.67,607.15,90.84,257.22,0.8184,-1,-1,-1
423,7,975.75,931.15,93.15,147.24,0.7656,-1,-1,-1
424,23,946.29,576.37,74.27,208.88,0.7005,-1,-1,-1
424,16,387.39,634.31,81.08,234.46,0.8816,-1,-1,-1
424,10,286.59,609.48,89.01,256.78,0.8357,-1,-1,-1
424,7,976.36,932.08,92.17,146.35,0.7796,-1,-1,-1
425,23,946.40,576.00,74.56,209.55,0.7013,-1,-1,-1
425,16,386.29,635.28,80.71,236.40,0.8826,-1,-1,-1
425,10,285.80,611.14,90.70,258.84,0.8125,-1,-1,-1
425,7,978.20,931.97,91.54,146.91,0.7700,-1,-1,-1
425,3,1720.85,454.99,75.70,213.52,0.6133,-1,-1,-1
426,26,740.17,560.06,78.91,239.00,0.7493,-1,-1,-1
426,23,946.64,576.44,75.68,210.22,0.7078,-1,-1,-1
426,22,445.65,236.89,76.85,197.92,0.7144,-1,-1,-1
426,16,385.58,637.21,79.61,236.66,0.8657,-1,-1,-1
426,10,285.50,613.29,91.16,258.07,0.8133,-1,-1,-1
426,7,979.79,932.08,91.51,147.30,0.7818,-1,-1,-1
426,3,1721.02,455.18,75.17,213.23,0.6444,-1,-1,-1
427,26,742.37,559.97,78.29,242.51,0.6633,-1,-1,-1
427,23,948.68,577.30,76.02,210.79,0.6931,-1,-1,-1
427,22,446.10,236.48,76.47,194.57,0.7019,-1,-1,-1
427,16,383.82,639.63,86.58,239.08,0.7921,-1,-1,-1
427,10,283.45,614.32,93.53,258.53,0.7922,-1,-1,-1
427,7,981.15,930.75,90.68,148.92,0.7812,-1,-1,-1
427,3,1720.08,457.16,76.37,211.50,0.6171,-1,-1,-1
428,26,744.94,561.10,82.49,242.70,0.7052,-1,-1,-1
428,23,951.51,577.31,75.29,212.12,0.6895,-1,-1,-1
428,22,446.20,233.60,75.91,193.73,0.7125,-1,-1,-1
428,16,383.81,642.67,71.45,237.58,0.8562,-1,-1,-1
428,10,282.49,615.75,92.86,257.98,0.8000,-1,-1,-1
428,7,982.28,930.26,91.21,149.27,0.8010,-1,-1,-1
428,3,1717.99,458.93,78.19,208.48,0.6284,-1,-1,-1
429,26,747.53,561.66,85.97,249.00,0.7862,-1,-1,-1
429,23,955.74,579.87,71.96,210.42,0.7521,-1,-1,-1
429,22,445.09,233.39,77.13,193.08,0.6735,-1,-1,-1
429,16,382.65,644.73,71.17,238.79,0.8543,-1,-1,-1
429,10,280.51,617.62,94.89,255.68,0.8194,-1,-1,-1
429,7,983.61,930.70,90.21,148.77,0.8051,-1,-1,-1
429,3,1719.35,456.26,76.88,213.39,0.6583,-1,-1,-1
430,26,749.61,562.82,87.29,245.89,0.7852,-1,-1,-1
430,23,956.96,581.53,73.34,207.22,0.7411,-1,-1,-1
430,22,445.67,231.34,76.25,193.87,0.6249,-1,-1,-1
430,16,379.91,646.86,71.22,243.55,0.8476,-1,-1,-1
430,10,280.27,619.23,92.78,254.97,0.8155,-1,-1,-1
430,7,988.20,929.72,86.30,149.59,0.7748,-1,-1,-1
430,3,1720.96,460.57,75.14,207.52,0.6140,-1,-1,-1
431,26,751.56,563.15,87.01,245.06,0.8052,-1,-1,-1
431,23,960.50,582.85,70.70,206.64,0.7615,-1,-1,-1
431,22,444.87,229.81,75.90,194.70,0.6356,-1,-1,-1
431,16,377.97,648.82,71.98,241.77,0.8601,-1,-1,-1
431,10,281.17,620.16,91.44,253.24,0.8352,-1,-1,-1
431,7,989.37,928.86,85.41,150.45,0.7664,-1,-1,-1
431,3,1722.05,458.95,73.80,209.34,0.6320,-1,-1,-1
432,26,753.32,564.36,86.90,246.73,0.8274,-1,-1,-1
432,23,961.53,582.80,70.78,208.29,0.7537,-1,-1,-1
432,22,444.33,227.87,76.36,196.91,0.6510,-1,-1,-1
432,16,377.89,649.90,72.89,240.49,0.8481,-1,-1,-1
432,10,280.08,622.01,91.71,249.49,0.8279,-1,-1,-1
432,7,991.81,927.27,82.94,152.02,0.7700,-1,-1,-1
432,3,1721.56,458.70,74.45,209.66,0.6221,-1,-1,-1
433,26,754.58,564.79,86.56,249.67,0.8049,-1,-1,-1
433,24,876.00,569.65,73.99,223.87,0.6816,-1,-1,-1
433,23,963.75,583.55,70.23,211.85,0.7308,-1,-1,-1
433,22,444.07,227.19,76.98,197.48,0.6799,-1,-1,-1
433,16,376.43,651.83,72.72,239.83,0.8231,-1,-1,-1
433,10,279.71,622.30,88.81,248.56,0.8375,-1,-1,-1
433,7,993.08,928.03,82.92,150.99,0.7517,-1,-1,-1
433,3,1721.25,459.62,75.16,209.17,0.6065,-1,-1,-1
434,26,756.06,566.56,85.27,249.39,0.8287,-1,-1,-1
434,24,879.78,570.25,71.93,224.89,0.7168,-1,-1,-1
434,23,963.62,586.14,71.87,212.67,0.7451,-1,-1,-1
434,22,444.93,226.37,75.93,198.37,0.6684,-1,-1,-1
434,16,374.25,652.58,75.38,239.29,0.8262,-1,-1,-1
434,10,279.17,623.69,89.23,247.63,0.8212,-1,-1,-1
434,7,995.40,928.24,82.46,150.42,0.7948,-1,-1,-1
435,26,758.16,566.59,82.49,249.71,0.8160,-1,-1,-1
435,24,879.52,571.02,74.07,221.62,0.7139,-1,-1,-1
435,23,965.50,587.02,69.82,218.78,0.7315,-1,-1,-1
435,22,444.48,225.68,76.03,199.24,0.6730,-1,-1,-1
435,16,371.58,652.78,75.64,241.47,0.8220,-1,-1,-1
435,10,278.50,624.56,88.95,247.93,0.8339,-1,-1,-1
435,7,997.64,926.69,81.69,152.04,0.7687,-1,-1,-1
436,26,758.98,566.92,81.58,250.53,0.7921,-1,-1,-1
436,24,880.52,572.56,72.74,211.16,0.7440,-1,-1,-1
436,23,967.79,587.81,69.25,225.39,0.7434,-1,-1,-1
436,22,444.48,225.11,75.94,200.19,0.7031,-1,-1,-1
436,16,369.84,653.72,74.32,240.07,0.8362,-1,-1,-1
436,10,277.17,625.53,89.15,251.77,0.8408,-1,-1,-1
436,7,999.20,926.59,83.04,151.71,0.7500,-1,-1,-1
437,26,759.74,566.91,81.89,250.93,0.7933,-1,-1,-1
437,24,881.95,573.23,72.38,220.26,0.7739,-1,-1,-1
437,23,967.37,590.04,69.16,225.09,0.7320,-1,-1,-1
437,22,446.02,223.79,73.82,199.29,0.6937,-1,-1,-1
437,16,369.40,654.93,74.07,238.25,0.8512,-1,-1,-1
437,10,275.48,627.90,89.85,257.24,0.8587,-1,-1,-1
437,7,1001.15,925.21,83.26,153.31,0.7745,-1,-1,-1
438,26,761.94,567.30,79.35,251.76,0.7910,-1,-1,-1
438,24,882.08,574.02,72.99,226.82,0.8039,-1,-1,-1
438,23,966.88,592.31,71.79,225.96,0.6899,-1,-1,-1
438,22,446.55,224.91,73.51,197.52,0.7009,-1,-1,-1
438,16,369.02,656.37,71.13,238.15,0.8598,-1,-1,-1
438,10,274.20,630.77,88.35,261.94,0.8655,-1,-1,-1
438,7,1004.71,926.07,82.34,152.75,0.7611,-1,-1,-1
439,26,763.77,568.65,78.44,250.70,0.7634,-1,-1,-1
439,24,883.53,575.13,73.81,227.26,0.7915,-1,-1,-1
439,23,966.95,595.78,71.64,224.50,0.6665,-1,-1,-1
439,22,447.82,224.28,72.35,199.52,0.7039,-1,-1,-1
439,16,368.17,657.46,71.20,238.88,0.8737,-1,-1,-1
439,10,275.42,631.79,85.18,262.69,0.8694,-1,-1,-1
439,7,1006.68,926.13,83.58,153.10,0.7444,-1,-1,-1
439,3,1722.39,457.21,73.78,210.35,0.6353,-1,-1,-1
440,26,767.07,568.86,75.48,251.72,0.7842,-1,-1,-1
440,24,884.48,575.83,74.53,224.50,0.7898,-1,-1,-1
440,23,967.33,597.30,73.31,223.92,0.7120,-1,-1,-1
440,22,446.72,222.91,73.70,198.67,0.6954,-1,-1,-1
440,16,367.81,658.65,70.83,241.43,0.8780,-1,-1,-1
440,10,272.17,634.10,88.15,261.97,0.8688,-1,-1,-1
440,7,1008.31,925.94,84.45,153.15,0.7497,-1,-1,-1
440,3,1723.21,456.80,72.86,210.18,0.6599,-1,-1,-1
441,26,771.03,570.00,70.14,251.21,0.7717,-1,-1,-1
441,24,885.05,576.67,74.67,221.69,0.7507,-1,-1,-1
441,23,964.72,599.15,76.26,221.30,0.6248,-1,-1,-1
441,22,446.51,220.03,73.19,199.51,0.7034,-1,-1,-1
441,16,366.26,661.28,71.47,246.21,0.8828,-1,-1,-1
441,10,270.27,636.66,89.40,259.57,0.8760,-1,-1,-1
441,3,1723.31,455.39,72.85,211.88,0.6641,-1,-1,-1
442,26,774.67,570.68,67.62,251.85,0.7640,-1,-1,-1
442,24,885.59,577.59,74.79,226.85,0.7321,-1,-1,-1
442,22,446.53,218.20,72.67,196.67,0.6151,-1,-1,-1
442,16,363.03,663.94,74.34,244.20,0.6893,-1,-1,-1
442,10,266.67,638.83,89.72,260.29,0.8621,-1,-1,-1
442,3,1724.59,455.43,71.34,212.98,0.6657,-1,-1,-1
443,26,776.83,570.94,67.36,251.34,0.7430,-1,-1,-1
443,24,886.21,580.38,75.56,229.19,0.6861,-1,-1,-1
443,22,447.12,217.26,72.54,193.64,0.6069,-1,-1,-1
443,16,358.73,666.42,77.15,244.61,0.8385,-1,-1,-1
443,10,262.77,641.16,90.09,259.89,0.8327,-1,-1,-1
443,3,1724.74,454.48,71.23,213.79,0.6786,-1,-1,-1
444,26,779.54,570.72,67.21,253.83,0.7719,-1,-1,-1
444,24,888.00,583.01,73.17,229.37,0.7277,-1,-1,-1
444,16,358.10,669.46,76.70,245.79,0.8583,-1,-1,-1
444,10,260.12,643.77,91.15,256.83,0.8403,-1,-1,-1
444,7,1015.46,925.03,84.83,154.97,0.8113,-1,-1,-1
444,3,1725.59,455.53,71.20,213.43,0.6664,-1,-1,-1
445,16,358.09,673.58,75.40,241.11,0.8534,-1,-1,-1
445,10,257.14,644.15,91.94,255.85,0.8204,-1,-1,-1
445,7,1016.02,923.52,84.91,156.48,0.8072,-1,-1,-1
445,3,1724.81,454.25,71.57,213.68,0.6467,-1,-1,-1
446,16,356.01,675.89,75.23,243.78,0.8463,-1,-1,-1
446,10,253.65,645.88,94.43,254.19,0.8189,-1,-1,-1
446,7,1019.16,923.39,82.42,155.95,0.8127,-1,-1,-1
446,3,1724.97,454.10,71.01,213.64,0.6313,-1,-1,-1
447,22,443.99,210.54,73.10,195.06,0.6242,-1,-1,-1
447,16,354.25,677.58,75.77,242.99,0.8539,-1,-1,-1
447,10,252.58,647.90,95.29,252.80,0.8353,-1,-1,-1
447,7,1020.01,921.47,82.20,158.53,0.8230,-1,-1,-1
447,3,1722.36,454.62,73.57,214.57,0.6318,-1,-1,-1
448,26,785.86,571.54,75.40,251.25,0.7919,-1,-1,-1
448,24,883.16,591.34,78.25,242.92,0.7855,-1,-1,-1
448,22,442.29,210.14,73.66,194.26,0.6498,-1,-1,-1
448,16,353.05,679.38,74.96,242.05,0.8550,-1,-1,-1
448,10,251.21,648.44,94.82,251.84,0.8511,-1,-1,-1
448,7,1022.30,921.03,80.05,158.96,0.8269,-1,-1,-1
448,3,1720.99,454.35,75.42,215.33,0.6895,-1,-1,-1
449,26,786.79,572.51,75.88,250.12,0.7930,-1,-1,-1
449,24,882.70,594.19,79.84,245.78,0.7920,-1,-1,-1
449,22,442.50,209.69,72.70,194.22,0.6054,-1,-1,-1
449,16,349.70,679.54,76.80,241.87,0.8550,-1,-1,-1
449,10,250.30,649.90,94.58,249.37,0.8545,-1,-1,-1
449,7,1023.01,922.08,80.17,157.87,0.8255,-1,-1,-1
449,3,1721.69,454.07,74.85,214.09,0.6705,-1,-1,-1
450,26,787.55,573.13,76.36,249.11,0.7768,-1,-1,-1
450,24,882.72,594.65,80.64,245.40,0.7687,-1,-1,-1
450,23,969.79,611.19,75.79,211.25,0.7389,-1,-1,-1
450,22,442.38,209.11,71.95,195.52,0.6184,-1,-1,-1
450,16,347.74,679.75,77.73,243.16,0.8480,-1,-1,-1
450,10,249.60,650.89,94.68,247.71,0.8629,-1,-1,-1
450,7,1024.40,920.35,78.69,159.02,0.8257,-1,-1,-1
450,3,1721.40,454.14,74.63,214.42,0.6766,-1,-1,-1
451,26,789.55,575.00,74.15,245.92,0.7698,-1,-1,-1
451,24,882.85,597.64,79.86,243.16,0.7141,-1,-1,-1
451,23,971.93,612.33,74.82,217.35,0.7085,-1,-1,-1
451,16,345.95,680.78,78.16,243.41,0.8378,-1,-1,-1
451,10,250.41,652.98,90.90,245.19,0.8479,-1,-1,-1
451,7,1026.60,921.14,77.20,157.60,0.8026,-1,-1,-1
451,3,1720.26,454.45,75.60,213.56,0.6272,-1,-1,-1
452,26,792.19,574.80,74.36,247.81,0.7661,-1,-1,-1
452,24,886.18,598.30,77.23,244.29,0.7541,-1,-1,-1
452,23,972.81,614.28,76.34,220.80,0.7119,-1,-1,-1
452,16,343.15,682.11,78.59,241.36,0.8564,-1,-1,-1
452,10,250.01,654.45,89.65,250.15,0.8683,-1,-1,-1
452,7,1027.52,921.29,76.42,157.83,0.8124,-1,-1,-1
452,3,1719.82,455.30,76.33,212.13,0.6309,-1,-1,-1
453,26,795.15,576.36,75.38,248.14,0.7280,-1,-1,-1
453,24,890.30,599.80,74.00,241.78,0.7385,-1,-1,-1
453,23,972.84,617.58,76.68,220.71,0.7081,-1,-1,-1
453,16,341.82,682.52,79.15,240.17,0.8500,-1,-1,-1
453,10,249.78,657.30,88.27,252.87,0.8697,-1,-1,-1
453,7,1027.69,920.89,76.36,158.38,0.8124,-1,-1,-1
453,3,1719.41,455.60,77.03,212.05,0.6157,-1,-1,-1
454,26,797.03,577.01,72.32,247.25,0.7180,-1,-1,-1
454,24,884.13,600.55,81.17,241.07,0.7270,-1,-1,-1
454,23,976.86,619.28,73.37,219.72,0.7645,-1,-1,-1
454,16,340.12,683.61,81.78,238.97,0.8600,-1,-1,-1
454,10,248.36,657.96,89.91,256.16,0.8720,-1,-1,-1
454,7,1027.36,920.56,76.70,158.48,0.8233,-1,-1,-1
454,3,1716.99,454.55,78.72,211.24,0.6447,-1,-1,-1
455,26,797.64,578.80,74.34,245.65,0.7290,-1,-1,-1
455,24,886.49,601.19,79.04,235.86,0.7124,-1,-1,-1
455,23,976.64,622.41,76.86,215.19,0.7478,-1,-1,-1
455,16,341.90,685.02,77.30,240.27,0.8722,-1,-1,-1
455,10,247.13,658.87,91.59,259.74,0.8710,-1,-1,-1
455,7,1028.27,921.17,76.81,157.49,0.8160,-1,-1,-1
455,3,1716.57,453.94,79.84,213.65,0.6485,-1,-1,-1
456,26,798.90,580.90,73.99,242.07,0.6871,-1,-1,-1
456,24,885.50,601.47,83.03,236.80,0.7293,-1,-1,-1
456,23,978.66,624.05,76.43,220.00,0.7909,-1,-1,-1
456,16,339.59,686.32,78.63,245.24,0.8993,-1,-1,-1
456,7,1028.56,920.59,77.56,158.63,0.8116,-1,-1,-1
456,3,1717.14,454.16,78.65,213.43,0.6443,-1,-1,-1
457,26,800.90,581.31,71.28,242.27,0.7852,-1,-1,-1
457,24,886.94,602.30,82.86,238.76,0.7508,-1,-1,-1
457,23,979.56,624.97,75.57,222.03,0.7851,-1,-1,-1
457,16,338.72,689.33,76.34,249.05,0.8786,-1,-1,-1
457,7,1028.39,921.04,77.74,157.87,0.8087,-1,-1,-1
457,3,1715.93,454.31,79.60,212.59,0.6680,-1,-1,-1
458,26,802.54,583.44,74.45,241.26,0.7708,-1,-1,-1
458,24,895.31,603.71,76.00,240.14,0.7544,-1,-1,-1
458,23,979.46,625.29,78.30,222.50,0.7793,-1,-1,-1
458,16,337.54,692.74,76.68,247.54,0.8743,-1,-1,-1
458,7,1028.27,920.79,79.35,157.80,0.8103,-1,-1,-1
458,3,1716.28,453.90,79.50,213.51,0.6316,-1,-1,-1
459,26,803.86,583.78,77.19,240.95,0.7465,-1,-1,-1
459,24,896.47,605.73,76.14,239.74,0.7214,-1,-1,-1
459,23,979.62,627.24,80.96,220.90,0.7836,-1,-1,-1
459,16,336.49,696.35,75.91,246.82,0.8759,-1,-1,-1
459,10,244.09,667.03,93.03,265.03,0.8820,-1,-1,-1
459,7,1027.71,920.13,80.19,157.96,0.8029,-1,-1,-1
459,3,1719.21,454.14,77.29,213.19,0.6058,-1,-1,-1
460,26,805.75,583.70,79.45,241.03,0.7809,-1,-1,-1
460,24,897.81,607.18,77.42,243.00,0.7513,-1,-1,-1
460,23,982.23,628.61,77.57,220.99,0.7518,-1,-1,-1
460,16,336.36,699.62,76.20,242.37,0.8559,-1,-1,-1
460,10,243.89,667.91,92.91,265.46,0.8793,-1,-1,-1
460,7,1027.85,920.32,80.51,158.01,0.8104,-1,-1,-1
460,3,1719.04,452.73,77.39,215.25,0.6028,-1,-1,-1
461,26,807.80,582.85,79.32,240.94,0.7788,-1,-1,-1
461,24,898.48,610.33,77.86,242.40,0.7371,-1,-1,-1
461,23,981.25,628.48,81.10,220.66,0.7520,-1,-1,-1
461,16,336.94,702.14,75.80,248.00,0.8543,-1,-1,-1
461,10,243.71,670.52,94.75,262.59,0.8813,-1,-1,-1
461,7,1027.31,921.08,81.29,156.92,0.8164,-1,-1,-1
461,3,1720.53,453.46,76.00,213.75,0.6342,-1,-1,-1
462,26,809.69,583.09,82.03,243.43,0.7607,-1,-1,-1
462,24,899.37,612.11,77.58,241.95,0.7575,-1,-1,-1
462,23,982.15,630.10,81.96,218.81,0.6950,-1,-1,-1
462,16,335.35,703.90,77.19,251.86,0.8476,-1,-1,-1
462,10,242.38,672.05,92.90,261.57,0.8759,-1,-1,-1
462,7,1027.32,920.87,80.58,157.65,0.8096,-1,-1,-1
463,26,811.39,583.20,84.44,244.16,0.7179,-1,-1,-1
463,24,900.95,614.08,76.96,238.50,0.7390,-1,-1,-1
463,23,985.96,631.09,78.47,215.11,0.7657,-1,-1,-1
463,16,335.41,704.46,76.64,253.11,0.8624,-1,-1,-1
463,10,242.25,673.93,91.75,262.14,0.8688,-1,-1,-1
463,7,1026.97,920.98,81.19,157.78,0.7964,-1,-1,-1
464,26,812.21,583.15,87.82,245.54,0.7918,-1,-1,-1
464,16,337.40,705.93,72.82,253.68,0.8571,-1,-1,-1
464,10,240.97,676.12,95.14,260.87,0.8562,-1,-1,-1
464,7,1026.77,920.85,81.14,158.15,0.8002,-1,-1,-1
465,26,812.57,583.70,89.90,244.64,0.7890,-1,-1,-1
465,16,337.40,706.66,69.48,252.92,0.8465,-1,-1,-1
465,10,239.97,678.24,94.29,257.37,0.8539,-1,-1,-1
465,7,1026.41,921.44,80.64,157.88,0.8000,-1,-1,-1
466,26,811.75,584.14,93.75,242.87,0.8207,-1,-1,-1
466,16,335.91,707.16,70.77,252.31,0.8536,-1,-1,-1
466,10,239.46,680.05,86.43,253.57,0.8509,-1,-1,-1
466,7,1026.17,921.23,81.38,157.67,0.8014,-1,-1,-1
467,26,810.36,584.20,95.40,244.79,0.8280,-1,-1,-1
467,24,904.26,618.78,78.16,251.63,0.7313,-1,-1,-1
467,23,990.32,636.84,74.77,221.51,0.7002,-1,-1,-1
467,16,336.17,706.72,69.93,252.77,0.8480,-1,-1,-1
467,10,238.17,681.32,87.25,247.84,0.8492,-1,-1,-1
467,7,1025.71,922.32,81.91,156.59,0.8016,-1,-1,-1
468,26,810.02,584.42,98.04,246.79,0.7822,-1,-1,-1
468,24,906.87,622.18,77.94,238.13,0.7381,-1,-1,-1
468,23,990.17,640.02,75.45,220.42,0.6727,-1,-1,-1
468,16,335.08,708.44,70.56,249.86,0.8289,-1,-1,-1
468,10,236.63,681.76,88.11,249.64,0.6189,-1,-1,-1
468,7,1026.33,922.67,81.17,156.24,0.7972,-1,-1,-1
469,26,808.76,586.34,101.60,246.16,0.6715,-1,-1,-1
469,24,908.42,623.34,77.51,236.03,0.7431,-1,-1,-1
469,23,987.89,641.99,78.17,210.48,0.6531,-1,-1,-1
469,22,447.99,188.78,70.11,188.41,0.6304,-1,-1,-1
469,16,333.62,709.73,72.81,250.47,0.8416,-1,-1,-1
469,10,235.29,682.30,91.35,254.97,0.7414,-1,-1,-1
469,7,1027.23,922.94,79.12,156.27,0.8063,-1,-1,-1
470,26,807.82,586.55,103.08,248.53,0.8153,-1,-1,-1
470,24,911.39,624.78,75.26,233.79,0.6615,-1,-1,-1
470,22,446.68,187.75,72.20,189.57,0.6212,-1,-1,-1
470,16,332.00,711.43,73.47,247.37,0.8645,-1,-1,-1
470,10,233.66,684.95,92.11,259.18,0.8550,-1,-1,-1
470,7,1025.63,922.34,80.36,157.16,0.8009,-1,-1,-1
471,26,807.86,587.22,105.27,251.02,0.7953,-1,-1,-1
471,22,449.05,184.16,70.00,193.98,0.6420,-1,-1,-1
471,16,329.32,713.53,74.99,245.91,0.8606,-1,-1,-1
471,10,231.58,686.70,94.62,264.01,0.8574,-1,-1,-1
471,7,1025.60,923.14,79.51,156.39,0.7864,-1,-1,-1
472,26,808.05,587.89,103.42,253.31,0.8143,-1,-1,-1
472,22,450.82,181.91,67.83,193.99,0.6495,-1,-1,-1
472,16,328.33,715.35,75.88,246.85,0.8737,-1,-1,-1
472,10,230.33,689.17,94.59,267.99,0.8633,-1,-1,-1
472,7,1025.91,923.06,78.31,156.94,0.7658,-1,-1,-1
473,26,807.72,588.10,101.17,254.52,0.8293,-1,-1,-1
473,22,450.23,179.77,69.54,191.54,0.6131,-1,-1,-1
473,16,325.89,719.02,77.34,250.92,0.8684,-1,-1,-1
473,10,228.70,692.36,95.47,268.46,0.8617,-1,-1,-1
473,7,1024.32,924.33,79.91,155.67,0.7796,-1,-1,-1
474,16,324.40,721.78,77.78,255.87,0.8620,-1,-1,-1
474,10,227.09,694.15,95.31,268.37,0.8645,-1,-1,-1
474,7,1024.54,924.80,78.89,155.20,0.7826,-1,-1,-1
475,24,916.96,631.84,76.54,235.99,0.7232,-1,-1,-1
475,16,322.59,725.11,78.55,256.86,0.8551,-1,-1,-1
475,10,225.33,696.96,94.61,269.94,0.8568,-1,-1,-1
475,7,1024.88,925.28,77.27,154.72,0.7839,-1,-1,-1
476,23,995.00,653.88,73.64,224.01,0.6310,-1,-1,-1
476,16,321.80,727.17,77.68,253.22,0.8606,-1,-1,-1
476,10,224.31,700.48,94.59,268.25,0.8507,-1,-1,-1
476,7,1023.88,926.47,78.24,153.53,0.7909,-1,-1,-1
477,26,808.51,589.73,90.55,255.04,0.8734,-1,-1,-1
477,23,996.56,655.47,71.85,223.08,0.6604,-1,-1,-1
477,16,320.45,729.77,76.41,254.89,0.8628,-1,-1,-1
477,10,223.05,702.18,93.84,265.99,0.8534,-1,-1,-1
477,7,1023.54,926.84,78.24,153.16,0.7804,-1,-1,-1
478,26,807.75,590.18,87.74,255.01,0.8736,-1,-1,-1
478,23,998.05,655.80,71.17,221.16,0.6539,-1,-1,-1
478,16,320.86,732.62,75.26,255.73,0.8627,-1,-1,-1
478,10,220.25,703.48,95.24,265.22,0.8457,-1,-1,-1
478,7,1022.89,928.63,77.97,151.37,0.7891,-1,-1,-1
479,26,806.80,591.05,85.22,253.90,0.8706,-1,-1,-1
479,24,914.03,640.24,80.01,237.62,0.7394,-1,-1,-1
479,23,996.66,656.01,73.11,223.39,0.7293,-1,-1,-1
479,16,317.97,734.25,77.84,258.38,0.8573,-1,-1,-1
479,10,220.49,704.00,96.12,264.43,0.8382,-1,-1,-1
479,7,1021.58,929.71,77.82,150.29,0.7791,-1,-1,-1
480,26,805.47,591.99,85.35,253.71,0.8630,-1,-1,-1
480,24,911.33,641.95,84.16,246.28,0.6980,-1,-1,-1
480,23,998.53,657.29,70.75,221.11,0.7162,-1,-1,-1
480,16,313.22,735.90,80.06,256.71,0.8508,-1,-1,-1
480,10,219.87,704.54,93.91,263.39,0.8497,-1,-1,-1
480,7,1019.74,932.39,78.75,147.61,0.7878,-1,-1,-1
481,26,805.24,593.35,83.48,253.07,0.8722,-1,-1,-1
481,24,908.39,645.14,86.31,240.00,0.7402,-1,-1,-1
481,23,992.24,659.43,76.58,222.07,0.7004,-1,-1,-1
481,16,305.82,737.06,85.84,255.56,0.8614,-1,-1,-1
481,10,220.13,704.75,91.66,263.68,0.8442,-1,-1,-1
481,7,1018.98,930.84,79.13,149.16,0.7883,-1,-1,-1
482,26,804.09,594.11,83.43,253.06,0.8650,-1,-1,-1
482,24,907.18,646.81,88.28,251.67,0.7594,-1,-1,-1
482,23,995.34,661.88,73.94,222.68,0.7555,-1,-1,-1
482,16,307.19,737.90,83.57,256.50,0.8648,-1,-1,-1
482,10,220.54,706.51,90.23,261.88,0.8303,-1,-1,-1
482,7,1019.00,932.90,78.93,147.10,0.7824,-1,-1,-1
483,26,801.66,595.19,84.48,251.78,0.8612,-1,-1,-1
483,24,909.12,649.75,85.37,249.42,0.7795,-1,-1,-1
483,23,998.46,664.52,71.99,222.07,0.7471,-1,-1,-1
483,16,303.93,739.33,84.40,255.63,0.8611,-1,-1,-1
483,10,219.49,707.69,90.61,259.71,0.8411,-1,-1,-1
483,7,1018.56,932.93,79.47,147.07,0.7852,-1,-1,-1
484,26,800.39,596.25,86.66,250.74,0.8555,-1,-1,-1
484,24,910.29,649.97,84.30,252.93,0.7666,-1,-1,-1
484,23,998.56,668.42,72.86,223.50,0.7466,-1,-1,-1
484,16,303.38,740.64,83.55,253.99,0.8550,-1,-1,-1
484,10,219.40,709.58,89.32,256.50,0.8221,-1,-1,-1
484,7,1017.77,933.42,80.73,146.58,0.7693,-1,-1,-1
485,26,799.14,596.89,88.12,250.31,0.8649,-1,-1,-1
485,24,912.23,651.04,80.92,249.84,0.7920,-1,-1,-1
485,23,999.19,667.81,73.27,228.47,0.7451,-1,-1,-1
485,16,301.11,742.11,84.40,252.20,0.8618,-1,-1,-1
485,10,218.66,711.43,89.90,256.25,0.8397,-1,-1,-1
485,7,1017.56,933.83,81.36,146.17,0.7570,-1,-1,-1
486,26,798.81,597.13,89.44,251.46,0.8695,-1,-1,-1
486,24,911.15,652.03,81.94,247.76,0.8073,-1,-1,-1
486,23,1001.38,670.36,70.88,223.42,0.7559,-1,-1,-1
486,16,299.65,743.21,84.97,251.18,0.8764,-1,-1,-1
486,10,217.23,713.07,90.28,259.59,0.8563,-1,-1,-1
486,7,1016.50,934.23,82.39,145.77,0.7580,-1,-1,-1
487,26,797.91,597.95,92.87,251.33,0.8731,-1,-1,-1
487,24,911.38,653.08,82.73,244.13,0.8198,-1,-1,-1
487,23,1005.14,672.30,68.33,225.91,0.7523,-1,-1,-1
487,16,301.63,745.10,81.86,249.98,0.8761,-1,-1,-1
487,10,218.05,713.97,90.51,263.94,0.8563,-1,-1,-1
487,7,1017.48,935.04,81.83,144.96,0.7523,-1,-1,-1
488,26,797.05,599.16,93.80,250.50,0.8625,-1,-1,-1
488,24,912.07,654.69,84.07,243.81,0.7727,-1,-1,-1
488,23,1007.24,674.81,68.21,226.17,0.7947,-1,-1,-1
488,16,300.47,748.85,80.26,247.27,0.8763,-1,-1,-1
488,10,217.19,716.68,91.32,269.90,0.8615,-1,-1,-1
488,7,1017.57,936.26,81.88,143.74,0.7618,-1,-1,-1
489,26,797.39,599.90,92.78,253.05,0.8661,-1,-1,-1
489,24,912.68,656.13,84.90,240.35,0.7746,-1,-1,-1
489,23,1009.32,677.84,68.40,225.15,0.8289,-1,-1,-1
489,16,300.43,750.52,79.75,251.95,0.8757,-1,-1,-1
489,10,216.59,719.04,90.60,270.14,0.8663,-1,-1,-1
489,7,1016.92,936.44,83.21,143.56,0.7595,-1,-1,-1
490,26,797.00,600.18,94.09,256.61,0.8683,-1,-1,-1
490,24,915.21,657.41,82.98,233.94,0.7263,-1,-1,-1
490,23,1011.06,679.15,68.18,225.95,0.8461,-1,-1,-1
490,16,300.46,752.13,78.00,253.34,0.8771,-1,-1,-1
490,10,214.86,722.04,93.24,271.92,0.8669,-1,-1,-1
490,7,1014.66,936.91,85.95,143.09,0.7484,-1,-1,-1
491,26,797.57,601.32,94.61,259.06,0.8589,-1,-1,-1
491,24,920.28,660.70,78.28,241.37,0.7850,-1,-1,-1
491,23,1011.66,680.69,70.34,225.62,0.8244,-1,-1,-1
491,16,296.82,755.12,82.39,260.42,0.8701,-1,-1,-1
491,10,214.23,724.39,93.51,272.73,0.8728,-1,-1,-1
491,7,1016.75,937.79,84.02,142.21,0.7501,-1,-1,-1
492,26,798.78,602.92,94.48,257.67,0.8689,-1,-1,-1
492,24,920.20,661.53,78.65,241.59,0.8279,-1,-1,-1
492,23,1012.31,683.42,72.48,222.46,0.8351,-1,-1,-1
492,16,297.23,757.70,80.52,256.64,0.8637,-1,-1,-1
492,10,214.09,726.64,94.59,275.46,0.8807,-1,-1,-1
492,7,1016.86,937.96,84.12,142.04,0.7629,-1,-1,-1
493,26,800.58,604.08,93.50,256.96,0.8605,-1,-1,-1
493,24,919.71,663.39,80.49,245.05,0.8232,-1,-1,-1
493,23,1014.92,683.01,72.74,224.99,0.8005,-1,-1,-1
493,16,298.79,760.59,81.09,253.82,0.8107,-1,-1,-1
493,10,213.65,730.09,93.32,273.04,0.8822,-1,-1,-1
493,7,1016.61,938.09,84.65,141.91,0.7514,-1,-1,-1
494,26,801.47,605.45,93.28,255.19,0.8497,-1,-1,-1
494,24,921.90,665.92,79.27,241.79,0.7904,-1,-1,-1
494,23,1015.31,686.75,75.23,218.77,0.7190,-1,-1,-1
494,16,298.77,764.21,79.30,254.08,0.8454,-1,-1,-1
494,10,214.29,731.96,92.93,274.00,0.8834,-1,-1,-1
494,7,1016.82,938.41,84.47,141.59,0.7474,-1,-1,-1
495,26,804.87,605.67,88.99,253.32,0.8427,-1,-1,-1
495,24,921.74,667.74,79.81,247.29,0.7786,-1,-1,-1
495,23,1017.98,687.49,75.32,218.54,0.6521,-1,-1,-1
495,16,298.53,767.91,78.91,259.08,0.8450,-1,-1,-1
495,10,213.46,733.99,91.66,272.15,0.8817,-1,-1,-1
495,7,1017.69,937.45,84.14,142.55,0.7409,-1,-1,-1
496,26,810.21,605.51,83.31,250.20,0.8313,-1,-1,-1
496,24,922.91,671.17,79.79,237.92,0.7864,-1,-1,-1
496,23,1018.35,688.95,75.30,217.34,0.6366,-1,-1,-1
496,16,296.11,770.27,80.92,259.88,0.8475,-1,-1,-1
496,10,212.83,737.27,92.11,269.14,0.8825,-1,-1,-1
496,7,1019.42,939.15,82.59,140.85,0.7532,-1,-1,-1
497,26,815.77,605.83,77.98,248.62,0.8210,-1,-1,-1
497,24,924.45,673.60,78.76,238.92,0.7271,-1,-1,-1
497,16,293.75,771.15,82.96,260.35,0.8590,-1,-1,-1
497,10,212.42,737.98,90.67,267.83,0.8685,-1,-1,-1
497,7,1020.69,938.86,81.15,141.14,0.7443,-1,-1,-1
498,26,816.99,605.99,77.63,247.85,0.8158,-1,-1,-1
498,24,923.90,675.15,79.56,242.02,0.7391,-1,-1,-1
498,16,294.56,772.80,81.96,258.98,0.8523,-1,-1,-1
498,10,212.01,739.87,90.52,264.79,0.8614,-1,-1,-1
498,7,1020.17,937.95,81.97,142.05,0.7232,-1,-1,-1
499,26,820.65,607.32,74.56,247.25,0.8059,-1,-1,-1
499,24,926.06,678.02,79.19,238.46,0.6766,-1,-1,-1
499,16,293.70,773.70,82.23,258.51,0.8467,-1,-1,-1
499,10,211.18,742.42,90.81,264.30,0.8659,-1,-1,-1
499,7,1022.77,937.30,79.34,142.70,0.7426,-1,-1,-1
500,26,821.76,606.79,74.95,247.98,0.8177,-1,-1,-1
500,24,922.46,679.02,85.49,250.59,0.7178,-1,-1,-1
500,16,293.62,774.30,80.84,257.67,0.8305,-1,-1,-1
500,10,209.98,743.11,91.48,264.33,0.8748,-1,-1,-1
500,7,1025.28,935.69,77.87,144.31,0.7310,-1,-1,-1
501,26,822.79,607.93,74.51,248.02,0.8284,-1,-1,-1
501,24,927.22,679.19,82.02,253.58,0.7182,-1,-1,-1
501,16,293.79,774.93,79.40,257.52,0.8171,-1,-1,-1
501,10,209.68,744.38,91.08,258.92,0.8763,-1,-1,-1
501,7,1028.28,935.82,75.32,144.18,0.6963,-1,-1,-1
502,26,822.84,608.53,74.54,248.47,0.8265,-1,-1,-1
502,24,926.44,681.02,83.81,254.80,0.7393,-1,-1,-1
502,16,292.92,775.57,80.12,256.23,0.8212,-1,-1,-1
502,10,209.28,746.05,91.28,259.44,0.8788,-1,-1,-1
502,7,1028.70,934.57,76.36,145.43,0.7379,-1,-1,-1
503,26,822.47,608.78,74.85,247.60,0.8240,-1,-1,-1
503,24,928.24,682.48,83.60,251.18,0.7177,-1,-1,-1
503,10,209.61,747.79,90.20,261.76,0.8762,-1,-1,-1
503,7,1030.11,934.58,76.25,145.42,0.7002,-1,-1,-1
504,26,822.82,609.32,73.97,248.00,0.8131,-1,-1,-1
504,24,927.22,683.84,86.16,249.29,0.6805,-1,-1,-1
504,23,1029.19,704.75,70.39,218.79,0.6999,-1,-1,-1
504,10,208.96,749.61,90.02,268.88,0.8147,-1,-1,-1
504,7,1032.45,933.66,74.52,146.34,0.6791,-1,-1,-1
505,26,823.03,609.80,73.90,248.94,0.7834,-1,-1,-1
505,24,928.51,684.22,84.79,250.12,0.6398,-1,-1,-1
505,23,1029.88,706.59,70.14,218.43,0.7257,-1,-1,-1
505,10,208.71,749.88,88.56,274.74,0.8434,-1,-1,-1
505,7,1032.96,934.88,74.36,145.12,0.7308,-1,-1,-1
506,26,822.85,609.54,75.11,250.20,0.7456,-1,-1,-1
506,24,916.34,686.54,98.81,247.52,0.7124,-1,-1,-1
506,23,1030.08,707.61,71.52,220.91,0.7551,-1,-1,-1
506,10,208.55,751.54,86.95,279.42,0.8379,-1,-1,-1
506,7,1034.64,933.67,74.22,146.33,0.7289,-1,-1,-1
507,24,930.54,687.12,86.27,245.01,0.7014,-1,-1,-1
507,23,1029.51,708.84,72.25,223.18,0.7254,-1,-1,-1
507,10,207.56,753.61,87.11,278.88,0.8388,-1,-1,-1
507,7,1036.27,934.92,74.76,145.08,0.7041,-1,-1,-1
508,24,921.29,688.49,96.37,247.43,0.7135,-1,-1,-1
508,23,1029.79,710.45,72.69,223.40,0.7360,-1,-1,-1
508,16,278.48,785.55,91.14,262.97,0.7287,-1,-1,-1
508,10,206.52,755.90,88.99,278.26,0.8518,-1,-1,-1
508,7,1037.09,934.24,75.24,145.76,0.7132,-1,-1,-1
509,24,931.37,690.35,88.99,248.90,0.7288,-1,-1,-1
509,23,1030.47,710.48,75.67,229.47,0.7402,-1,-1,-1
509,16,281.20,790.10,85.52,258.83,0.8022,-1,-1,-1
509,10,204.90,758.86,87.37,273.17,0.8446,-1,-1,-1
509,7,1038.51,933.75,75.22,146.25,0.6915,-1,-1,-1
510,24,927.58,692.01,93.90,249.59,0.7356,-1,-1,-1
510,23,1027.92,711.86,81.84,227.52,0.7043,-1,-1,-1
510,16,281.27,793.72,84.68,256.16,0.8375,-1,-1,-1
510,10,204.85,762.36,81.84,274.79,0.8455,-1,-1,-1
511,24,934.09,694.87,90.11,258.30,0.7524,-1,-1,-1
511,23,1030.06,713.88,78.84,215.81,0.6853,-1,-1,-1
511,16,283.04,798.99,80.23,254.52,0.8421,-1,-1,-1
511,10,202.44,763.77,89.00,276.42,0.8655,-1,-1,-1
512,24,934.52,696.97,90.74,262.18,0.7269,-1,-1,-1
512,23,1031.78,715.59,76.99,213.08,0.6578,-1,-1,-1
512,16,282.87,799.97,79.10,263.86,0.8124,-1,-1,-1
512,10,202.14,766.84,91.40,272.71,0.8666,-1,-1,-1
513,26,827.57,610.01,72.54,253.11,0.7860,-1,-1,-1
513,24,937.58,700.77,85.58,259.91,0.6974,-1,-1,-1
513,23,1034.90,717.42,74.89,226.88,0.6441,-1,-1,-1
513,16,282.40,801.55,77.51,267.75,0.8049,-1,-1,-1
513,10,200.85,767.70,91.39,272.34,0.8590,-1,-1,-1
513,7,1042.10,933.82,75.36,144.09,0.6082,-1,-1,-1
514,26,827.45,609.98,72.52,252.86,0.7683,-1,-1,-1
514,24,945.00,703.76,79.21,259.88,0.7028,-1,-1,-1
514,23,1035.36,718.71,74.55,226.61,0.6726,-1,-1,-1
514,16,280.35,801.55,76.56,267.53,0.8225,-1,-1,-1
514,10,197.50,770.66,92.43,270.31,0.8526,-1,-1,-1
514,7,1042.95,932.70,74.13,145.01,0.6423,-1,-1,-1
515,26,828.14,610.23,71.55,252.25,0.7567,-1,-1,-1
515,24,937.28,705.78,88.58,256.57,0.6815,-1,-1,-1
515,23,1032.98,719.75,78.09,232.06,0.7177,-1,-1,-1
515,16,277.63,802.26,79.00,266.73,0.8306,-1,-1,-1
515,10,196.35,771.74,94.14,268.08,0.8574,-1,-1,-1
515,7,1043.58,933.08,74.08,144.45,0.6566,-1,-1,-1
516,26,829.05,610.50,69.53,251.43,0.7304,-1,-1,-1
516,24,939.08,708.67,88.39,252.38,0.7591,-1,-1,-1
516,23,1035.69,721.49,75.18,241.58,0.7128,-1,-1,-1
516,16,275.68,801.95,78.86,266.34,0.6163,-1,-1,-1
516,10,193.18,773.25,95.10,266.06,0.8541,-1,-1,-1
516,7,1044.42,932.81,73.44,145.38,0.6045,-1,-1,-1
517,26,827.52,609.76,71.28,252.62,0.7399,-1,-1,-1
517,24,938.75,710.79,89.48,255.24,0.7463,-1,-1,-1
517,23,1036.79,724.02,72.86,238.22,0.6902,-1,-1,-1
517,16,275.76,802.87,78.45,266.44,0.8391,-1,-1,-1
517,10,192.39,775.32,93.82,263.21,0.8469,-1,-1,-1
517,7,1044.90,932.09,73.01,145.52,0.6281,-1,-1,-1
518,24,942.69,712.14,87.43,260.86,0.7483,-1,-1,-1
518,23,1038.98,726.64,70.63,229.55,0.6964,-1,-1,-1
518,16,273.11,803.50,81.29,263.27,0.7953,-1,-1,-1
518,7,1045.13,930.11,71.62,147.18,0.6672,-1,-1,-1
519,24,944.59,713.38,85.54,261.40,0.7472,-1,-1,-1
519,16,272.78,804.18,80.17,264.50,0.8582,-1,-1,-1
519,7,1044.87,929.39,71.67,147.94,0.6381,-1,-1,-1
520,24,945.15,715.74,84.88,260.90,0.7817,-1,-1,-1
520,16,270.96,806.67,82.10,262.73,0.8668,-1,-1,-1
520,7,1043.98,926.19,72.32,152.65,0.6861,-1,-1,-1
521,26,827.53,607.37,67.93,254.10,0.7017,-1,-1,-1
521,24,950.16,717.88,81.42,258.52,0.7685,-1,-1,-1
521,16,269.51,808.98,82.10,261.33,0.8662,-1,-1,-1
521,10,189.63,778.73,95.11,268.78,0.8241,-1,-1,-1
521,7,1045.08,928.58,71.70,149.51,0.6567,-1,-1,-1
522,26,827.61,606.62,66.53,253.66,0.6883,-1,-1,-1
522,24,949.26,718.92,83.34,256.12,0.7981,-1,-1,-1
522,23,1040.50,739.50,76.07,204.95,0.7375,-1,-1,-1
522,16,270.34,812.24,80.61,258.38,0.8512,-1,-1,-1
522,10,189.43,780.17,95.75,271.22,0.8261,-1,-1,-1
522,7,1044.85,930.06,71.40,148.44,0.6519,-1,-1,-1
523,26,827.84,607.48,66.28,252.89,0.7688,-1,-1,-1
523,24,951.26,719.34,83.44,256.71,0.7269,-1,-1,-1
523,23,1043.99,740.25,73.04,209.00,0.7208,-1,-1,-1
523,16,268.36,815.48,82.37,258.52,0.8486,-1,-1,-1
523,10,188.80,782.11,96.51,273.66,0.8302,-1,-1,-1
523,7,1044.83,930.06,70.86,147.94,0.6101,-1,-1,-1
524,26,826.73,608.60,66.24,251.37,0.7681,-1,-1,-1
524,24,953.96,719.99,81.06,249.85,0.6825,-1,-1,-1
524,23,1043.47,742.66,75.12,223.71,0.6980,-1,-1,-1
524,16,264.11,818.46,85.22,260.33,0.8578,-1,-1,-1
524,10,190.34,784.12,90.79,273.47,0.8386,-1,-1,-1
525,26,826.79,607.88,66.40,251.71,0.7969,-1,-1,-1
525,23,1044.34,742.88,76.33,231.23,0.7154,-1,-1,-1
525,16,265.91,820.79,83.70,259.21,0.8558,-1,-1,-1
525,10,189.48,784.87,93.90,279.75,0.8417,-1,-1,-1
526,26,826.51,606.27,66.91,253.35,0.8048,-1,-1,-1
526,16,262.25,823.21,86.88,256.79,0.8567,-1,-1,-1
526,10,190.26,787.44,91.43,278.23,0.8411,-1,-1,-1
527,26,826.17,605.78,66.32,252.39,0.8025,-1,-1,-1
527,16,260.99,825.47,87.37,254.26,0.8572,-1,-1,-1
527,10,190.30,787.70,91.53,281.69,0.8525,-1,-1,-1
528,26,825.65,605.46,66.98,252.76,0.8204,-1,-1,-1
528,16,258.86,826.73,88.39,253.10,0.8670,-1,-1,-1
528,10,191.01,789.28,88.32,280.38,0.8437,-1,-1,-1
529,26,825.01,605.59,67.50,251.99,0.8300,-1,-1,-1
529,16,258.99,828.96,86.15,250.23,0.8714,-1,-1,-1
529,10,192.62,790.53,86.39,278.85,0.8476,-1,-1,-1
529,7,1042.23,926.05,70.04,153.27,0.7423,-1,-1,-1
530,26,822.87,604.92,67.52,251.47,0.8237,-1,-1,-1
530,16,258.11,831.63,87.42,247.59,0.8721,-1,-1,-1
530,10,192.70,791.82,86.12,279.08,0.8318,-1,-1,-1
530,7,1040.55,928.56,71.36,150.90,0.6567,-1,-1,-1
531,26,820.53,604.14,68.63,252.46,0.8161,-1,-1,-1
531,23,1057.63,750.01,75.87,206.79,0.6960,-1,-1,-1
531,16,258.76,832.79,86.19,247.21,0.8699,-1,-1,-1
531,10,191.67,793.75,87.08,275.99,0.7766,-1,-1,-1
531,7,1039.84,930.96,71.25,149.04,0.6725,-1,-1,-1
532,26,817.74,603.20,69.70,251.07,0.8137,-1,-1,-1
532,23,1057.56,750.95,77.18,211.38,0.7537,-1,-1,-1
532,16,259.08,833.76,86.40,246.24,0.8714,-1,-1,-1
532,10,191.83,795.51,87.03,273.74,0.8041,-1,-1,-1
533,26,812.78,602.63,69.88,254.68,0.8010,-1,-1,-1
533,24,966.95,738.23,87.45,248.68,0.7528,-1,-1,-1
533,23,1059.24,753.24,77.74,211.49,0.6552,-1,-1,-1
533,16,258.95,835.24,86.47,244.76,0.8660,-1,-1,-1
533,10,190.77,796.71,89.72,272.47,0.8019,-1,-1,-1
534,26,809.13,601.21,70.72,257.39,0.8108,-1,-1,-1
534,24,965.68,739.88,90.38,248.55,0.7632,-1,-1,-1
534,16,259.06,836.65,86.98,243.35,0.8589,-1,-1,-1
534,10,190.33,798.09,91.63,269.16,0.8041,-1,-1,-1
535,31,1715.23,456.28,77.60,211.86,0.7289,-1,-1,-1
535,26,804.02,599.96,73.99,254.37,0.8240,-1,-1,-1
535,24,967.20,742.59,89.93,246.69,0.7270,-1,-1,-1
535,16,259.07,837.64,87.56,242.13,0.8634,-1,-1,-1
535,10,190.10,798.30,93.51,270.73,0.8370,-1,-1,-1
536,31,1715.93,457.89,77.29,209.37,0.7436,-1,-1,-1
536,26,801.94,599.90,73.83,253.26,0.8169,-1,-1,-1
536,24,970.08,744.36,88.06,247.87,0.6490,-1,-1,-1
536,16,259.94,838.94,85.36,241.06,0.8640,-1,-1,-1
536,10,190.47,798.76,92.90,273.76,0.8393,-1,-1,-1
537,31,1717.87,458.65,75.30,208.70,0.7434,-1,-1,-1
537,26,797.43,599.86,77.03,256.50,0.8170,-1,-1,-1
537,24,971.88,745.73,90.38,247.17,0.7374,-1,-1,-1
537,16,259.95,841.42,84.07,238.58,0.8634,-1,-1,-1
537,10,191.86,799.56,91.83,276.66,0.8407,-1,-1,-1
538,31,1719.55,457.98,73.03,208.82,0.7212,-1,-1,-1
538,26,796.85,600.50,77.80,255.15,0.8230,-1,-1,-1
538,24,973.46,747.61,91.09,244.48,0.7821,-1,-1,-1
538,16,258.59,844.66,84.86,235.34,0.8672,-1,-1,-1
538,10,192.90,801.63,91.33,276.64,0.8448,-1,-1,-1
539,31,1717.61,457.62,76.23,209.72,0.7048,-1,-1,-1
539,26,793.70,600.50,79.35,254.82,0.8253,-1,-1,-1
539,24,974.40,748.79,90.15,243.01,0.7989,-1,-1,-1
539,16,256.80,847.24,85.38,232.76,0.8613,-1,-1,-1
539,10,193.34,803.81,91.07,274.49,0.8207,-1,-1,-1
540,31,1717.83,456.32,75.52,210.44,0.7269,-1,-1,-1
540,26,791.49,599.96,80.27,254.26,0.8390,-1,-1,-1
540,24,977.33,748.76,90.05,241.44,0.7716,-1,-1,-1
540,23,1060.02,769.02,82.85,220.09,0.6219,-1,-1,-1
540,16,256.64,849.04,82.94,230.96,0.8546,-1,-1,-1
540,10,194.16,806.51,90.75,271.47,0.8538,-1,-1,-1
541,31,1718.14,456.20,75.51,210.52,0.7190,-1,-1,-1
541,26,791.34,600.45,79.68,251.67,0.8244,-1,-1,-1
541,24,981.94,751.06,85.40,236.68,0.7989,-1,-1,-1
541,23,1051.43,770.20,91.24,226.59,0.7041,-1,-1,-1
541,16,257.47,850.36,82.78,229.64,0.8599,-1,-1,-1
541,10,197.23,809.25,88.75,270.26,0.8278,-1,-1,-1
542,31,1717.12,456.20,76.99,210.68,0.7127,-1,-1,-1
542,26,789.68,599.69,79.05,251.96,0.8280,-1,-1,-1
542,24,986.18,750.82,80.21,238.15,0.7521,-1,-1,-1
542,23,1067.87,771.05,76.34,224.23,0.6521,-1,-1,-1
542,16,258.66,853.59,80.43,226.41,0.8130,-1,-1,-1
542,10,200.34,810.96,85.94,267.49,0.7896,-1,-1,-1
543,31,1716.20,455.24,78.52,211.76,0.6844,-1,-1,-1
543,26,787.74,599.27,80.77,252.11,0.8252,-1,-1,-1
543,24,989.32,753.29,80.61,229.29,0.6969,-1,-1,-1
543,23,1068.93,771.95,76.68,228.79,0.6437,-1,-1,-1
543,16,258.23,859.24,78.96,220.76,0.8061,-1,-1,-1
544,31,1715.93,455.00,79.46,213.55,0.6625,-1,-1,-1
544,26,783.21,598.88,83.54,253.35,0.8421,-1,-1,-1
544,24,987.17,755.39,86.09,225.65,0.7163,-1,-1,-1
544,23,1069.84,772.64,77.82,228.67,0.7010,-1,-1,-1
544,16,258.43,863.76,78.64,216.24,0.7819,-1,-1,-1
545,31,1716.17,456.31,77.76,209.15,0.6999,-1,-1,-1
545,26,776.36,597.78,89.45,255.51,0.8511,-1,-1,-1
545,24,991.76,757.10,82.60,225.37,0.7087,-1,-1,-1
545,23,1069.26,776.33,79.89,225.92,0.6526,-1,-1,-1
545,16,255.27,867.12,79.98,212.88,0.8037,-1,-1,-1
546,31,1713.34,455.18,81.49,212.20,0.7368,-1,-1,-1
546,26,771.65,597.80,92.46,255.47,0.8550,-1,-1,-1
546,24,992.83,759.74,84.20,226.94,0.6777,-1,-1,-1
546,23,1072.44,777.36,78.56,229.07,0.6818,-1,-1,-1
546,16,253.44,868.95,79.34,211.05,0.8009,-1,-1,-1
546,10,210.03,818.10,82.35,261.90,0.6716,-1,-1,-1
547,31,1712.45,456.38,82.55,211.56,0.7106,-1,-1,-1
547,26,771.45,597.33,92.50,257.73,0.8575,-1,-1,-1
547,24,995.43,761.95,84.58,221.03,0.7126,-1,-1,-1
547,23,1074.83,779.60,77.59,230.49,0.7529,-1,-1,-1
547,16,253.81,873.02,78.57,206.98,0.7779,-1,-1,-1
547,10,211.65,819.82,82.33,260.18,0.7147,-1,-1,-1
548,31,1719.94,456.00,74.45,211.90,0.6804,-1,-1,-1
548,26,769.66,597.67,93.42,257.31,0.8534,-1,-1,-1
548,24,994.57,765.85,85.69,219.26,0.7521,-1,-1,-1
548,23,1066.41,782.11,88.78,237.35,0.7468,-1,-1,-1
548,16,253.69,874.74,78.59,205.26,0.7763,-1,-1,-1
548,10,213.50,820.89,80.17,259.11,0.6083,-1,-1,-1
549,31,1723.47,456.94,70.85,210.69,0.6931,-1,-1,-1
549,26,769.72,598.89,92.60,255.64,0.8532,-1,-1,-1
549,24,997.25,768.55,81.86,214.70,0.6482,-1,-1,-1
549,23,1068.26,783.18,86.92,244.97,0.7476,-1,-1,-1
549,16,250.09,873.45,79.63,206.55,0.7154,-1,-1,-1
550,31,1720.78,456.67,73.28,211.02,0.6849,-1,-1,-1
550,26,767.85,599.55,93.63,254.13,0.8492,-1,-1,-1
550,23,1068.28,786.76,88.80,244.88,0.7011,-1,-1,-1
550,16,248.48,873.76,79.54,206.24,0.6493,-1,-1,-1
551,31,1722.56,456.58,71.29,211.66,0.6921,-1,-1,-1
551,26,767.68,598.44,92.01,253.87,0.8426,-1,-1,-1
551,23,1075.06,790.28,85.23,241.00,0.7031,-1,-1,-1
552,31,1726.14,454.43,67.86,212.76,0.6866,-1,-1,-1
552,26,767.14,597.85,91.53,252.96,0.8447,-1,-1,-1
552,23,1071.63,793.31,91.65,240.48,0.7006,-1,-1,-1
553,31,1723.94,454.70,70.37,211.48,0.6484,-1,-1,-1
553,26,766.76,595.83,91.34,253.27,0.8461,-1,-1,-1
553,23,1072.29,795.01,95.81,243.00,0.7054,-1,-1,-1
554,31,1723.27,455.05,69.59,210.42,0.6976,-1,-1,-1
554,26,767.24,595.88,88.01,251.56,0.8455,-1,-1,-1
554,23,1081.84,796.92,90.58,242.37,0.6296,-1,-1,-1
554,16,232.77,870.95,94.34,209.05,0.7359,-1,-1,-1
555,31,1723.28,454.71,69.00,210.60,0.6462,-1,-1,-1
555,26,765.24,596.09,88.64,251.29,0.8208,-1,-1,-1
555,23,1087.35,798.99,84.38,240.50,0.7176,-1,-1,-1
555,16,233.00,845.84,95.90,234.16,0.7683,-1,-1,-1
556,31,1723.00,453.85,68.94,209.56,0.6912,-1,-1,-1
556,26,764.06,593.47,86.90,250.14,0.8573,-1,-1,-1
556,23,1094.80,798.87,81.04,239.94,0.6777,-1,-1,-1
556,16,237.08,877.72,91.99,202.28,0.7296,-1,-1,-1
557,31,1721.93,456.00,71.19,207.58,0.6940,-1,-1,-1
557,26,761.73,593.11,86.51,247.22,0.8175,-1,-1,-1
557,23,1100.51,800.27,78.26,237.82,0.6287,-1,-1,-1
557,16,237.57,836.17,96.68,243.83,0.8006,-1,-1,-1
558,31,1720.93,455.16,70.02,208.34,0.7394,-1,-1,-1
558,26,757.71,593.52,87.32,244.31,0.8117,-1,-1,-1
558,23,1101.31,799.82,80.57,236.06,0.6627,-1,-1,-1
558,16,238.38,837.10,100.20,242.90,0.7878,-1,-1,-1
559,31,1723.97,455.63,67.18,207.23,0.7231,-1,-1,-1
559,26,755.29,592.64,82.46,243.31,0.7931,-1,-1,-1
559,16,239.63,889.52,96.74,190.48,0.7761,-1,-1,-1
560,31,1724.23,455.45,66.86,205.74,0.7435,-1,-1,-1
560,26,752.10,591.43,79.51,243.62,0.8070,-1,-1,-1
560,16,240.34,892.29,94.95,187.71,0.7717,-1,-1,-1
561,31,1724.19,455.63,67.68,205.60,0.7723,-1,-1,-1
561,26,748.87,591.72,74.59,240.74,0.8134,-1,-1,-1
561,16,243.12,893.48,94.93,186.52,0.7047,-1,-1,-1
562,31,1723.12,455.30,68.63,207.16,0.7398,-1,-1,-1
562,26,745.80,591.87,71.71,239.42,0.8162,-1,-1,-1
562,16,244.56,894.47,96.03,185.53,0.6697,-1,-1,-1
563,31,1720.93,455.59,72.04,207.31,0.7479,-1,-1,-1
563,26,740.14,590.86,75.71,241.31,0.8242,-1,-1,-1
563,23,1105.47,809.25,89.06,239.87,0.6825,-1,-1,-1
563,16,245.01,903.99,84.01,176.01,0.7598,-1,-1,-1
564,31,1720.21,454.53,72.85,207.77,0.7332,-1,-1,-1
564,26,735.53,590.03,79.06,242.64,0.8264,-1,-1,-1
564,23,1105.31,812.18,87.58,242.77,0.6655,-1,-1,-1
564,16,246.30,906.97,82.60,173.03,0.7649,-1,-1,-1
565,31,1719.07,456.08,75.10,207.30,0.7567,-1,-1,-1
565,26,733.40,589.63,80.09,242.47,0.7628,-1,-1,-1
565,23,1105.63,814.73,90.31,245.34,0.6982,-1,-1,-1
565,16,248.14,907.94,81.74,171.79,0.7855,-1,-1,-1
566,33,375.34,234.33,63.62,192.02,0.7380,-1,-1,-1
566,31,1718.05,455.60,75.68,208.07,0.7506,-1,-1,-1
566,26,733.38,590.98,77.76,240.36,0.7705,-1,-1,-1
566,24,1019.60,801.25,87.24,268.00,0.6838,-1,-1,-1
566,23,1102.24,817.23,94.28,247.78,0.6776,-1,-1,-1
566,16,248.78,910.10,80.08,169.90,0.7974,-1,-1,-1
566,10,270.09,846.38,99.02,232.65,0.6782,-1,-1,-1
567,33,374.83,235.57,63.48,191.48,0.7490,-1,-1,-1
567,31,1716.86,456.26,79.20,209.93,0.7547,-1,-1,-1
567,26,730.62,590.83,78.91,242.45,0.7288,-1,-1,-1
567,16,249.03,912.23,79.71,167.77,0.8164,-1,-1,-1
567,10,270.66,848.08,102.59,231.92,0.6112,-1,-1,-1
568,33,375.42,236.89,63.52,190.38,0.7165,-1,-1,-1
568,31,1717.07,456.01,76.93,210.21,0.7932,-1,-1,-1
568,26,730.76,589.22,77.47,244.22,0.7758,-1,-1,-1
568,16,248.58,913.93,81.57,166.07,0.8222,-1,-1,-1
568,10,271.49,848.77,105.81,231.23,0.6421,-1,-1,-1
569,33,375.75,236.53,64.48,189.03,0.7025,-1,-1,-1
569,31,1715.69,456.87,78.33,209.45,0.7876,-1,-1,-1
569,26,727.11,588.25,79.86,245.45,0.7807,-1,-1,-1
569,16,248.76,915.03,81.15,164.97,0.8292,-1,-1,-1
570,33,376.14,236.56,64.80,190.28,0.7005,-1,-1,-1
570,32,1666.23,265.14,61.30,182.35,0.6090,-1,-1,-1
570,31,1715.07,456.45,78.50,208.95,0.7871,-1,-1,-1
570,26,726.06,587.50,79.89,246.32,0.7594,-1,-1,-1
570,16,248.63,916.40,80.59,163.60,0.8208,-1,-1,-1
571,33,376.58,236.33,64.78,191.04,0.6827,-1,-1,-1
571,32,1664.07,262.75,62.90,181.18,0.6494,-1,-1,-1
571,31,1715.24,454.96,80.23,208.79,0.7798,-1,-1,-1
571,26,720.88,588.15,84.82,246.14,0.6844,-1,-1,-1
571,24,1040.33,813.67,77.60,265.55,0.7320,-1,-1,-1
571,16,248.61,917.57,80.18,162.43,0.8202,-1,-1,-1
572,33,377.49,237.86,64.17,188.07,0.6796,-1,-1,-1
572,31,1715.49,457.02,79.48,207.82,0.7493,-1,-1,-1
572,26,717.77,587.50,86.83,247.00,0.6585,-1,-1,-1
572,24,1042.77,816.70,77.06,261.18,0.7088,-1,-1,-1
572,23,1122.52,829.59,79.71,245.05,0.7172,-1,-1,-1
572,16,248.38,918.97,82.17,161.03,0.8171,-1,-1,-1
572,10,295.80,857.24,96.63,222.76,0.7661,-1,-1,-1
573,33,377.46,239.61,63.96,184.49,0.6941,-1,-1,-1
573,31,1715.21,456.14,81.31,210.24,0.7307,-1,-1,-1
573,26,714.60,587.43,88.07,247.93,0.7534,-1,-1,-1
573,24,1045.19,818.72,77.86,256.89,0.7077,-1,-1,-1
573,23,1124.34,831.51,77.82,246.07,0.7620,-1,-1,-1
573,16,248.12,921.85,82.42,158.15,0.8038,-1,-1,-1
573,10,292.79,859.04,94.54,220.96,0.7807,-1,-1,-1
574,33,377.96,240.49,63.54,184.55,0.7166,-1,-1,-1
574,31,1715.96,455.58,80.03,210.74,0.7481,-1,-1,-1
574,26,709.46,585.07,90.29,249.95,0.7781,-1,-1,-1
574,24,1046.61,819.13,79.68,254.87,0.6866,-1,-1,-1
574,23,1124.02,832.28,80.50,244.94,0.7294,-1,-1,-1
574,16,248.22,925.02,83.37,154.98,0.7968,-1,-1,-1
574,10,295.91,860.89,97.20,219.11,0.7917,-1,-1,-1
575,33,377.81,239.86,64.52,187.92,0.7178,-1,-1,-1
575,31,1716.13,455.45,79.65,208.53,0.7550,-1,-1,-1
575,24,1046.83,820.07,82.36,256.43,0.7234,-1,-1,-1
575,23,1120.15,834.85,88.30,243.02,0.7481,-1,-1,-1
575,16,247.79,928.28,84.28,151.72,0.7963,-1,-1,-1
575,10,296.79,863.02,95.40,216.98,0.7917,-1,-1,-1
576,33,377.59,244.72,64.49,187.39,0.7264,-1,-1,-1
576,31,1716.55,455.65,80.47,209.91,0.7261,-1,-1,-1
576,24,1047.97,820.73,80.57,255.85,0.6660,-1,-1,-1
576,23,1123.53,835.87,87.71,241.42,0.7199,-1,-1,-1
576,16,247.30,931.26,85.93,148.74,0.8132,-1,-1,-1
576,10,296.55,865.98,93.92,214.02,0.7937,-1,-1,-1
577,33,378.30,247.94,63.57,188.09,0.7110,-1,-1,-1
577,31,1717.10,456.80,79.92,208.44,0.7046,-1,-1,-1
577,23,1118.99,838.71,95.37,238.47,0.6323,-1,-1,-1
577,16,246.84,935.42,86.08,144.58,0.8006,-1,-1,-1
577,10,296.59,870.50,98.33,209.50,0.7880,-1,-1,-1
578,33,377.46,249.54,63.79,189.47,0.7276,-1,-1,-1
578,31,1716.82,457.22,79.40,208.61,0.6663,-1,-1,-1
578,26,703.92,577.21,87.94,246.67,0.7773,-1,-1,-1
578,16,247.14,940.16,85.06,139.32,0.8201,-1,-1,-1
578,10,296.13,871.91,96.65,208.09,0.7852,-1,-1,-1
579,33,377.41,250.40,63.78,188.96,0.7704,-1,-1,-1
579,31,1717.19,457.59,79.04,208.42,0.6709,-1,-1,-1
579,26,703.85,575.81,82.21,229.85,0.6877,-1,-1,-1
579,16,246.81,943.27,84.66,136.25,0.8037,-1,-1,-1
579,10,296.00,873.67,96.65,206.33,0.7896,-1,-1,-1
580,33,377.22,252.56,63.27,188.33,0.7950,-1,-1,-1
580,32,1647.21,246.58,78.72,193.62,0.6312,-1,-1,-1
580,31,1717.07,457.44,78.92,211.41,0.6884,-1,-1,-1
580,26,704.49,575.49,79.08,252.46,0.6679,-1,-1,-1
580,16,246.34,945.99,84.25,132.93,0.7909,-1,-1,-1
580,10,295.05,874.74,95.81,205.26,0.8167,-1,-1,-1
581,33,376.43,254.73,64.22,186.21,0.7551,-1,-1,-1
581,31,1718.02,456.33,76.69,210.03,0.6708,-1,-1,-1
581,26,704.35,574.03,73.94,251.65,0.7041,-1,-1,-1
581,23,1130.06,841.48,95.20,237.57,0.6133,-1,-1,-1
581,16,246.44,947.10,83.89,131.79,0.7930,-1,-1,-1
581,10,294.12,876.23,98.72,203.77,0.8138,-1,-1,-1
582,33,375.53,255.09,64.78,188.33,0.7436,-1,-1,-1
582,31,1719.02,454.73,76.88,211.77,0.6355,-1,-1,-1
582,23,1129.30,845.23,95.90,234.53,0.6486,-1,-1,-1
582,16,245.63,947.74,83.81,131.52,0.7754,-1,-1,-1
582,10,296.15,878.08,99.91,201.92,0.8295,-1,-1,-1
582,7,1003.93,925.75,84.56,153.73,0.6752,-1,-1,-1
583,33,374.84,256.39,65.58,189.85,0.7646,-1,-1,-1
583,31,1719.20,454.14,76.30,212.07,0.6901,-1,-1,-1
583,24,1064.33,839.07,76.49,237.01,0.7277,-1,-1,-1
583,16,244.78,948.33,83.93,130.62,0.7793,-1,-1,-1
583,10,297.66,880.22,97.06,199.78,0.8417,-1,-1,-1
584,33,372.95,257.13,66.18,190.94,0.7829,-1,-1,-1
584,31,1718.56,452.77,78.67,213.09,0.7301,-1,-1,-1
584,24,1060.07,842.19,80.39,237.81,0.7778,-1,-1,-1
584,16,244.25,949.98,83.01,128.97,0.7755,-1,-1,-1
584,10,299.14,881.92,95.15,198.08,0.8462,-1,-1,-1
585,33,372.53,257.64,65.79,189.81,0.7958,-1,-1,-1
585,31,1719.51,453.77,76.21,211.27,0.7400,-1,-1,-1
585,24,1061.81,844.34,76.26,235.66,0.8161,-1,-1,-1
585,16,244.28,951.34,82.97,127.20,0.7734,-1,-1,-1
585,10,299.20,883.97,94.62,196.03,0.8469,-1,-1,-1
586,33,372.54,257.93,64.69,190.27,0.7981,-1,-1,-1
586,31,1719.56,454.17,74.00,209.82,0.7320,-1,-1,-1
586,24,1062.25,846.44,78.00,232.34,0.7035,-1,-1,-1
586,16,244.39,953.71,82.12,125.27,0.7565,-1,-1,-1
586,10,300.61,886.91,93.52,193.09,0.8487,-1,-1,-1
586,7,1004.03,928.61,59.49,150.75,0.6399,-1,-1,-1
587,33,371.53,258.47,65.03,189.81,0.7740,-1,-1,-1
587,31,1721.71,451.90,73.13,214.13,0.7521,-1,-1,-1
587,24,1065.84,847.82,78.05,229.47,0.8013,-1,-1,-1
587,23,1149.01,857.34,85.71,222.66,0.7799,-1,-1,-1
587,16,244.94,956.91,83.19,122.63,0.7670,-1,-1,-1
587,10,302.00,889.10,93.66,190.88,0.8484,-1,-1,-1
587,7,1002.46,929.71,61.78,149.48,0.6790,-1,-1,-1
588,33,371.59,258.53,65.10,190.07,0.7847,-1,-1,-1
588,31,1722.52,452.41,72.63,213.76,0.7403,-1,-1,-1
588,24,1067.09,849.78,76.81,226.79,0.7890,-1,-1,-1
588,23,1149.75,857.08,92.44,222.92,0.6666,-1,-1,-1
588,16,245.04,959.34,83.72,120.66,0.7529,-1,-1,-1
588,10,302.01,891.65,93.23,188.35,0.8489,-1,-1,-1
588,7,1001.29,930.55,62.52,149.45,0.6419,-1,-1,-1
589,33,370.74,259.90,64.87,187.54,0.7880,-1,-1,-1
589,31,1723.80,452.28,71.57,211.00,0.7285,-1,-1,-1
589,24,1067.37,850.88,78.54,226.89,0.8100,-1,-1,-1
589,23,1155.05,858.58,89.71,221.42,0.7320,-1,-1,-1
589,16,245.32,962.75,84.34,117.25,0.7450,-1,-1,-1
589,10,302.85,893.95,92.78,186.05,0.7889,-1,-1,-1
589,7,1002.23,931.02,60.13,148.98,0.6569,-1,-1,-1
590,33,370.27,261.53,64.67,186.31,0.8055,-1,-1,-1
590,31,1722.85,451.71,72.98,212.00,0.6757,-1,-1,-1
590,24,1068.15,852.60,80.69,226.10,0.8305,-1,-1,-1
590,23,1157.26,862.11,89.07,217.89,0.6850,-1,-1,-1
590,16,244.88,964.38,83.90,115.62,0.6954,-1,-1,-1
590,10,306.04,895.51,90.65,183.08,0.8389,-1,-1,-1
590,7,1001.43,931.38,60.67,148.62,0.6639,-1,-1,-1
591,33,368.99,262.65,66.03,185.57,0.8168,-1,-1,-1
591,31,1723.73,451.67,71.78,211.47,0.7231,-1,-1,-1
591,24,1069.41,853.40,82.22,225.58,0.8261,-1,-1,-1
591,23,1159.45,863.69,88.59,216.31,0.7525,-1,-1,-1
591,10,306.77,897.84,90.38,179.22,0.8406,-1,-1,-1
591,7,1001.10,932.50,58.58,147.50,0.6199,-1,-1,-1
592,33,369.09,264.20,65.01,183.08,0.8126,-1,-1,-1
592,31,1723.40,451.88,70.64,211.65,0.6891,-1,-1,-1
592,24,1070.11,854.38,80.48,224.68,0.8096,-1,-1,-1
592,23,1159.33,865.62,90.47,214.38,0.7042,-1,-1,-1
592,10,308.12,902.26,89.45,175.49,0.8250,-1,-1,-1
593,33,368.66,264.78,65.16,185.25,0.8184,-1,-1,-1
593,32,1655.93,235.16,73.28,185.62,0.7599,-1,-1,-1
593,31,1721.74,452.99,72.53,212.33,0.7127,-1,-1,-1
593,24,1071.95,855.55,79.72,222.74,0.8127,-1,-1,-1
593,23,1161.51,868.35,89.74,211.65,0.7484,-1,-1,-1
593,10,310.73,905.78,88.04,172.53,0.8235,-1,-1,-1
594,33,368.58,266.57,64.17,187.09,0.8133,-1,-1,-1
594,32,1657.39,232.68,71.57,187.12,0.7317,-1,-1,-1
594,31,1721.63,453.19,71.46,211.49,0.7112,-1,-1,-1
594,24,1072.80,856.88,79.21,223.12,0.8051,-1,-1,-1
594,23,1162.23,870.37,90.04,209.63,0.7530,-1,-1,-1
594,10,312.06,908.58,89.70,169.66,0.8250,-1,-1,-1
595,33,367.44,269.38,65.04,189.31,0.8120,-1,-1,-1
595,32,1658.08,230.72,70.91,188.86,0.7192,-1,-1,-1
595,31,1721.80,452.49,72.72,212.17,0.7374,-1,-1,-1
595,24,1074.04,859.19,80.87,220.81,0.8041,-1,-1,-1
595,23,1164.23,871.87,89.12,208.13,0.7369,-1,-1,-1
595,10,312.79,909.58,91.37,168.46,0.8306,-1,-1,-1
596,33,366.58,269.36,65.34,193.05,0.8173,-1,-1,-1
596,32,1657.46,229.69,70.92,187.69,0.6941,-1,-1,-1
596,31,1719.42,451.60,74.92,213.25,0.7675,-1,-1,-1
596,24,1074.29,861.40,81.85,218.60,0.7918,-1,-1,-1
596,23,1169.06,873.84,84.37,206.16,0.7799,-1,-1,-1
596,10,314.52,911.73,90.96,166.70,0.8351,-1,-1,-1
597,33,365.71,271.45,65.73,191.89,0.7992,-1,-1,-1
597,32,1657.74,228.11,70.03,188.29,0.6537,-1,-1,-1
597,31,1718.44,453.08,76.36,212.05,0.7732,-1,-1,-1
597,24,1076.70,863.64,78.11,216.36,0.7401,-1,-1,-1
597,23,1170.98,875.77,83.91,204.23,0.6943,-1,-1,-1
597,10,314.02,913.29,94.75,165.74,0.8259,-1,-1,-1
598,33,365.36,272.04,65.67,191.25,0.8021,-1,-1,-1
598,32,1655.87,228.05,69.83,187.85,0.6754,-1,-1,-1
598,31,1716.30,451.74,77.91,212.84,0.8044,-1,-1,-1
598,24,1077.77,865.07,79.10,214.93,0.7360,-1,-1,-1
598,23,1167.63,877.21,88.47,202.79,0.7376,-1,-1,-1
598,10,313.51,913.93,99.08,164.11,0.8280,-1,-1,-1
599,33,364.96,272.84,66.00,191.22,0.7635,-1,-1,-1
599,32,1653.59,227.92,70.85,188.43,0.6444,-1,-1,-1
599,31,1715.10,452.19,79.73,212.48,0.8002,-1,-1,-1
599,24,1079.25,867.52,81.07,212.48,0.6914,-1,-1,-1
599,23,1171.39,880.84,85.83,199.16,0.7566,-1,-1,-1
599,10,313.00,916.56,101.89,161.36,0.8353,-1,-1,-1
600,33,365.29,275.06,65.85,191.34,0.7793,-1,-1,-1
600,32,1651.43,227.20,71.32,185.26,0.6426,-1,-1,-1
600,31,1715.56,452.43,78.23,210.65,0.8010,-1,-1,-1
600,24,1080.93,869.67,80.56,210.33,0.7342,-1,-1,-1
600,23,1177.19,885.01,80.28,194.99,0.7513,-1,-1,-1
600,10,313.78,918.82,104.59,158.30,0.8190,-1,-1,-1
601,33,363.73,274.13,66.45,196.06,0.7939,-1,-1,-1
601,32,1647.66,226.93,72.95,187.09,0.6824,-1,-1,-1
601,31,1715.20,451.99,79.87,212.74,0.8015,-1,-1,-1
601,24,1081.95,872.31,83.75,207.69,0.6917,-1,-1,-1
601,23,1174.64,886.97,83.80,193.03,0.7522,-1,-1,-1
601,10,314.03,920.47,103.76,157.14,0.8346,-1,-1,-1
602,33,365.15,274.34,64.14,196.04,0.7803,-1,-1,-1
602,32,1647.98,227.73,71.55,183.42,0.6910,-1,-1,-1
602,31,1713.52,452.74,81.70,211.30,0.7717,-1,-1,-1
602,24,1079.98,875.42,86.41,204.58,0.7415,-1,-1,-1
602,23,1174.30,888.69,85.20,191.31,0.7362,-1,-1,-1
602,10,315.44,922.46,104.53,154.39,0.8083,-1,-1,-1
603,33,363.43,276.75,66.51,194.12,0.7911,-1,-1,-1
603,32,1647.53,228.39,68.94,183.24,0.7110,-1,-1,-1
603,31,1713.12,453.08,83.10,213.70,0.7991,-1,-1,-1
603,24,1081.12,878.20,86.05,201.80,0.7286,-1,-1,-1
603,23,1175.38,891.11,83.57,188.89,0.6702,-1,-1,-1
603,10,315.82,925.08,103.97,151.58,0.7521,-1,-1,-1
604,33,364.92,276.77,64.84,195.66,0.7700,-1,-1,-1
604,32,1649.76,227.76,64.84,182.42,0.6780,-1,-1,-1
604,31,1711.45,452.60,83.79,211.40,0.7942,-1,-1,-1
604,24,1080.09,881.02,90.29,198.98,0.6670,-1,-1,-1
604,10,317.43,927.03,104.02,152.25,0.8169,-1,-1,-1
605,33,362.86,276.80,67.60,194.88,0.7703,-1,-1,-1
605,32,1648.37,228.44,65.63,178.88,0.6131,-1,-1,-1
605,31,1712.60,451.81,83.53,212.98,0.7935,-1,-1,-1
605,10,319.19,930.75,100.71,146.35,0.8015,-1,-1,-1
606,33,362.55,277.39,67.58,194.32,0.7836,-1,-1,-1
606,31,1713.19,453.28,83.23,211.93,0.7957,-1,-1,-1
606,10,321.08,933.87,98.94,144.36,0.8228,-1,-1,-1
607,33,363.42,278.28,66.78,193.00,0.7904,-1,-1,-1
607,31,1711.24,453.24,85.55,211.75,0.8094,-1,-1,-1
607,16,251.66,1003.86,83.49,76.14,0.7199,-1,-1,-1
607,10,321.78,936.48,97.16,141.94,0.8085,-1,-1,-1
608,33,360.96,277.75,68.93,192.41,0.7398,-1,-1,-1
608,31,1711.47,452.73,85.19,212.57,0.8067,-1,-1,-1
608,16,250.86,1006.17,85.18,73.83,0.7257,-1,-1,-1
608,10,321.65,941.08,98.49,137.13,0.8079,-1,-1,-1
609,33,361.73,276.87,68.03,192.90,0.7708,-1,-1,-1
609,31,1713.49,453.23,82.30,211.29,0.8279,-1,-1,-1
609,16,250.97,1010.89,84.53,69.11,0.6829,-1,-1,-1
609,10,319.59,943.79,100.13,133.11,0.7997,-1,-1,-1
610,33,360.91,279.27,68.36,191.05,0.7795,-1,-1,-1
610,32,1640.26,222.06,67.37,182.34,0.6405,-1,-1,-1
610,31,1713.09,453.42,82.92,210.87,0.8225,-1,-1,-1
610,16,250.65,1014.13,82.09,65.87,0.6377,-1,-1,-1
610,10,320.10,946.39,98.57,130.79,0.7935,-1,-1,-1
611,33,359.84,280.73,69.67,190.58,0.7954,-1,-1,-1
611,32,1639.82,218.91,66.52,183.33,0.6547,-1,-1,-1
611,31,1712.24,453.41,83.98,211.77,0.8348,-1,-1,-1
611,10,319.75,948.57,96.41,128.98,0.7841,-1,-1,-1
612,33,359.25,283.15,68.51,191.32,0.7600,-1,-1,-1
612,32,1637.69,216.30,67.59,185.49,0.6773,-1,-1,-1
612,31,1710.96,452.44,85.30,211.55,0.8400,-1,-1,-1
612,10,320.27,950.03,96.12,128.20,0.7857,-1,-1,-1
613,33,359.63,286.48,66.90,192.94,0.7687,-1,-1,-1
613,32,1636.15,213.43,68.22,188.71,0.6916,-1,-1,-1
613,31,1712.66,452.14,82.72,212.16,0.8339,-1,-1,-1
613,26,580.17,548.27,98.98,234.44,0.7612,-1,-1,-1
613,10,320.03,952.88,94.87,124.20,0.6199,-1,-1,-1
614,33,358.40,285.76,67.58,197.27,0.7699,-1,-1,-1
614,32,1634.57,211.99,69.35,188.35,0.6469,-1,-1,-1
614,31,1713.09,451.78,82.32,211.76,0.8246,-1,-1,-1
614,26,577.65,549.13,100.41,234.55,0.7435,-1,-1,-1
614,10,320.42,953.94,95.22,123.47,0.8021,-1,-1,-1
615,33,357.48,286.65,67.52,197.55,0.7631,-1,-1,-1
615,32,1631.79,209.80,70.77,189.30,0.6239,-1,-1,-1
615,31,1713.47,451.61,81.54,212.88,0.8264,-1,-1,-1
615,26,577.66,548.72,98.61,234.00,0.7194,-1,-1,-1
615,10,320.14,956.22,95.63,121.24,0.8131,-1,-1,-1
616,33,356.46,287.25,68.73,196.70,0.7743,-1,-1,-1
616,32,1630.21,209.41,72.48,187.59,0.6056,-1,-1,-1
616,31,1714.53,451.30,80.90,214.61,0.8253,-1,-1,-1
616,26,578.68,548.58,93.51,231.13,0.6241,-1,-1,-1
616,10,320.40,959.75,95.10,118.10,0.7978,-1,-1,-1
616,7,984.66,946.98,64.86,133.02,0.6786,-1,-1,-1
617,33,356.02,291.02,66.98,195.09,0.7469,-1,-1,-1
617,31,1714.45,452.13,81.01,211.76,0.8078,-1,-1,-1
617,26,578.09,544.86,71.21,232.21,0.6221,-1,-1,-1
617,10,320.80,962.14,96.39,115.92,0.7935,-1,-1,-1
617,7,982.36,945.29,65.94,134.71,0.7090,-1,-1,-1
618,33,355.29,292.02,66.82,195.22,0.7593,-1,-1,-1
618,31,1714.80,452.86,79.87,211.97,0.7960,-1,-1,-1
618,26,574.15,540.69,70.97,235.96,0.7136,-1,-1,-1
618,24,1111.70,907.64,78.17,172.36,0.7061,-1,-1,-1
618,10,320.17,964.62,97.54,113.74,0.7934,-1,-1,-1
618,7,981.44,944.67,65.64,135.33,0.7234,-1,-1,-1
619,33,353.80,295.08,66.62,194.79,0.6842,-1,-1,-1
619,31,1715.99,452.16,78.76,212.19,0.8035,-1,-1,-1
619,26,571.86,541.10,71.49,236.53,0.7410,-1,-1,-1
619,24,1112.01,912.35,82.47,167.65,0.6417,-1,-1,-1
619,10,320.21,967.31,97.99,110.88,0.7857,-1,-1,-1
619,7,978.49,943.55,65.95,136.45,0.7227,-1,-1,-1
620,33,353.59,294.13,65.56,196.95,0.6123,-1,-1,-1
620,31,1715.49,452.55,79.28,212.32,0.8045,-1,-1,-1
620,26,570.67,539.11,71.34,237.71,0.7666,-1,-1,-1
620,24,1112.90,915.13,79.97,164.87,0.6878,-1,-1,-1
620,10,320.11,968.66,97.76,109.80,0.7877,-1,-1,-1
621,33,351.28,293.47,67.46,197.56,0.7070,-1,-1,-1
621,31,1715.58,451.35,79.02,213.38,0.8183,-1,-1,-1
621,26,569.34,538.15,67.40,237.82,0.7647,-1,-1,-1
621,24,1113.08,916.52,75.56,163.48,0.7276,-1,-1,-1
621,10,319.41,971.89,99.87,106.52,0.7407,-1,-1,-1
622,31,1717.15,451.50,77.35,212.56,0.8103,-1,-1,-1
622,26,565.90,537.62,63.33,237.61,0.7991,-1,-1,-1
622,24,1114.02,917.91,73.26,162.09,0.7635,-1,-1,-1
622,10,320.55,975.86,98.50,102.11,0.7047,-1,-1,-1
623,31,1718.09,451.83,76.78,212.53,0.8081,-1,-1,-1
623,26,561.75,538.41,62.07,242.43,0.7760,-1,-1,-1
623,24,1114.04,919.69,79.21,159.83,0.6652,-1,-1,-1
623,10,321.45,981.58,96.49,95.59,0.6902,-1,-1,-1
623,7,969.53,943.48,63.56,136.52,0.6711,-1,-1,-1
624,31,1718.06,451.32,76.94,213.18,0.8058,-1,-1,-1
624,26,558.87,537.58,63.59,241.60,0.7895,-1,-1,-1
624,24,1113.87,921.00,79.03,159.00,0.7171,-1,-1,-1
624,10,323.03,985.41,94.71,91.52,0.6260,-1,-1,-1
624,7,964.01,942.06,65.66,137.94,0.6935,-1,-1,-1
625,33,345.88,294.26,67.15,194.39,0.6179,-1,-1,-1
625,31,1718.11,451.45,77.98,214.95,0.8026,-1,-1,-1
625,26,552.88,537.95,65.68,241.25,0.8028,-1,-1,-1
625,24,1114.24,921.78,78.74,158.22,0.7213,-1,-1,-1
625,7,962.14,938.81,64.90,141.19,0.7141,-1,-1,-1
626,33,343.85,295.23,67.97,193.81,0.6832,-1,-1,-1
626,31,1718.47,451.09,77.46,214.00,0.7953,-1,-1,-1
626,26,545.68,537.99,71.07,241.05,0.7987,-1,-1,-1
626,24,1114.21,922.05,81.62,157.95,0.7001,-1,-1,-1
626,7,958.28,938.46,65.98,141.54,0.7058,-1,-1,-1
627,33,343.33,295.93,68.71,193.18,0.6697,-1,-1,-1
627,31,1718.36,452.51,77.93,213.41,0.7937,-1,-1,-1
627,26,525.20,538.47,92.34,241.83,0.7753,-1,-1,-1
627,24,1114.61,922.89,79.83,157.11,0.7421,-1,-1,-1
627,7,958.42,937.55,63.40,142.45,0.7293,-1,-1,-1
628,33,343.16,296.11,68.32,192.66,0.6839,-1,-1,-1
628,31,1718.52,450.71,77.30,215.23,0.7712,-1,-1,-1
628,26,510.61,538.70,106.04,240.26,0.8326,-1,-1,-1
628,24,1113.61,923.87,82.88,156.13,0.7236,-1,-1,-1
628,7,956.05,936.14,61.99,143.86,0.7322,-1,-1,-1
629,33,343.16,297.30,67.79,192.07,0.7157,-1,-1,-1
629,31,1718.80,450.52,77.67,215.22,0.7771,-1,-1,-1
629,26,502.96,537.83,113.75,239.68,0.8541,-1,-1,-1
629,24,1113.65,924.11,83.91,155.89,0.7558,-1,-1,-1
629,7,953.84,934.64,62.03,145.36,0.7165,-1,-1,-1
630,33,341.25,297.51,69.40,194.43,0.7058,-1,-1,-1
630,31,1717.69,449.85,79.00,215.64,0.7775,-1,-1,-1
630,24,1113.72,925.90,86.42,154.10,0.7564,-1,-1,-1
630,7,952.59,933.32,59.75,146.68,0.7148,-1,-1,-1
631,33,341.08,297.67,69.31,201.65,0.7448,-1,-1,-1
631,31,1717.84,450.45,78.94,216.53,0.7810,-1,-1,-1
631,24,1114.13,927.67,88.69,152.33,0.7468,-1,-1,-1
631,7,950.31,931.89,59.63,148.11,0.7163,-1,-1,-1
632,33,340.38,297.74,68.96,204.68,0.6455,-1,-1,-1
632,31,1717.19,451.08,80.11,215.65,0.7996,-1,-1,-1
632,24,1113.74,930.97,94.76,149.03,0.7593,-1,-1,-1
632,7,948.45,930.62,59.76,149.38,0.7452,-1,-1,-1
633,33,340.45,299.04,67.95,204.73,0.7889,-1,-1,-1
633,31,1718.15,450.48,79.10,215.81,0.8033,-1,-1,-1
633,26,492.73,540.13,121.76,237.97,0.8594,-1,-1,-1
633,24,1114.48,934.56,97.27,145.23,0.7349,-1,-1,-1
633,7,946.78,929.63,59.90,150.37,0.6895,-1,-1,-1
634,33,339.90,299.84,68.29,205.20,0.8156,-1,-1,-1
634,31,1717.19,449.52,80.18,215.47,0.7949,-1,-1,-1
634,26,492.35,540.10,122.62,237.55,0.8491,-1,-1,-1
634,24,1113.57,938.80,99.04,141.02,0.7572,-1,-1,-1
634,7,945.53,928.62,59.41,151.38,0.7115,-1,-1,-1
635,33,340.16,302.55,66.82,205.32,0.8073,-1,-1,-1
635,32,1624.90,193.40,66.83,183.16,0.6175,-1,-1,-1
635,31,1716.75,450.06,80.54,214.63,0.8063,-1,-1,-1
635,26,492.75,538.18,121.63,239.69,0.8474,-1,-1,-1
635,24,1113.02,940.79,101.25,139.21,0.7484,-1,-1,-1
635,7,940.32,928.82,62.97,151.18,0.7179,-1,-1,-1
636,33,339.20,305.76,68.13,204.09,0.8222,-1,-1,-1
636,31,1716.47,450.47,81.23,215.34,0.8039,-1,-1,-1
636,26,494.93,538.86,115.07,237.85,0.8367,-1,-1,-1
636,24,1112.85,943.87,102.14,136.13,0.7355,-1,-1,-1
636,7,940.44,929.29,60.06,150.71,0.6823,-1,-1,-1
637,33,339.42,307.59,67.49,203.69,0.8167,-1,-1,-1
637,31,1716.71,450.03,81.00,216.18,0.8104,-1,-1,-1
637,26,496.20,538.85,112.70,237.17,0.8168,-1,-1,-1
637,24,1113.32,947.76,106.27,132.24,0.7193,-1,-1,-1
637,7,936.80,929.30,62.46,150.37,0.6755,-1,-1,-1
638,33,339.30,308.20,67.79,205.44,0.8143,-1,-1,-1
638,31,1717.26,450.38,79.36,215.04,0.8011,-1,-1,-1
638,26,496.81,539.18,102.84,237.01,0.8130,-1,-1,-1
638,24,1114.25,950.40,110.72,129.60,0.6489,-1,-1,-1
638,10,327.83,1021.47,86.89,58.53,0.6222,-1,-1,-1
638,7,936.08,929.47,61.19,150.53,0.6597,-1,-1,-1
639,33,339.31,309.48,67.14,205.06,0.8239,-1,-1,-1
639,32,1622.28,191.66,65.21,181.20,0.6501,-1,-1,-1
639,31,1717.48,451.28,79.36,215.42,0.8292,-1,-1,-1
639,26,499.18,539.77,94.24,236.40,0.8115,-1,-1,-1
639,7,933.12,928.53,61.58,151.47,0.6414,-1,-1,-1
640,33,338.89,309.57,68.31,206.45,0.8216,-1,-1,-1
640,32,1623.28,191.70,63.04,180.94,0.6001,-1,-1,-1
640,31,1716.75,451.36,80.00,214.65,0.8184,-1,-1,-1
640,26,499.44,539.84,87.16,236.62,0.8291,-1,-1,-1
640,7,930.95,928.28,62.85,151.72,0.6110,-1,-1,-1
641,33,338.23,310.84,68.36,204.08,0.8174,-1,-1,-1
641,31,1716.61,451.52,80.68,213.56,0.8156,-1,-1,-1
641,26,499.37,539.41,81.71,236.43,0.8206,-1,-1,-1
642,33,338.50,310.66,68.72,204.59,0.8131,-1,-1,-1
642,31,1716.65,451.99,79.83,214.23,0.8077,-1,-1,-1
642,26,495.84,539.08,76.15,237.75,0.8335,-1,-1,-1
643,33,338.29,311.40,68.97,204.05,0.7934,-1,-1,-1
643,31,1715.86,452.28,80.89,213.36,0.8066,-1,-1,-1
643,26,491.51,539.25,68.85,236.07,0.8319,-1,-1,-1
644,33,337.20,312.18,70.04,202.95,0.8122,-1,-1,-1
644,31,1715.72,451.67,80.88,213.78,0.8041,-1,-1,-1
644,26,484.55,539.85,66.39,236.81,0.8344,-1,-1,-1
644,7,924.20,929.22,60.47,150.78,0.7170,-1,-1,-1
645,33,337.37,313.74,69.83,200.74,0.7956,-1,-1,-1
645,31,1716.24,452.16,80.59,213.74,0.8075,-1,-1,-1
645,26,476.21,540.34,70.46,237.78,0.8364,-1,-1,-1
645,7,921.95,929.59,61.62,150.41,0.7421,-1,-1,-1
646,33,336.66,316.43,70.17,198.48,0.8034,-1,-1,-1
646,32,1620.45,185.32,60.69,181.29,0.6696,-1,-1,-1
646,31,1715.73,453.53,81.48,212.84,0.8221,-1,-1,-1
646,26,469.25,539.04,75.99,238.93,0.8426,-1,-1,-1
646,7,919.50,928.93,62.48,151.07,0.7348,-1,-1,-1
647,33,336.04,319.21,69.39,195.96,0.8191,-1,-1,-1
647,32,1620.56,183.36,60.82,186.46,0.6882,-1,-1,-1
647,31,1715.96,452.42,81.76,213.55,0.8165,-1,-1,-1
647,26,466.57,538.66,76.46,238.96,0.8470,-1,-1,-1
647,7,913.64,929.05,65.95,150.52,0.7343,-1,-1,-1
648,33,335.95,319.54,68.65,199.08,0.8246,-1,-1,-1
648,32,1619.32,181.60,60.95,178.44,0.7039,-1,-1,-1
648,31,1716.80,452.41,80.24,212.45,0.8068,-1,-1,-1
648,26,461.84,537.99,79.13,239.36,0.8447,-1,-1,-1
648,7,910.52,929.92,69.15,149.59,0.7503,-1,-1,-1
649,36,1383.39,951.33,87.91,126.35,0.7374,-1,-1,-1
649,33,334.83,320.73,68.57,201.31,0.8294,-1,-1,-1
649,32,1617.92,180.95,61.95,179.61,0.7277,-1,-1,-1
649,31,1717.05,452.41,80.99,212.85,0.8053,-1,-1,-1
649,26,459.55,538.97,79.86,237.47,0.8526,-1,-1,-1
649,7,906.49,929.94,70.19,149.69,0.7677,-1,-1,-1
650,36,1378.50,947.66,86.18,129.76,0.6597,-1,-1,-1
650,35,1455.11,930.23,96.27,148.85,0.6944,-1,-1,-1
650,33,334.61,322.23,67.40,205.52,0.8193,-1,-1,-1
650,32,1617.60,179.95,62.85,179.61,0.7204,-1,-1,-1
650,31,1717.92,452.81,79.42,212.44,0.8142,-1,-1,-1
650,26,454.68,537.13,82.58,239.37,0.8578,-1,-1,-1
650,7,904.12,932.03,70.16,147.27,0.7859,-1,-1,-1
651,36,1371.07,946.27,89.70,131.99,0.6525,-1,-1,-1
651,35,1456.39,928.15,93.03,151.85,0.7005,-1,-1,-1
651,33,333.62,322.83,67.88,205.94,0.8270,-1,-1,-1
651,32,1616.57,179.28,64.44,177.37,0.7151,-1,-1,-1
651,31,1717.82,453.18,79.85,212.23,0.8045,-1,-1,-1
651,26,453.77,537.57,82.45,238.52,0.8615,-1,-1,-1
651,7,902.25,931.52,70.79,148.20,0.7879,-1,-1,-1
652,36,1367.74,944.16,91.50,135.80,0.6267,-1,-1,-1
652,35,1454.87,924.16,91.40,155.30,0.6265,-1,-1,-1
652,33,333.15,325.80,67.22,205.59,0.8216,-1,-1,-1
652,32,1615.55,176.88,65.00,177.34,0.7336,-1,-1,-1
652,31,1717.88,453.14,78.38,212.34,0.8058,-1,-1,-1
652,26,451.58,536.83,84.35,238.83,0.8570,-1,-1,-1
652,7,900.10,931.19,70.91,147.23,0.7567,-1,-1,-1
653,36,1364.79,942.28,91.77,137.05,0.7011,-1,-1,-1
653,35,1450.39,917.53,92.39,162.47,0.6613,-1,-1,-1
653,33,333.48,327.15,65.70,205.78,0.8311,-1,-1,-1
653,32,1614.95,174.70,66.41,176.95,0.7858,-1,-1,-1
653,31,1718.89,452.30,78.63,212.95,0.8108,-1,-1,-1
653,26,449.95,536.47,86.51,238.79,0.8636,-1,-1,-1
653,7,898.88,931.99,68.42,146.24,0.7464,-1,-1,-1
654,36,1360.92,940.91,90.69,137.15,0.7133,-1,-1,-1
654,35,1448.93,915.26,91.37,164.74,0.6537,-1,-1,-1
654,33,333.91,328.74,64.02,206.27,0.8234,-1,-1,-1
654,32,1614.38,172.63,68.20,179.73,0.7417,-1,-1,-1
654,31,1719.38,451.99,78.51,212.72,0.8117,-1,-1,-1
654,26,451.91,535.95,85.04,239.51,0.8634,-1,-1,-1
654,7,898.78,932.64,64.41,145.85,0.7159,-1,-1,-1
655,36,1359.57,938.96,90.46,139.68,0.7084,-1,-1,-1
655,35,1445.32,913.84,92.03,166.06,0.6727,-1,-1,-1
655,33,333.01,330.29,63.82,204.80,0.8091,-1,-1,-1
655,32,1613.18,169.59,69.97,182.37,0.6778,-1,-1,-1
655,31,1718.82,451.81,78.81,213.49,0.8022,-1,-1,-1
655,26,452.42,535.77,83.20,239.65,0.8663,-1,-1,-1
655,7,894.84,932.37,65.52,145.94,0.7109,-1,-1,-1
656,36,1358.76,936.33,90.19,142.35,0.7238,-1,-1,-1
656,35,1440.20,909.80,95.03,169.56,0.6054,-1,-1,-1
656,33,331.45,331.72,65.33,206.16,0.8064,-1,-1,-1
656,32,1612.50,169.04,71.01,179.59,0.6617,-1,-1,-1
656,31,1719.34,451.58,77.94,213.70,0.8102,-1,-1,-1
656,26,454.37,534.43,80.90,240.63,0.8715,-1,-1,-1
656,7,891.10,932.66,66.72,145.67,0.7415,-1,-1,-1
657,36,1359.18,933.22,89.12,146.11,0.7390,-1,-1,-1
657,35,1434.57,906.92,96.88,172.39,0.6095,-1,-1,-1
657,33,329.90,333.20,65.27,205.46,0.7971,-1,-1,-1
657,32,1612.09,167.98,72.53,180.28,0.6682,-1,-1,-1
657,31,1719.05,451.60,78.88,213.56,0.8072,-1,-1,-1
657,26,455.09,534.72,79.62,240.51,0.8667,-1,-1,-1
657,7,886.98,932.10,68.42,146.96,0.7488,-1,-1,-1
658,36,1354.74,929.52,90.39,148.89,0.7515,-1,-1,-1
658,33,328.14,333.85,65.54,204.92,0.8080,-1,-1,-1
658,32,1610.91,168.14,73.98,178.42,0.6797,-1,-1,-1
658,31,1719.67,451.47,77.25,214.62,0.7954,-1,-1,-1
658,26,453.63,533.31,79.16,242.15,0.8517,-1,-1,-1
658,7,884.48,932.65,69.53,146.84,0.7533,-1,-1,-1
659,36,1352.10,926.95,90.54,151.80,0.7500,-1,-1,-1
659,33,324.60,333.42,69.16,204.56,0.8377,-1,-1,-1
659,32,1610.98,167.83,74.64,178.38,0.6777,-1,-1,-1
659,31,1718.63,451.74,79.46,214.27,0.6704,-1,-1,-1
659,26,452.69,530.42,79.37,244.02,0.8553,-1,-1,-1
659,7,882.14,932.84,68.32,146.08,0.7447,-1,-1,-1
660,36,1349.83,923.38,91.51,153.94,0.7583,-1,-1,-1
660,33,322.12,334.18,70.14,203.52,0.8433,-1,-1,-1
660,32,1612.33,167.37,74.18,179.57,0.7184,-1,-1,-1
660,26,450.47,530.69,75.30,241.61,0.8452,-1,-1,-1
660,7,880.26,932.12,67.53,146.49,0.7009,-1,-1,-1
661,36,1348.01,920.77,89.78,156.35,0.7523,-1,-1,-1
661,33,320.90,333.64,69.65,203.55,0.8182,-1,-1,-1
661,32,1612.95,167.10,75.33,175.31,0.7064,-1,-1,-1
661,26,448.85,530.02,66.92,240.49,0.8126,-1,-1,-1
661,7,879.77,930.80,64.02,149.20,0.7093,-1,-1,-1
662,33,320.38,334.95,69.68,202.18,0.8219,-1,-1,-1
662,32,1612.86,166.86,75.93,176.11,0.6742,-1,-1,-1
662,26,444.02,529.98,67.66,241.60,0.8664,-1,-1,-1
662,7,876.72,930.37,63.86,149.63,0.7207,-1,-1,-1
663,33,320.64,335.52,68.64,201.64,0.8262,-1,-1,-1
663,32,1615.16,165.26,74.31,175.20,0.6482,-1,-1,-1
663,26,439.78,528.89,66.60,240.96,0.8711,-1,-1,-1
663,7,875.45,929.92,62.00,150.08,0.7406,-1,-1,-1
664,33,320.05,336.70,68.64,200.43,0.8133,-1,-1,-1
664,32,1615.20,164.19,75.99,180.24,0.6569,-1,-1,-1
664,31,1717.92,451.04,80.97,213.73,0.8068,-1,-1,-1
664,26,435.00,527.85,66.06,242.34,0.8538,-1,-1,-1
664,7,872.38,930.10,63.47,148.94,0.7575,-1,-1,-1
665,36,1338.74,903.91,82.01,174.84,0.7269,-1,-1,-1
665,35,1419.41,887.48,94.46,191.97,0.7266,-1,-1,-1
665,33,316.73,336.57,71.24,200.49,0.8034,-1,-1,-1
665,32,1616.44,161.84,74.56,187.12,0.6354,-1,-1,-1
665,26,432.01,526.53,62.51,244.82,0.8232,-1,-1,-1
665,7,868.76,931.12,65.21,148.88,0.7483,-1,-1,-1
666,36,1334.48,903.11,81.68,175.72,0.7180,-1,-1,-1
666,35,1413.15,883.33,101.66,196.67,0.7387,-1,-1,-1
666,33,312.43,337.60,74.86,201.31,0.7801,-1,-1,-1
666,32,1617.70,160.46,73.40,185.45,0.6127,-1,-1,-1
666,26,428.82,526.72,62.98,248.94,0.8260,-1,-1,-1
666,7,867.14,930.57,65.48,148.83,0.7712,-1,-1,-1
667,36,1332.77,899.93,80.69,178.20,0.6821,-1,-1,-1
667,35,1409.06,877.91,101.96,202.09,0.7340,-1,-1,-1
667,33,306.71,340.13,80.82,201.09,0.8140,-1,-1,-1
667,32,1619.12,158.87,73.38,185.15,0.6740,-1,-1,-1
667,26,426.21,526.40,62.68,248.16,0.8271,-1,-1,-1
667,7,864.26,930.18,66.09,149.28,0.7548,-1,-1,-1
668,36,1331.01,899.30,81.38,178.63,0.6720,-1,-1,-1
668,35,1406.91,876.11,100.23,203.67,0.7420,-1,-1,-1
668,33,309.06,343.20,77.55,202.28,0.8198,-1,-1,-1
668,32,1621.39,158.03,72.07,182.40,0.6701,-1,-1,-1
668,31,1717.20,451.13,82.51,213.84,0.7926,-1,-1,-1
668,26,423.31,527.22,63.82,245.92,0.8519,-1,-1,-1
668,7,861.88,929.83,66.66,149.45,0.7597,-1,-1,-1
669,36,1329.81,898.33,79.65,179.51,0.7309,-1,-1,-1
669,35,1405.04,874.22,99.31,205.78,0.7618,-1,-1,-1
669,33,311.14,345.90,74.77,203.30,0.7970,-1,-1,-1
669,32,1621.99,156.43,72.66,182.43,0.6481,-1,-1,-1
669,31,1718.02,450.23,81.47,215.26,0.7720,-1,-1,-1
669,26,417.71,527.40,68.70,247.24,0.8326,-1,-1,-1
669,7,858.99,930.41,67.36,149.35,0.7380,-1,-1,-1
670,36,1327.09,896.81,78.82,181.34,0.7711,-1,-1,-1
670,35,1401.91,870.01,101.92,209.99,0.7465,-1,-1,-1
670,33,311.59,347.01,72.83,204.86,0.8090,-1,-1,-1
670,32,1623.49,156.27,72.12,182.11,0.6673,-1,-1,-1
670,31,1716.99,450.67,83.08,214.42,0.7914,-1,-1,-1
670,26,410.00,528.38,75.67,245.30,0.8433,-1,-1,-1
670,7,857.18,929.56,67.82,150.34,0.7477,-1,-1,-1
671,36,1325.27,895.90,76.90,182.15,0.7716,-1,-1,-1
671,35,1400.78,867.13,96.96,212.80,0.7060,-1,-1,-1
671,33,311.02,346.69,73.31,209.61,0.8345,-1,-1,-1
671,32,1624.56,155.38,70.83,179.11,0.6708,-1,-1,-1
671,31,1716.73,451.32,83.78,213.62,0.7982,-1,-1,-1
671,26,405.42,528.23,79.07,245.23,0.8565,-1,-1,-1
671,7,855.22,930.27,67.87,149.18,0.7573,-1,-1,-1
672,36,1319.28,895.14,80.75,183.23,0.8089,-1,-1,-1
672,35,1402.71,863.81,98.22,216.19,0.7314,-1,-1,-1
672,33,311.50,347.86,71.90,208.32,0.8468,-1,-1,-1
672,32,1625.67,155.13,70.75,177.25,0.6211,-1,-1,-1
672,31,1716.76,450.12,83.38,214.54,0.7865,-1,-1,-1
672,26,403.04,529.15,80.81,243.67,0.8593,-1,-1,-1
672,7,854.31,929.13,67.10,149.92,0.7525,-1,-1,-1
673,36,1316.32,892.22,81.06,186.12,0.7789,-1,-1,-1
673,35,1404.63,863.29,92.35,216.71,0.7095,-1,-1,-1
673,33,311.66,350.32,71.20,208.50,0.8481,-1,-1,-1
673,32,1625.51,154.40,70.98,178.94,0.6074,-1,-1,-1
673,31,1716.55,451.35,84.59,214.33,0.8031,-1,-1,-1
673,26,400.81,530.63,83.10,243.08,0.8685,-1,-1,-1
673,7,853.64,929.97,66.04,149.99,0.7461,-1,-1,-1
674,36,1311.43,889.01,82.29,189.15,0.7973,-1,-1,-1
674,35,1401.61,862.44,91.12,217.56,0.6595,-1,-1,-1
674,33,311.36,351.01,71.22,209.73,0.8457,-1,-1,-1
674,31,1715.84,450.99,86.29,214.74,0.8097,-1,-1,-1
674,26,397.46,530.56,85.40,243.57,0.8655,-1,-1,-1
674,7,851.02,929.25,65.17,150.75,0.7449,-1,-1,-1
675,36,1305.43,886.39,84.13,193.21,0.8459,-1,-1,-1
675,35,1393.99,860.78,106.64,219.22,0.6065,-1,-1,-1
675,33,312.13,352.39,70.85,211.04,0.8350,-1,-1,-1
675,31,1715.69,450.88,86.29,213.20,0.7881,-1,-1,-1
675,26,393.43,530.05,89.48,243.10,0.8661,-1,-1,-1
675,7,851.13,930.68,62.45,149.32,0.7286,-1,-1,-1
676,36,1302.15,883.06,85.10,195.83,0.8583,-1,-1,-1
676,33,312.18,354.54,69.83,209.85,0.8286,-1,-1,-1
676,31,1716.92,451.72,84.67,212.49,0.8056,-1,-1,-1
676,26,389.99,532.25,92.66,241.35,0.8707,-1,-1,-1
676,7,849.18,930.87,61.58,149.13,0.7050,-1,-1,-1
677,36,1299.83,879.98,83.09,200.02,0.8480,-1,-1,-1
677,33,311.49,354.49,71.34,209.95,0.8284,-1,-1,-1
677,31,1716.22,451.55,85.72,213.48,0.8069,-1,-1,-1
677,26,383.79,531.68,97.64,242.20,0.8689,-1,-1,-1
677,7,847.65,930.60,62.40,149.40,0.7161,-1,-1,-1
678,36,1293.53,876.35,85.32,203.65,0.8363,-1,-1,-1
678,33,311.91,355.93,70.45,209.53,0.8222,-1,-1,-1
678,31,1716.50,451.68,85.50,213.72,0.7805,-1,-1,-1
678,26,378.22,531.11,103.16,242.28,0.8646,-1,-1,-1
678,7,846.23,929.32,63.20,150.68,0.7263,-1,-1,-1
679,36,1287.86,873.86,89.15,206.14,0.8413,-1,-1,-1
679,35,1370.04,858.48,104.83,221.52,0.7474,-1,-1,-1
679,33,312.08,356.01,70.02,209.61,0.8001,-1,-1,-1
679,31,1716.28,451.49,85.71,212.88,0.7813,-1,-1,-1
679,26,372.36,530.66,107.69,243.00,0.8597,-1,-1,-1
679,7,844.33,927.03,65.43,152.97,0.7696,-1,-1,-1
680,36,1285.32,870.67,87.91,209.33,0.8532,-1,-1,-1
680,35,1368.99,857.83,99.36,222.17,0.7579,-1,-1,-1
680,33,310.46,357.05,72.29,207.40,0.8049,-1,-1,-1
680,31,1716.42,451.64,85.89,213.42,0.8080,-1,-1,-1
680,26,367.31,530.42,111.18,243.94,0.8619,-1,-1,-1
680,7,843.28,926.70,65.90,153.30,0.7852,-1,-1,-1
681,36,1278.63,867.66,92.00,212.34,0.8529,-1,-1,-1
681,35,1371.78,854.86,93.68,225.14,0.7941,-1,-1,-1
681,33,311.49,357.04,71.16,206.92,0.7879,-1,-1,-1
681,31,1717.52,451.82,84.51,212.92,0.8064,-1,-1,-1
681,26,358.83,529.99,118.33,244.19,0.8746,-1,-1,-1
681,7,841.07,925.73,68.09,154.27,0.8006,-1,-1,-1
682,36,1276.25,864.91,92.10,215.09,0.8536,-1,-1,-1
682,35,1372.99,850.82,89.27,229.18,0.8124,-1,-1,-1
682,33,310.08,357.25,71.62,207.64,0.8003,-1,-1,-1
682,31,1716.57,451.71,85.09,213.48,0.8130,-1,-1,-1
682,26,357.25,529.57,120.37,245.41,0.8514,-1,-1,-1
682,7,837.84,924.25,71.01,155.75,0.8147,-1,-1,-1
683,36,1271.44,863.41,94.04,216.59,0.8347,-1,-1,-1
683,35,1367.53,846.26,91.22,233.74,0.8249,-1,-1,-1
683,33,310.14,357.34,71.08,207.36,0.8108,-1,-1,-1
683,31,1717.15,452.38,84.79,212.83,0.8159,-1,-1,-1
683,26,353.22,529.04,123.14,246.80,0.8644,-1,-1,-1
683,7,835.38,924.30,73.26,155.70,0.8114,-1,-1,-1
684,36,1267.25,861.34,95.07,217.67,0.8514,-1,-1,-1
684,35,1359.43,839.51,94.80,240.49,0.8216,-1,-1,-1
684,33,309.80,358.02,70.33,206.86,0.8157,-1,-1,-1
684,31,1716.58,452.50,85.28,213.86,0.8050,-1,-1,-1
684,26,352.49,527.80,121.70,247.97,0.8601,-1,-1,-1
684,7,833.00,923.44,75.35,156.56,0.8098,-1,-1,-1
685,36,1266.99,859.70,91.58,218.80,0.8507,-1,-1,-1
685,35,1358.59,837.36,91.52,242.64,0.8466,-1,-1,-1
685,33,309.79,359.93,69.83,206.74,0.8044,-1,-1,-1
685,32,1618.33,153.40,66.66,182.27,0.6448,-1,-1,-1
685,31,1716.16,451.86,84.92,214.13,0.8205,-1,-1,-1
685,26,351.58,527.68,120.94,249.16,0.8644,-1,-1,-1
685,7,828.83,923.71,79.35,156.29,0.8172,-1,-1,-1
686,36,1264.74,857.30,93.00,222.26,0.8594,-1,-1,-1
686,35,1356.63,833.63,91.38,246.37,0.8530,-1,-1,-1
686,33,309.02,363.46,68.65,207.09,0.8034,-1,-1,-1
686,31,1716.05,450.77,85.75,214.79,0.8219,-1,-1,-1
686,26,351.79,529.01,117.10,247.98,0.8666,-1,-1,-1
686,7,828.19,922.25,80.26,157.23,0.8264,-1,-1,-1
687,36,1263.09,855.80,89.32,224.20,0.8256,-1,-1,-1
687,35,1353.20,830.58,91.04,249.00,0.8562,-1,-1,-1
687,33,309.79,366.71,67.14,207.55,0.7944,-1,-1,-1
687,31,1716.26,451.14,85.95,213.91,0.8244,-1,-1,-1
687,26,352.45,529.78,110.40,248.03,0.8636,-1,-1,-1
687,7,827.22,922.87,80.51,156.94,0.8140,-1,-1,-1
688,36,1261.72,853.34,87.26,226.66,0.8406,-1,-1,-1
688,35,1348.48,828.91,90.85,249.75,0.8672,-1,-1,-1
688,33,309.97,368.89,66.24,207.99,0.7956,-1,-1,-1
688,31,1715.56,451.50,86.69,213.96,0.6643,-1,-1,-1
688,26,353.37,529.37,106.43,248.69,0.8770,-1,-1,-1
688,7,824.42,923.21,83.00,156.48,0.8136,-1,-1,-1
689,36,1259.64,850.94,86.00,229.06,0.8466,-1,-1,-1
689,35,1345.29,826.56,93.50,253.44,0.8517,-1,-1,-1
689,33,310.28,369.42,64.72,207.41,0.7929,-1,-1,-1
689,31,1715.76,451.23,85.60,214.84,0.8203,-1,-1,-1
689,26,356.57,530.22,102.28,247.70,0.8826,-1,-1,-1
689,7,822.57,924.03,84.10,155.84,0.8047,-1,-1,-1
690,36,1257.80,848.61,86.87,231.39,0.8121,-1,-1,-1
690,35,1341.42,824.08,92.37,255.92,0.8432,-1,-1,-1
690,33,309.89,372.22,63.86,209.28,0.7814,-1,-1,-1
690,32,1611.96,143.68,66.15,178.46,0.6042,-1,-1,-1
690,31,1715.99,449.29,85.82,217.04,0.6688,-1,-1,-1
690,26,359.61,529.77,96.84,249.22,0.8904,-1,-1,-1
690,7,822.16,925.75,85.35,153.46,0.8216,-1,-1,-1
691,36,1255.96,845.55,86.58,233.70,0.8605,-1,-1,-1
691,35,1335.55,822.85,97.56,257.15,0.8419,-1,-1,-1
691,33,309.26,374.85,64.33,209.12,0.7929,-1,-1,-1
691,32,1610.34,141.96,66.49,178.45,0.6245,-1,-1,-1
691,31,1716.24,450.38,85.78,216.63,0.8237,-1,-1,-1
691,26,365.68,531.94,89.08,247.78,0.8962,-1,-1,-1
691,7,823.08,926.11,83.84,152.52,0.8194,-1,-1,-1
692,36,1254.79,842.20,84.50,236.54,0.8674,-1,-1,-1
692,35,1332.25,824.54,97.10,255.46,0.8417,-1,-1,-1
692,33,308.08,374.17,64.87,212.36,0.8115,-1,-1,-1
692,32,1608.78,140.72,67.05,179.04,0.6120,-1,-1,-1
692,31,1716.41,451.25,85.78,214.85,0.8150,-1,-1,-1
692,26,370.20,534.15,84.55,247.76,0.8867,-1,-1,-1
692,7,822.93,928.40,83.20,149.03,0.8196,-1,-1,-1
693,36,1253.48,839.51,81.47,240.49,0.8845,-1,-1,-1
693,35,1330.32,821.47,94.74,258.53,0.8853,-1,-1,-1
693,33,306.78,373.74,65.06,215.23,0.8060,-1,-1,-1
693,32,1607.47,138.64,66.63,178.93,0.6379,-1,-1,-1
693,26,374.76,534.73,78.90,249.46,0.8885,-1,-1,-1
693,7,823.49,928.22,82.55,149.47,0.8228,-1,-1,-1
694,36,1251.99,835.69,79.61,243.92,0.8939,-1,-1,-1
694,35,1327.58,819.39,95.47,260.61,0.8747,-1,-1,-1
694,33,305.32,374.36,66.08,215.82,0.7964,-1,-1,-1
694,26,379.02,535.27,74.94,248.11,0.8922,-1,-1,-1
694,7,822.97,928.70,84.43,148.94,0.8360,-1,-1,-1
695,36,1249.33,832.47,79.77,245.89,0.8827,-1,-1,-1
695,35,1327.37,817.68,93.92,262.32,0.8550,-1,-1,-1
695,33,304.77,374.20,66.37,215.55,0.7442,-1,-1,-1
695,26,381.35,535.40,71.98,248.69,0.8871,-1,-1,-1
695,7,822.69,930.76,85.08,147.50,0.8236,-1,-1,-1
696,36,1245.04,830.45,80.96,247.74,0.8765,-1,-1,-1
696,35,1325.57,814.88,93.19,265.12,0.8609,-1,-1,-1
696,33,302.13,374.54,68.96,215.01,0.7036,-1,-1,-1
696,31,1717.69,452.20,85.72,214.18,0.7976,-1,-1,-1
696,26,383.00,535.62,69.15,249.80,0.8805,-1,-1,-1
696,7,823.56,931.52,84.34,147.54,0.8180,-1,-1,-1
697,36,1242.10,829.09,81.36,249.41,0.8706,-1,-1,-1
697,35,1321.50,812.43,94.77,267.57,0.8783,-1,-1,-1
697,33,298.98,375.49,71.80,214.84,0.7154,-1,-1,-1
697,31,1716.83,452.56,86.71,214.41,0.7611,-1,-1,-1
697,26,383.75,536.84,68.27,248.77,0.8760,-1,-1,-1
697,7,824.89,932.83,83.38,146.41,0.8288,-1,-1,-1
698,36,1238.81,825.72,82.83,253.26,0.8727,-1,-1,-1
698,35,1318.21,808.93,95.08,271.07,0.8705,-1,-1,-1
698,33,298.56,376.00,72.40,214.11,0.7072,-1,-1,-1
698,31,1717.92,451.06,84.11,214.54,0.8145,-1,-1,-1
698,26,384.84,537.56,67.44,247.54,0.8741,-1,-1,-1
698,7,826.43,931.55,82.10,148.04,0.8408,-1,-1,-1
699,36,1235.11,822.35,84.54,255.27,0.8494,-1,-1,-1
699,35,1315.69,805.42,93.17,274.58,0.8401,-1,-1,-1
699,33,297.74,375.94,73.03,212.96,0.7445,-1,-1,-1
699,31,1718.30,450.56,82.86,215.51,0.8058,-1,-1,-1
699,26,385.38,537.77,65.05,246.73,0.8681,-1,-1,-1
699,7,826.93,932.41,82.43,147.13,0.8449,-1,-1,-1
700,36,1232.77,820.97,85.68,253.97,0.8323,-1,-1,-1
700,35,1313.77,802.12,90.53,272.72,0.8581,-1,-1,-1
700,33,296.27,376.47,73.55,212.17,0.7412,-1,-1,-1
700,31,1718.09,451.10,83.15,213.68,0.8062,-1,-1,-1
700,26,385.91,539.22,64.45,246.03,0.8746,-1,-1,-1
700,7,828.84,932.83,81.71,146.89,0.8425,-1,-1,-1
701,36,1227.51,818.47,90.60,258.24,0.8449,-1,-1,-1
701,35,1311.85,797.83,92.27,272.23,0.7354,-1,-1,-1
701,33,295.51,377.14,74.70,210.51,0.7499,-1,-1,-1
701,31,1717.32,450.65,84.72,215.78,0.8146,-1,-1,-1
701,26,386.01,539.33,63.05,244.71,0.8580,-1,-1,-1
701,7,829.50,932.27,84.58,147.01,0.8442,-1,-1,-1
702,36,1220.72,816.13,94.51,258.37,0.8411,-1,-1,-1
702,35,1310.57,792.52,92.36,262.23,0.8576,-1,-1,-1
702,33,295.32,376.89,74.81,211.05,0.7796,-1,-1,-1
702,31,1717.62,451.36,85.88,215.53,0.7498,-1,-1,-1
702,26,386.74,540.08,60.50,243.52,0.8515,-1,-1,-1
702,7,832.39,933.53,82.28,146.03,0.8462,-1,-1,-1
703,36,1219.32,814.65,92.62,259.82,0.8540,-1,-1,-1
703,35,1308.69,788.29,92.94,261.89,0.8693,-1,-1,-1
703,33,294.64,377.71,75.75,212.84,0.7798,-1,-1,-1
703,31,1717.75,451.73,85.54,216.50,0.8133,-1,-1,-1
703,26,387.94,540.68,58.64,243.20,0.8481,-1,-1,-1
703,7,834.19,934.04,82.52,145.25,0.8504,-1,-1,-1
704,36,1219.40,812.60,89.27,262.47,0.8553,-1,-1,-1
704,35,1309.58,785.53,90.50,264.64,0.8690,-1,-1,-1
704,33,293.82,379.69,76.47,214.63,0.7858,-1,-1,-1
704,31,1717.25,451.38,86.79,214.15,0.8166,-1,-1,-1
704,26,388.19,540.94,59.25,245.03,0.8407,-1,-1,-1
704,7,835.94,934.13,83.98,145.24,0.8560,-1,-1,-1
705,36,1218.83,810.60,86.68,265.89,0.8674,-1,-1,-1
705,35,1311.05,784.06,86.93,267.37,0.8593,-1,-1,-1
705,33,295.07,380.72,75.36,219.77,0.7908,-1,-1,-1
705,31,1718.34,452.60,85.28,212.37,0.8319,-1,-1,-1
705,26,389.68,540.54,58.72,245.91,0.8472,-1,-1,-1
705,7,838.53,934.22,83.36,145.39,0.8566,-1,-1,-1
706,36,1216.01,807.01,87.29,270.23,0.8702,-1,-1,-1
706,35,1308.87,782.84,85.30,267.80,0.8634,-1,-1,-1
706,33,292.86,385.10,77.66,219.16,0.7954,-1,-1,-1
706,31,1717.71,452.33,85.73,213.76,0.7975,-1,-1,-1
706,26,389.85,540.88,59.45,244.27,0.8473,-1,-1,-1
706,7,839.85,933.53,83.20,146.47,0.8590,-1,-1,-1
707,36,1214.49,805.60,84.32,262.05,0.7411,-1,-1,-1
707,35,1306.09,782.06,85.52,268.46,0.8633,-1,-1,-1
707,33,293.72,389.86,75.20,214.64,0.8100,-1,-1,-1
707,26,389.85,541.55,59.30,244.64,0.8616,-1,-1,-1
707,7,842.11,934.36,83.80,145.64,0.8580,-1,-1,-1
708,36,1211.53,802.25,85.33,263.17,0.8339,-1,-1,-1
708,35,1302.87,780.68,86.82,267.95,0.8638,-1,-1,-1
708,33,294.09,391.90,73.92,213.58,0.8027,-1,-1,-1
708,26,391.39,542.02,57.67,245.36,0.8534,-1,-1,-1
708,7,842.88,934.45,85.02,145.55,0.8578,-1,-1,-1
709,36,1208.23,799.45,85.01,259.91,0.8525,-1,-1,-1
709,35,1296.22,781.15,92.54,264.76,0.8637,-1,-1,-1
709,33,294.70,393.76,72.52,213.13,0.7248,-1,-1,-1
709,26,392.24,542.53,58.58,243.49,0.8583,-1,-1,-1
709,7,843.94,934.63,85.66,145.37,0.8583,-1,-1,-1
710,36,1205.81,795.80,84.30,259.44,0.8609,-1,-1,-1
710,35,1287.02,780.51,98.97,266.49,0.8607,-1,-1,-1
710,33,296.76,394.02,70.94,215.52,0.7807,-1,-1,-1
710,31,1719.04,452.17,85.01,213.62,0.8083,-1,-1,-1
710,26,392.29,542.39,60.70,241.55,0.8504,-1,-1,-1
710,7,845.04,935.83,84.76,144.17,0.8484,-1,-1,-1
711,36,1201.68,795.21,85.42,258.62,0.8327,-1,-1,-1
711,35,1275.89,779.74,106.89,266.81,0.8434,-1,-1,-1
711,33,296.65,393.96,70.13,219.81,0.8133,-1,-1,-1
711,32,1601.34,122.76,66.38,176.77,0.6421,-1,-1,-1
711,31,1718.77,452.65,85.38,213.40,0.7950,-1,-1,-1
711,26,392.02,543.17,64.15,240.74,0.8516,-1,-1,-1
711,7,845.76,934.51,84.86,145.49,0.8572,-1,-1,-1
712,36,1199.09,793.04,83.13,255.86,0.8852,-1,-1,-1
712,35,1275.34,778.70,104.30,267.18,0.7541,-1,-1,-1
712,33,297.87,395.55,70.37,219.19,0.7524,-1,-1,-1
712,32,1601.32,122.48,65.97,177.15,0.6482,-1,-1,-1
712,31,1717.89,451.36,86.79,216.70,0.7999,-1,-1,-1
712,26,392.62,543.40,65.68,240.43,0.8426,-1,-1,-1
712,7,847.60,934.64,84.17,145.36,0.8509,-1,-1,-1
713,36,1193.95,790.76,85.90,259.60,0.8761,-1,-1,-1
713,35,1274.84,779.63,100.30,262.91,0.8386,-1,-1,-1
713,33,298.23,397.26,71.37,218.33,0.6451,-1,-1,-1
713,32,1601.44,121.98,63.66,177.82,0.6614,-1,-1,-1
713,31,1718.63,451.85,85.19,214.12,0.7868,-1,-1,-1
713,26,393.28,543.54,70.29,238.87,0.8216,-1,-1,-1
713,7,849.34,934.36,83.60,145.64,0.8510,-1,-1,-1
714,36,1190.91,788.53,87.23,262.73,0.8808,-1,-1,-1
714,35,1272.98,776.85,98.11,258.29,0.8211,-1,-1,-1
714,33,297.33,398.73,73.67,218.27,0.7502,-1,-1,-1
714,26,392.31,543.90,74.90,238.96,0.8328,-1,-1,-1
714,7,852.30,934.69,81.69,145.31,0.8471,-1,-1,-1
715,38,1572.93,598.40,103.74,226.13,0.6718,-1,-1,-1
715,36,1190.22,786.04,84.02,263.66,0.8908,-1,-1,-1
715,35,1273.08,771.97,92.89,256.18,0.8689,-1,-1,-1
715,33,298.40,399.32,71.96,216.38,0.6462,-1,-1,-1
715,26,391.64,544.57,81.05,240.83,0.8010,-1,-1,-1
715,7,852.84,935.17,80.72,144.83,0.8487,-1,-1,-1
716,36,1187.99,785.32,84.09,264.20,0.8776,-1,-1,-1
716,35,1271.97,768.09,90.43,255.90,0.8698,-1,-1,-1
716,33,298.18,399.69,72.40,216.59,0.6345,-1,-1,-1
716,26,391.84,546.08,85.20,239.79,0.8165,-1,-1,-1
716,7,853.52,935.65,80.69,144.35,0.8361,-1,-1,-1
717,36,1185.60,784.09,84.92,263.73,0.8693,-1,-1,-1
717,35,1269.74,763.30,90.40,258.69,0.8575,-1,-1,-1
717,33,299.22,401.46,72.97,215.13,0.7690,-1,-1,-1
717,31,1719.11,451.48,85.09,214.20,0.7524,-1,-1,-1
717,26,391.13,545.83,88.46,240.31,0.8124,-1,-1,-1
717,7,854.70,935.74,79.21,144.26,0.8450,-1,-1,-1
718,36,1183.84,783.40,84.02,263.79,0.8572,-1,-1,-1
718,35,1267.17,759.87,87.67,254.33,0.8366,-1,-1,-1
718,33,299.29,402.24,72.53,213.35,0.7796,-1,-1,-1
718,31,1719.26,450.34,84.94,215.20,0.7883,-1,-1,-1
718,26,391.33,546.25,89.00,241.16,0.8188,-1,-1,-1
718,7,853.92,935.95,80.26,144.05,0.8396,-1,-1,-1
719,38,1570.35,596.38,106.14,230.72,0.6176,-1,-1,-1
719,36,1182.97,783.18,82.68,262.49,0.8517,-1,-1,-1
719,35,1265.68,754.78,86.64,258.31,0.8270,-1,-1,-1
719,33,299.10,402.47,73.30,212.94,0.7806,-1,-1,-1
719,26,390.98,546.73,90.89,241.85,0.8095,-1,-1,-1
719,7,853.38,936.44,80.45,143.56,0.8474,-1,-1,-1
720,36,1180.85,781.36,82.65,264.24,0.8574,-1,-1,-1
720,35,1263.84,750.99,85.26,261.76,0.8353,-1,-1,-1
720,33,299.24,405.06,73.74,209.81,0.8067,-1,-1,-1
720,26,391.51,547.69,90.60,241.05,0.8125,-1,-1,-1
720,7,852.38,938.17,81.09,141.83,0.8471,-1,-1,-1
721,36,1178.83,779.33,80.90,265.14,0.8600,-1,-1,-1
721,35,1262.26,748.95,84.62,265.80,0.8250,-1,-1,-1
721,33,299.26,406.96,74.48,212.18,0.8181,-1,-1,-1
721,26,392.94,548.67,94.33,242.33,0.7919,-1,-1,-1
721,7,852.14,938.26,81.41,141.74,0.8498,-1,-1,-1
722,36,1177.48,773.65,78.52,270.01,0.8819,-1,-1,-1
722,35,1256.18,747.35,88.45,264.75,0.8587,-1,-1,-1
722,33,298.92,408.23,74.55,215.50,0.8266,-1,-1,-1
722,26,394.44,550.00,94.82,241.60,0.8202,-1,-1,-1
722,7,851.01,938.76,82.22,141.24,0.8516,-1,-1,-1
723,36,1176.23,769.55,77.23,261.33,0.8543,-1,-1,-1
723,35,1253.70,745.49,88.54,270.36,0.8506,-1,-1,-1
723,33,298.72,409.17,74.89,218.94,0.8388,-1,-1,-1
723,26,395.61,550.20,94.33,242.30,0.8273,-1,-1,-1
723,7,851.18,938.67,80.88,141.33,0.8485,-1,-1,-1
724,36,1174.72,767.05,74.33,248.50,0.8578,-1,-1,-1
724,35,1248.88,744.19,87.18,270.37,0.8477,-1,-1,-1
724,33,298.63,411.06,74.52,220.12,0.8454,-1,-1,-1
724,26,397.46,550.44,92.42,243.29,0.8315,-1,-1,-1
724,7,849.25,939.24,82.06,140.76,0.8552,-1,-1,-1
725,36,1172.23,763.39,75.05,250.87,0.8445,-1,-1,-1
725,35,1244.09,743.21,90.20,270.58,0.8456,-1,-1,-1
725,33,299.18,413.81,74.48,218.60,0.8373,-1,-1,-1
725,26,401.01,551.38,91.15,243.01,0.8173,-1,-1,-1
725,7,848.13,941.53,82.14,138.47,0.8428,-1,-1,-1
726,36,1170.63,759.77,75.91,249.02,0.8645,-1,-1,-1
726,35,1242.02,742.07,89.63,272.28,0.8235,-1,-1,-1
726,33,299.00,415.47,73.97,218.24,0.8421,-1,-1,-1
726,26,403.23,551.59,89.55,243.44,0.8178,-1,-1,-1
726,7,846.14,942.43,83.71,137.57,0.8452,-1,-1,-1
727,36,1167.09,756.24,77.67,243.03,0.8601,-1,-1,-1
727,35,1239.88,740.82,91.68,271.83,0.8452,-1,-1,-1
727,33,299.39,418.29,73.82,216.98,0.8536,-1,-1,-1
727,31,1720.06,451.84,83.64,214.02,0.7787,-1,-1,-1
727,26,403.28,551.74,91.04,245.53,0.8322,-1,-1,-1
727,7,844.89,942.98,83.70,137.02,0.8516,-1,-1,-1
728,36,1162.63,753.96,80.01,250.04,0.8684,-1,-1,-1
728,35,1237.99,741.65,91.41,268.74,0.7850,-1,-1,-1
728,33,298.24,418.50,74.94,221.37,0.8440,-1,-1,-1
728,31,1719.34,452.47,84.53,212.67,0.7519,-1,-1,-1
728,26,405.31,551.29,89.27,245.76,0.7416,-1,-1,-1
728,7,843.15,942.29,84.57,137.71,0.8557,-1,-1,-1
729,36,1161.13,751.11,78.52,254.92,0.8657,-1,-1,-1
729,35,1235.73,740.71,91.71,265.64,0.8601,-1,-1,-1
729,33,298.55,419.78,73.31,221.89,0.8408,-1,-1,-1
729,31,1718.86,451.18,85.24,214.82,0.7550,-1,-1,-1
729,26,405.69,551.76,87.78,244.08,0.6494,-1,-1,-1
729,7,841.42,944.18,85.84,135.82,0.8593,-1,-1,-1
730,36,1157.44,751.28,79.06,257.52,0.8387,-1,-1,-1
730,35,1232.01,739.77,92.30,266.51,0.8469,-1,-1,-1
730,33,298.27,420.49,72.95,222.82,0.8279,-1,-1,-1
730,31,1719.09,452.03,85.86,214.08,0.7955,-1,-1,-1
730,26,408.47,551.15,86.70,245.20,0.8341,-1,-1,-1
730,7,839.59,943.91,86.69,136.09,0.8549,-1,-1,-1
731,36,1155.06,750.04,78.05,257.52,0.8674,-1,-1,-1
731,35,1230.85,737.45,89.79,269.61,0.8760,-1,-1,-1
731,33,297.62,420.66,72.78,221.37,0.7956,-1,-1,-1
731,31,1719.50,452.51,84.90,213.56,0.6664,-1,-1,-1
731,26,410.51,551.20,86.11,245.26,0.8450,-1,-1,-1
731,7,837.84,943.84,87.10,136.16,0.8577,-1,-1,-1
732,36,1152.57,748.68,78.65,260.02,0.8706,-1,-1,-1
732,35,1229.66,735.15,89.63,267.97,0.8839,-1,-1,-1
732,33,297.14,421.07,73.66,221.30,0.7682,-1,-1,-1
732,31,1717.83,452.04,86.89,214.57,0.6713,-1,-1,-1
732,26,414.22,551.05,84.55,246.34,0.8511,-1,-1,-1
732,7,838.03,944.74,85.53,135.26,0.8579,-1,-1,-1
733,36,1150.80,746.80,78.66,263.82,0.8688,-1,-1,-1
733,35,1227.92,730.61,86.05,256.75,0.8682,-1,-1,-1
733,33,296.30,421.80,73.99,220.27,0.7467,-1,-1,-1
733,26,416.05,551.04,83.56,246.29,0.8462,-1,-1,-1
733,7,836.07,944.66,86.51,135.34,0.8439,-1,-1,-1
734,36,1147.42,746.39,80.20,264.01,0.8720,-1,-1,-1
734,35,1227.33,725.93,83.02,250.02,0.8664,-1,-1,-1
734,33,295.84,422.42,74.25,219.15,0.7149,-1,-1,-1
734,26,421.28,551.73,80.31,246.05,0.8573,-1,-1,-1
734,7,835.52,944.82,86.41,135.18,0.8496,-1,-1,-1
735,36,1143.34,744.01,82.60,267.08,0.8478,-1,-1,-1
735,33,295.17,423.76,74.15,217.20,0.6805,-1,-1,-1
735,26,426.34,552.46,77.30,245.33,0.8564,-1,-1,-1
735,7,834.09,945.15,87.38,134.85,0.8442,-1,-1,-1
736,36,1142.49,741.34,83.52,263.52,0.8507,-1,-1,-1
736,33,294.81,424.60,74.45,216.64,0.6164,-1,-1,-1
736,31,1718.87,451.51,85.60,213.07,0.6073,-1,-1,-1
736,26,433.77,552.22,71.60,247.09,0.8800,-1,-1,-1
736,7,833.45,945.02,87.93,134.98,0.8416,-1,-1,-1
737,36,1139.53,739.17,84.58,263.65,0.8373,-1,-1,-1
737,33,295.26,425.92,73.34,214.28,0.7274,-1,-1,-1
737,31,1718.86,449.83,84.80,214.46,0.7056,-1,-1,-1
737,26,437.77,553.16,69.97,245.95,0.8785,-1,-1,-1
737,7,834.12,946.49,86.77,133.51,0.8469,-1,-1,-1
738,36,1137.35,736.83,82.64,264.89,0.8333,-1,-1,-1
738,35,1220.29,710.32,80.03,256.47,0.8453,-1,-1,-1
738,31,1718.52,449.69,84.73,214.06,0.8074,-1,-1,-1
738,26,441.16,553.85,67.81,246.32,0.8887,-1,-1,-1
738,7,834.17,946.10,86.98,133.90,0.8437,-1,-1,-1
739,36,1134.85,734.15,82.49,259.62,0.8501,-1,-1,-1
739,35,1219.26,708.44,79.96,259.80,0.8147,-1,-1,-1
739,31,1720.34,450.52,84.48,213.99,0.7690,-1,-1,-1
739,26,444.48,554.56,66.80,247.32,0.7511,-1,-1,-1
739,7,833.97,946.00,87.57,134.00,0.8433,-1,-1,-1
740,36,1132.32,732.31,83.73,253.81,0.8466,-1,-1,-1
740,35,1217.97,706.45,80.20,264.00,0.8554,-1,-1,-1
740,26,444.76,554.49,70.13,251.47,0.8607,-1,-1,-1
740,7,834.25,945.93,87.35,134.07,0.8408,-1,-1,-1
741,38,1573.39,594.22,101.29,229.84,0.6536,-1,-1,-1
741,36,1129.85,730.17,81.17,249.63,0.8346,-1,-1,-1
741,35,1216.10,706.16,80.49,262.80,0.8488,-1,-1,-1
741,26,446.95,556.36,68.50,251.98,0.8519,-1,-1,-1
741,7,834.85,946.19,87.30,133.81,0.8454,-1,-1,-1
742,38,1573.45,593.96,102.14,230.39,0.6900,-1,-1,-1
742,36,1126.84,726.16,80.69,249.54,0.8404,-1,-1,-1
742,35,1207.78,704.85,86.72,263.26,0.8138,-1,-1,-1
742,33,295.49,434.73,73.92,220.27,0.7959,-1,-1,-1
742,26,448.92,555.97,69.15,252.40,0.8590,-1,-1,-1
742,7,835.50,946.18,87.65,133.82,0.8437,-1,-1,-1
743,38,1571.19,592.06,104.83,232.10,0.6211,-1,-1,-1
743,36,1124.49,721.78,80.03,251.57,0.8483,-1,-1,-1
743,35,1203.20,704.67,88.41,262.83,0.8284,-1,-1,-1
743,33,294.57,437.27,74.64,219.37,0.8134,-1,-1,-1
743,31,1719.99,451.33,82.89,213.84,0.8080,-1,-1,-1
743,26,451.64,557.21,75.44,250.92,0.8403,-1,-1,-1
743,7,836.54,946.58,87.10,133.42,0.8383,-1,-1,-1
744,38,1571.71,594.18,102.61,230.04,0.6687,-1,-1,-1
744,36,1123.75,720.19,78.39,250.82,0.8557,-1,-1,-1
744,35,1200.04,703.65,87.66,263.18,0.8253,-1,-1,-1
744,33,295.31,440.39,73.85,218.40,0.7964,-1,-1,-1
744,31,1719.83,452.03,82.59,213.56,0.8145,-1,-1,-1
744,26,452.95,558.96,80.63,248.10,0.8225,-1,-1,-1
744,7,837.51,947.49,86.81,132.51,0.8417,-1,-1,-1
745,38,1572.55,593.35,102.56,231.12,0.6869,-1,-1,-1
745,36,1123.00,718.19,77.52,254.53,0.8552,-1,-1,-1
745,35,1199.24,705.20,86.67,258.79,0.8036,-1,-1,-1
745,33,296.31,442.13,73.03,219.84,0.7834,-1,-1,-1
745,26,454.91,559.62,88.31,245.16,0.8244,-1,-1,-1
745,7,838.59,947.62,87.30,132.38,0.7553,-1,-1,-1
746,38,1574.59,596.70,100.49,227.57,0.7221,-1,-1,-1
746,36,1119.93,717.53,79.02,255.83,0.8435,-1,-1,-1
746,35,1195.85,702.27,87.47,260.77,0.8569,-1,-1,-1
746,33,296.99,444.09,72.48,222.25,0.7813,-1,-1,-1
746,26,455.78,560.48,95.36,245.40,0.8445,-1,-1,-1
746,7,840.40,948.10,86.54,131.90,0.8287,-1,-1,-1
747,38,1570.43,591.41,106.20,233.26,0.6368,-1,-1,-1
747,36,1117.79,715.66,77.09,256.37,0.8360,-1,-1,-1
747,35,1188.66,700.74,90.05,263.94,0.8276,-1,-1,-1
747,33,298.13,444.75,71.95,224.36,0.8005,-1,-1,-1
747,26,456.39,560.70,98.27,248.07,0.8568,-1,-1,-1
747,7,843.93,948.54,83.85,131.46,0.6067,-1,-1,-1
748,36,1115.86,714.53,76.22,255.53,0.8624,-1,-1,-1
748,35,1187.66,698.41,86.29,257.22,0.8659,-1,-1,-1
748,33,297.73,445.42,73.00,222.40,0.7898,-1,-1,-1
748,26,456.21,562.30,102.13,247.88,0.8613,-1,-1,-1
748,7,845.61,949.14,82.95,130.86,0.8090,-1,-1,-1
749,36,1113.90,714.81,75.56,256.76,0.8475,-1,-1,-1
749,35,1185.38,696.81,85.68,244.58,0.8760,-1,-1,-1
749,33,299.24,445.63,72.53,224.09,0.7861,-1,-1,-1
749,26,457.48,563.53,104.51,248.96,0.8630,-1,-1,-1
749,7,847.55,950.78,82.55,129.22,0.8258,-1,-1,-1
750,36,1111.91,714.56,76.47,256.27,0.8457,-1,-1,-1
750,35,1183.66,694.47,85.23,254.61,0.8665,-1,-1,-1
750,33,299.55,446.88,73.16,222.21,0.7831,-1,-1,-1
750,26,458.34,563.62,105.55,250.14,0.8681,-1,-1,-1
750,7,850.27,952.63,81.03,127.37,0.8213,-1,-1,-1
751,38,1572.06,593.25,104.05,230.73,0.6511,-1,-1,-1
751,36,1109.94,713.27,72.80,255.51,0.8804,-1,-1,-1
751,35,1181.54,689.34,81.88,243.51,0.8881,-1,-1,-1
751,33,299.98,447.13,75.79,220.61,0.7640,-1,-1,-1
751,31,1716.31,453.69,84.97,211.34,0.7734,-1,-1,-1
751,26,459.39,564.17,105.78,249.47,0.8663,-1,-1,-1
751,7,852.51,953.11,81.34,126.89,0.8084,-1,-1,-1
752,36,1107.19,710.99,74.63,254.31,0.8826,-1,-1,-1
752,35,1179.85,685.88,80.37,242.74,0.8799,-1,-1,-1
752,33,300.90,447.88,75.79,220.94,0.8175,-1,-1,-1
752,31,1716.99,452.16,84.03,213.88,0.7810,-1,-1,-1
752,26,464.35,564.84,102.32,248.71,0.8570,-1,-1,-1
752,7,854.20,952.71,81.37,127.29,0.8060,-1,-1,-1
753,36,1105.89,708.43,73.24,254.85,0.8782,-1,-1,-1
753,35,1174.42,680.52,83.35,250.06,0.8484,-1,-1,-1
753,33,300.70,448.82,77.20,218.76,0.8290,-1,-1,-1
753,31,1716.54,451.03,83.53,214.77,0.7722,-1,-1,-1
753,26,468.37,565.77,98.94,248.24,0.8187,-1,-1,-1
753,7,855.92,952.85,81.27,127.15,0.8219,-1,-1,-1
754,36,1103.57,704.84,74.30,259.86,0.8755,-1,-1,-1
754,35,1172.94,676.67,82.67,252.31,0.8481,-1,-1,-1
754,33,300.33,450.29,78.54,215.42,0.8212,-1,-1,-1
754,31,1716.00,452.42,84.30,212.60,0.7582,-1,-1,-1
754,26,475.71,566.77,89.36,248.36,0.7697,-1,-1,-1
754,7,857.63,952.62,81.70,126.88,0.8307,-1,-1,-1
755,36,1101.11,702.25,74.96,258.03,0.8466,-1,-1,-1
755,35,1169.32,673.32,82.86,256.91,0.8579,-1,-1,-1
755,33,300.54,451.56,78.97,214.55,0.8326,-1,-1,-1
755,31,1716.93,450.49,81.32,214.35,0.7553,-1,-1,-1
755,26,481.59,566.38,81.66,248.47,0.8102,-1,-1,-1
755,7,859.99,952.59,81.15,127.32,0.8349,-1,-1,-1
756,36,1099.86,697.57,73.94,248.79,0.8449,-1,-1,-1
756,35,1168.19,671.74,82.76,259.50,0.8544,-1,-1,-1
756,33,300.58,453.08,81.24,214.09,0.8319,-1,-1,-1
756,31,1717.13,452.22,80.74,214.50,0.7577,-1,-1,-1
756,26,490.78,566.30,73.44,249.70,0.8049,-1,-1,-1
756,7,860.02,952.30,83.40,127.36,0.8337,-1,-1,-1
757,36,1097.64,693.88,75.39,246.70,0.8546,-1,-1,-1
757,35,1167.70,670.97,82.17,259.14,0.8461,-1,-1,-1
757,33,300.61,455.52,80.95,216.99,0.8391,-1,-1,-1
757,31,1718.13,451.77,79.03,213.32,0.7700,-1,-1,-1
757,26,499.63,566.32,69.20,246.53,0.8323,-1,-1,-1
757,7,860.83,953.73,84.51,126.27,0.8322,-1,-1,-1
758,36,1095.29,690.65,77.28,236.47,0.8546,-1,-1,-1
758,35,1165.64,670.88,84.82,259.44,0.8412,-1,-1,-1
758,33,300.20,458.69,80.89,219.50,0.8426,-1,-1,-1
758,31,1718.32,451.21,77.98,213.06,0.7955,-1,-1,-1
758,26,503.26,565.09,69.52,249.45,0.8425,-1,-1,-1
758,7,862.09,953.69,84.86,126.31,0.8268,-1,-1,-1
759,36,1094.10,687.94,75.98,240.88,0.8432,-1,-1,-1
759,35,1162.70,670.74,88.37,260.54,0.8316,-1,-1,-1
759,33,300.38,459.27,80.70,222.92,0.8486,-1,-1,-1
759,31,1718.61,451.16,77.11,212.98,0.7846,-1,-1,-1
759,26,507.84,564.86,69.22,249.90,0.8333,-1,-1,-1
760,36,1092.13,687.15,76.72,244.86,0.8538,-1,-1,-1
760,35,1160.27,670.30,89.46,259.06,0.8426,-1,-1,-1
760,33,300.71,462.70,80.46,223.64,0.8385,-1,-1,-1
760,31,1718.48,451.39,76.72,212.85,0.7887,-1,-1,-1
760,26,511.72,564.99,69.49,251.17,0.8320,-1,-1,-1
761,36,1088.11,684.93,76.41,246.66,0.8638,-1,-1,-1
761,35,1158.07,668.89,89.69,260.96,0.8461,-1,-1,-1
761,33,300.45,464.98,80.55,222.47,0.8236,-1,-1,-1
761,31,1718.18,450.49,77.25,213.50,0.7989,-1,-1,-1
761,26,514.52,565.32,71.27,249.51,0.8403,-1,-1,-1
762,38,1571.52,594.67,104.65,230.03,0.6582,-1,-1,-1
762,36,1086.80,682.59,74.80,249.06,0.8673,-1,-1,-1
762,35,1157.04,667.08,88.88,260.67,0.8401,-1,-1,-1
762,33,300.88,467.18,79.67,222.58,0.8350,-1,-1,-1
762,31,1718.95,450.92,76.79,212.17,0.7895,-1,-1,-1
762,26,517.08,567.40,73.99,247.88,0.8433,-1,-1,-1
762,7,867.18,955.08,88.45,124.92,0.8296,-1,-1,-1
763,36,1082.84,681.61,78.07,248.57,0.8738,-1,-1,-1
763,35,1154.93,664.77,85.95,260.34,0.8413,-1,-1,-1
763,33,300.76,468.74,77.78,224.31,0.8470,-1,-1,-1
763,31,1718.88,453.26,77.46,211.98,0.8058,-1,-1,-1
763,26,519.36,567.72,75.29,246.57,0.8331,-1,-1,-1
763,7,867.56,955.65,88.51,124.35,0.8162,-1,-1,-1
764,36,1081.97,679.80,76.02,253.14,0.8731,-1,-1,-1
764,35,1152.60,660.75,85.88,260.88,0.8277,-1,-1,-1
764,33,298.99,468.71,77.68,227.79,0.8474,-1,-1,-1
764,31,1718.67,452.13,77.69,212.41,0.8071,-1,-1,-1
764,26,520.49,568.42,77.50,245.60,0.8289,-1,-1,-1
764,7,868.63,956.12,86.34,123.88,0.7112,-1,-1,-1
765,36,1079.08,678.88,77.08,253.54,0.8699,-1,-1,-1
765,35,1150.50,659.05,85.57,260.95,0.7940,-1,-1,-1
765,33,298.73,469.19,76.31,230.04,0.8226,-1,-1,-1
765,31,1719.20,451.66,76.67,213.57,0.8014,-1,-1,-1
765,26,520.73,568.29,85.69,246.93,0.8246,-1,-1,-1
765,7,868.95,956.75,85.70,123.25,0.7958,-1,-1,-1
766,36,1076.23,678.67,78.91,255.22,0.8487,-1,-1,-1
766,35,1147.12,656.16,88.04,258.72,0.7795,-1,-1,-1
766,33,297.55,470.71,75.00,228.97,0.7469,-1,-1,-1
766,31,1720.36,452.33,75.36,212.35,0.8073,-1,-1,-1
766,26,523.48,569.32,92.28,246.29,0.8271,-1,-1,-1
766,7,869.78,956.57,85.22,123.43,0.7902,-1,-1,-1
767,36,1074.13,676.33,79.16,254.45,0.8518,-1,-1,-1
767,35,1144.66,651.99,85.93,251.45,0.6336,-1,-1,-1
767,33,296.18,471.91,75.37,227.84,0.7078,-1,-1,-1
767,31,1719.83,451.95,76.39,215.13,0.8067,-1,-1,-1
767,26,524.54,569.40,89.56,247.44,0.8362,-1,-1,-1
767,7,869.29,957.26,86.03,122.74,0.7839,-1,-1,-1
768,36,1073.40,674.76,78.75,253.97,0.8568,-1,-1,-1
768,35,1142.12,649.23,85.13,245.60,0.7516,-1,-1,-1
768,33,294.74,473.04,75.60,226.49,0.6507,-1,-1,-1
768,31,1720.54,451.23,74.92,213.78,0.7953,-1,-1,-1
768,26,524.42,569.54,90.34,247.69,0.8403,-1,-1,-1
768,7,869.84,957.25,86.09,122.75,0.8058,-1,-1,-1
769,36,1068.62,671.75,80.69,251.35,0.8748,-1,-1,-1
769,35,1142.06,647.34,80.64,241.28,0.8015,-1,-1,-1
769,33,293.94,473.30,76.71,226.87,0.7589,-1,-1,-1
769,31,1721.73,450.90,74.20,214.24,0.8062,-1,-1,-1
769,26,524.22,572.06,91.62,245.68,0.8430,-1,-1,-1
769,7,869.73,958.29,87.19,121.71,0.8149,-1,-1,-1
770,36,1064.58,670.96,80.72,248.06,0.8568,-1,-1,-1
770,35,1141.37,647.71,78.51,237.73,0.8898,-1,-1,-1
770,33,293.90,474.41,76.80,224.69,0.7380,-1,-1,-1
770,31,1722.08,451.80,73.97,213.10,0.8159,-1,-1,-1
770,26,524.31,571.65,93.34,245.66,0.8596,-1,-1,-1
770,7,870.25,957.26,88.05,122.74,0.8292,-1,-1,-1
771,36,1063.47,669.55,80.87,236.76,0.8548,-1,-1,-1
771,35,1139.22,645.93,78.01,241.13,0.8838,-1,-1,-1
771,33,292.91,473.59,74.76,224.66,0.6881,-1,-1,-1
771,31,1723.22,451.09,73.23,214.19,0.8195,-1,-1,-1
771,26,525.25,572.11,92.19,244.50,0.8525,-1,-1,-1
771,7,870.43,957.65,88.27,122.35,0.8325,-1,-1,-1
772,36,1061.78,666.71,82.65,239.40,0.8498,-1,-1,-1
772,35,1137.08,643.22,78.99,246.29,0.8731,-1,-1,-1
772,33,292.96,475.22,74.01,223.22,0.7506,-1,-1,-1
772,31,1722.92,451.78,73.71,212.35,0.8159,-1,-1,-1
772,26,527.72,571.09,91.21,244.18,0.8351,-1,-1,-1
772,7,870.79,958.02,89.43,121.98,0.8392,-1,-1,-1
773,36,1061.20,663.66,77.39,237.38,0.8801,-1,-1,-1
773,35,1135.52,641.98,77.84,247.42,0.8568,-1,-1,-1
773,33,292.26,476.48,77.33,223.15,0.7535,-1,-1,-1
773,31,1722.63,451.14,73.50,212.03,0.8184,-1,-1,-1
773,26,533.76,569.95,87.35,244.52,0.8148,-1,-1,-1
773,7,871.44,958.07,88.56,121.93,0.8551,-1,-1,-1
774,36,1059.40,660.61,75.15,237.46,0.8800,-1,-1,-1
774,35,1132.19,640.78,80.17,247.81,0.8509,-1,-1,-1
774,33,291.56,477.68,76.33,221.90,0.8055,-1,-1,-1
774,31,1724.13,451.42,72.29,212.33,0.8118,-1,-1,-1
774,26,537.40,569.56,83.34,244.96,0.8066,-1,-1,-1
774,7,871.58,957.97,89.46,122.03,0.8470,-1,-1,-1
775,36,1056.48,658.34,74.70,238.47,0.8744,-1,-1,-1
775,35,1125.97,638.27,84.17,252.02,0.8584,-1,-1,-1
775,33,290.91,478.68,75.93,222.30,0.8526,-1,-1,-1
775,31,1724.02,452.62,72.08,209.80,0.8170,-1,-1,-1
775,26,542.14,570.23,80.26,244.08,0.7859,-1,-1,-1
775,7,871.84,957.91,89.52,122.09,0.8559,-1,-1,-1
776,36,1055.04,654.99,73.11,241.61,0.8600,-1,-1,-1
776,35,1127.06,636.69,81.48,253.92,0.8398,-1,-1,-1
776,33,290.36,480.22,75.53,223.02,0.8575,-1,-1,-1
776,31,1723.56,451.79,72.29,211.40,0.8245,-1,-1,-1
776,26,547.52,571.43,75.49,243.09,0.7709,-1,-1,-1
776,7,872.01,958.99,88.88,121.01,0.8461,-1,-1,-1
777,36,1052.05,651.90,74.80,245.69,0.8468,-1,-1,-1
777,35,1123.71,635.77,82.78,255.28,0.8316,-1,-1,-1
777,33,289.87,481.06,75.40,226.86,0.8626,-1,-1,-1
777,31,1724.40,451.74,71.74,210.24,0.8245,-1,-1,-1
777,26,552.17,571.79,72.74,244.67,0.6397,-1,-1,-1
777,7,873.04,959.68,88.41,120.32,0.8391,-1,-1,-1
778,36,1051.40,649.77,73.90,247.77,0.8497,-1,-1,-1
778,35,1124.57,634.56,80.84,253.42,0.8417,-1,-1,-1
778,33,290.37,484.63,74.15,224.34,0.8583,-1,-1,-1
778,31,1723.99,451.96,72.30,210.39,0.8318,-1,-1,-1
778,26,560.66,571.90,66.21,245.19,0.8350,-1,-1,-1
778,7,873.31,959.35,88.68,120.65,0.8428,-1,-1,-1
779,36,1049.87,646.76,74.07,250.93,0.8553,-1,-1,-1
779,35,1117.40,632.56,85.44,253.83,0.8434,-1,-1,-1
779,33,290.35,486.59,74.13,225.32,0.8484,-1,-1,-1
779,31,1723.06,451.55,73.19,211.26,0.8247,-1,-1,-1
779,26,565.45,571.99,65.03,249.34,0.8278,-1,-1,-1
779,7,873.85,959.18,88.46,120.82,0.8436,-1,-1,-1
780,36,1048.23,646.46,74.21,250.55,0.8582,-1,-1,-1
780,35,1116.54,629.92,84.49,255.41,0.8638,-1,-1,-1
780,33,290.48,489.73,74.24,225.35,0.8420,-1,-1,-1
780,31,1723.67,451.56,73.01,211.84,0.8235,-1,-1,-1
780,26,568.87,572.43,62.85,248.00,0.8178,-1,-1,-1
780,7,873.64,959.55,88.29,120.45,0.8351,-1,-1,-1
781,36,1047.07,646.82,73.52,247.47,0.8549,-1,-1,-1
781,35,1112.66,627.55,84.65,254.87,0.8693,-1,-1,-1
781,33,290.05,491.08,74.17,227.12,0.8512,-1,-1,-1
781,31,1724.18,450.96,72.12,211.55,0.7876,-1,-1,-1
781,26,570.61,570.78,63.46,253.07,0.8014,-1,-1,-1
781,7,874.37,959.13,87.49,120.87,0.8298,-1,-1,-1
782,36,1045.07,646.33,72.69,247.69,0.8562,-1,-1,-1
782,35,1110.79,625.21,82.48,244.83,0.8700,-1,-1,-1
782,33,290.54,492.48,73.86,231.02,0.8566,-1,-1,-1
782,31,1723.06,450.72,73.32,211.05,0.8262,-1,-1,-1
782,26,570.09,572.69,66.39,256.79,0.7324,-1,-1,-1
782,7,874.93,958.68,86.71,121.32,0.8193,-1,-1,-1
783,36,1044.33,645.97,71.86,247.53,0.8603,-1,-1,-1
783,35,1110.40,622.33,80.14,241.33,0.8607,-1,-1,-1
783,33,290.69,493.66,73.54,233.75,0.8584,-1,-1,-1
783,31,1723.23,450.68,73.29,211.58,0.7937,-1,-1,-1
783,26,572.27,572.99,67.49,258.47,0.7390,-1,-1,-1
783,7,875.77,958.21,85.63,121.79,0.7999,-1,-1,-1
784,36,1042.55,644.41,69.63,246.37,0.8654,-1,-1,-1
784,35,1107.63,619.05,79.77,236.98,0.8589,-1,-1,-1
784,33,290.52,494.44,74.07,233.86,0.8498,-1,-1,-1
784,31,1722.78,450.23,73.18,213.32,0.8029,-1,-1,-1
784,26,574.85,573.09,67.53,244.27,0.6683,-1,-1,-1
784,7,876.34,958.09,84.33,121.91,0.7856,-1,-1,-1
785,38,1572.18,594.19,102.82,229.52,0.6112,-1,-1,-1
785,36,1041.31,642.78,69.81,247.76,0.8668,-1,-1,-1
785,35,1104.80,617.01,79.31,240.31,0.8139,-1,-1,-1
785,33,290.95,495.55,73.70,233.03,0.8512,-1,-1,-1
785,31,1722.89,450.54,73.44,211.70,0.8107,-1,-1,-1
785,26,579.94,573.71,63.86,244.95,0.6996,-1,-1,-1
785,7,878.01,956.31,82.06,123.69,0.7693,-1,-1,-1
786,36,1039.37,640.44,70.52,246.32,0.8589,-1,-1,-1
786,35,1103.66,614.69,75.58,240.43,0.8736,-1,-1,-1
786,33,290.63,496.70,74.40,232.05,0.8512,-1,-1,-1
786,31,1723.34,450.54,72.94,211.94,0.8157,-1,-1,-1
786,26,582.68,576.18,65.61,241.29,0.7044,-1,-1,-1
786,7,878.57,955.93,80.40,124.07,0.7755,-1,-1,-1
787,36,1036.54,637.71,71.26,245.42,0.8619,-1,-1,-1
787,35,1103.57,611.44,72.79,243.74,0.8883,-1,-1,-1
787,33,290.54,497.67,76.13,230.50,0.8408,-1,-1,-1
787,31,1723.55,451.18,73.02,211.45,0.8057,-1,-1,-1
787,7,879.59,955.25,78.65,124.75,0.8093,-1,-1,-1
788,36,1034.21,635.16,71.41,238.91,0.8510,-1,-1,-1
788,35,1100.91,609.90,74.26,247.77,0.8486,-1,-1,-1
788,33,289.53,498.81,77.76,229.08,0.8315,-1,-1,-1
788,31,1723.38,451.00,72.53,212.48,0.8017,-1,-1,-1
788,7,878.92,954.85,78.74,125.15,0.8119,-1,-1,-1
789,38,1571.46,594.92,103.09,229.20,0.7173,-1,-1,-1
789,36,1031.54,631.74,73.11,236.86,0.8244,-1,-1,-1
789,35,1096.55,607.48,77.89,252.79,0.8086,-1,-1,-1
789,33,288.65,500.38,79.21,227.25,0.8363,-1,-1,-1
789,31,1724.01,451.18,72.46,213.81,0.8125,-1,-1,-1
789,7,879.07,955.32,78.27,124.68,0.8171,-1,-1,-1
790,38,1572.06,594.60,102.30,228.87,0.7320,-1,-1,-1
790,36,1031.42,629.21,71.96,221.67,0.8153,-1,-1,-1
790,35,1094.98,608.68,78.32,250.88,0.7816,-1,-1,-1
790,33,289.10,501.46,78.98,224.11,0.8296,-1,-1,-1
790,31,1723.88,451.38,71.99,212.81,0.8155,-1,-1,-1
790,7,878.66,953.19,78.79,126.81,0.7415,-1,-1,-1
791,38,1571.13,593.84,101.94,230.08,0.7686,-1,-1,-1
791,36,1029.36,626.21,73.27,228.40,0.6772,-1,-1,-1
791,35,1092.80,608.09,81.00,252.57,0.6563,-1,-1,-1
791,33,288.73,502.11,79.17,224.97,0.8295,-1,-1,-1
791,31,1722.80,451.22,73.25,213.66,0.8206,-1,-1,-1
791,26,593.93,583.56,77.07,234.27,0.6959,-1,-1,-1
791,7,880.58,953.37,75.67,126.63,0.7898,-1,-1,-1
792,38,1569.75,590.66,103.66,233.14,0.7421,-1,-1,-1
792,36,1027.63,623.42,72.61,236.46,0.8275,-1,-1,-1
792,35,1091.94,605.48,83.24,255.14,0.7250,-1,-1,-1
792,33,288.40,503.27,79.29,224.48,0.8325,-1,-1,-1
792,31,1723.07,451.77,73.61,212.69,0.8423,-1,-1,-1
792,26,594.99,584.35,77.44,233.48,0.7116,-1,-1,-1
792,7,881.55,952.90,73.64,127.10,0.7864,-1,-1,-1
793,38,1570.18,593.02,103.11,230.53,0.7679,-1,-1,-1
793,36,1025.19,620.17,73.52,242.81,0.8333,-1,-1,-1
793,35,1091.66,604.74,82.90,255.43,0.7509,-1,-1,-1
793,33,288.80,506.55,79.11,226.00,0.8147,-1,-1,-1
793,31,1723.56,451.75,72.56,212.29,0.8312,-1,-1,-1
793,26,598.28,585.71,75.20,228.46,0.7122,-1,-1,-1
793,7,881.62,951.93,72.93,128.07,0.6976,-1,-1,-1
794,38,1570.28,590.65,103.15,233.12,0.7484,-1,-1,-1
794,36,1022.93,619.20,75.08,243.94,0.7849,-1,-1,-1
794,35,1089.60,605.41,85.40,254.73,0.7589,-1,-1,-1
794,33,288.73,509.45,77.69,228.81,0.8092,-1,-1,-1
794,31,1722.57,451.04,73.95,213.16,0.8403,-1,-1,-1
794,26,600.73,584.52,74.04,239.48,0.6375,-1,-1,-1
794,7,881.96,950.23,69.70,129.77,0.7302,-1,-1,-1
795,38,1569.42,590.31,104.53,234.13,0.7538,-1,-1,-1
795,36,1019.57,617.61,76.78,243.47,0.8122,-1,-1,-1
795,35,1087.49,604.66,86.48,256.09,0.8413,-1,-1,-1
795,33,288.71,511.17,76.13,232.07,0.8163,-1,-1,-1
795,31,1722.54,452.08,73.64,211.09,0.8437,-1,-1,-1
795,7,882.81,949.14,66.07,130.86,0.7075,-1,-1,-1
796,38,1571.09,588.63,103.06,235.96,0.6935,-1,-1,-1
796,36,1017.90,618.68,75.21,241.13,0.8497,-1,-1,-1
796,35,1086.68,603.27,83.13,254.34,0.8695,-1,-1,-1
796,33,288.90,513.68,75.96,233.69,0.8429,-1,-1,-1
796,31,1723.69,451.34,73.18,212.23,0.8409,-1,-1,-1
796,7,882.48,948.74,64.82,131.26,0.7022,-1,-1,-1
797,36,1016.13,617.54,74.52,245.95,0.8504,-1,-1,-1
797,35,1086.01,600.73,80.71,255.42,0.8739,-1,-1,-1
797,33,288.83,516.04,74.91,233.28,0.8447,-1,-1,-1
797,31,1723.82,450.60,73.22,214.45,0.8355,-1,-1,-1
798,36,1015.19,617.32,74.20,245.10,0.8513,-1,-1,-1
798,35,1084.30,598.85,80.88,254.64,0.8669,-1,-1,-1
798,33,287.99,516.61,75.96,236.21,0.8557,-1,-1,-1
798,31,1723.75,451.02,72.85,212.93,0.8404,-1,-1,-1
799,36,1014.61,616.79,72.39,245.30,0.6945,-1,-1,-1
799,35,1082.84,594.96,79.43,252.38,0.8494,-1,-1,-1
799,33,287.39,520.07,75.73,233.43,0.8582,-1,-1,-1
799,31,1724.52,451.38,71.50,212.46,0.8309,-1,-1,-1
800,38,1571.37,587.48,103.13,237.49,0.6576,-1,-1,-1
800,36,1012.61,615.54,73.23,244.42,0.8534,-1,-1,-1
800,35,1082.23,591.79,79.87,240.45,0.8367,-1,-1,-1
800,33,285.91,523.04,75.84,236.77,0.8628,-1,-1,-1
800,31,1723.62,451.60,72.46,211.38,0.8268,-1,-1,-1
801,36,1008.95,613.52,74.27,244.66,0.8815,-1,-1,-1
801,35,1078.48,589.19,81.23,233.42,0.8723,-1,-1,-1
801,33,284.14,523.40,76.26,236.24,0.8765,-1,-1,-1
801,31,1722.95,451.89,72.91,212.71,0.8290,-1,-1,-1
802,36,1008.63,612.01,74.06,245.40,0.8655,-1,-1,-1
802,35,1076.89,586.14,78.87,229.24,0.8689,-1,-1,-1
802,33,282.95,524.62,75.65,234.47,0.8710,-1,-1,-1
802,31,1723.00,451.13,72.92,211.86,0.8296,-1,-1,-1
803,36,1006.38,609.07,75.47,247.10,0.8553,-1,-1,-1
803,35,1076.90,583.72,76.10,234.43,0.8756,-1,-1,-1
803,33,281.89,525.54,76.50,234.21,0.8662,-1,-1,-1
803,31,1722.88,452.23,72.83,212.28,0.8264,-1,-1,-1
804,36,1004.25,605.60,75.08,244.93,0.8262,-1,-1,-1
804,35,1075.87,580.24,74.75,237.88,0.8523,-1,-1,-1
804,33,281.10,526.79,75.00,232.19,0.8621,-1,-1,-1
804,31,1722.64,451.93,73.03,212.55,0.8329,-1,-1,-1
805,36,1002.56,602.11,72.22,239.21,0.8370,-1,-1,-1
805,35,1075.14,578.18,74.13,242.46,0.8641,-1,-1,-1
805,33,278.97,527.39,76.72,231.87,0.8693,-1,-1,-1
805,31,1721.68,452.52,74.34,212.60,0.8251,-1,-1,-1
806,36,1000.36,599.48,71.75,237.49,0.8441,-1,-1,-1
806,35,1075.68,575.86,72.48,245.18,0.8769,-1,-1,-1
806,33,277.54,528.22,77.74,231.07,0.8707,-1,-1,-1
806,31,1722.11,451.92,74.09,212.45,0.8365,-1,-1,-1
806,7,881.53,938.63,59.30,141.37,0.6384,-1,-1,-1
807,36,998.36,597.25,71.39,234.48,0.8433,-1,-1,-1
807,35,1074.23,574.97,73.05,244.74,0.8741,-1,-1,-1
807,33,277.29,529.16,77.79,229.51,0.8635,-1,-1,-1
807,31,1722.08,452.61,74.19,213.02,0.8277,-1,-1,-1
807,7,881.52,937.73,58.30,142.27,0.6068,-1,-1,-1
808,36,998.12,595.45,69.43,230.86,0.8563,-1,-1,-1
808,35,1071.30,574.13,75.30,244.51,0.8706,-1,-1,-1
808,33,277.06,530.41,77.15,228.41,0.8662,-1,-1,-1
808,31,1722.17,452.28,74.16,212.34,0.8219,-1,-1,-1
808,7,881.52,937.03,58.02,142.97,0.6140,-1,-1,-1
809,36,997.10,594.07,67.31,234.15,0.8709,-1,-1,-1
809,35,1068.79,573.92,77.03,245.72,0.8804,-1,-1,-1
809,33,275.92,531.71,77.90,228.27,0.8513,-1,-1,-1
809,31,1722.60,452.21,73.54,213.07,0.8238,-1,-1,-1
809,7,881.74,937.38,57.62,142.62,0.6296,-1,-1,-1
810,38,1570.42,597.02,104.21,227.23,0.7258,-1,-1,-1
810,36,995.52,592.57,67.14,236.65,0.8735,-1,-1,-1
810,35,1066.22,573.77,78.09,244.03,0.8722,-1,-1,-1
810,33,275.74,533.35,77.48,229.10,0.8379,-1,-1,-1
810,31,1722.89,451.53,73.46,213.96,0.8275,-1,-1,-1
810,7,880.94,936.65,58.82,143.35,0.6679,-1,-1,-1
811,38,1571.26,599.45,102.94,224.49,0.7641,-1,-1,-1
811,36,992.79,592.46,66.90,236.34,0.8838,-1,-1,-1
811,35,1065.75,571.87,77.58,245.77,0.8740,-1,-1,-1
811,33,275.53,535.34,77.93,232.22,0.8626,-1,-1,-1
811,31,1722.87,451.53,73.06,212.39,0.8202,-1,-1,-1
811,7,879.85,936.09,61.77,143.91,0.7006,-1,-1,-1
812,38,1571.95,594.77,101.95,228.82,0.6951,-1,-1,-1
812,36,991.92,592.03,65.73,238.01,0.8756,-1,-1,-1
812,35,1064.17,570.93,75.62,245.27,0.8561,-1,-1,-1
812,33,274.92,537.27,77.71,232.94,0.8306,-1,-1,-1
812,31,1723.91,451.18,72.76,213.68,0.8211,-1,-1,-1
812,7,879.67,936.05,61.27,143.95,0.6995,-1,-1,-1
813,38,1570.94,598.12,104.10,225.90,0.7083,-1,-1,-1
813,36,988.63,591.82,67.19,238.30,0.8799,-1,-1,-1
813,35,1064.10,569.15,73.20,248.07,0.7893,-1,-1,-1
813,33,273.89,538.65,78.04,237.11,0.8588,-1,-1,-1
813,31,1723.74,451.24,72.72,213.44,0.8257,-1,-1,-1
813,7,878.76,936.24,62.50,143.76,0.7098,-1,-1,-1
814,38,1571.66,598.08,102.67,226.30,0.7341,-1,-1,-1
814,36,986.71,590.39,66.85,235.89,0.8788,-1,-1,-1
814,35,1063.33,566.89,72.87,242.27,0.7452,-1,-1,-1
814,33,272.83,540.47,78.71,234.13,0.8594,-1,-1,-1
814,31,1724.24,451.93,72.39,212.40,0.8265,-1,-1,-1
814,7,878.15,935.93,62.48,144.07,0.6899,-1,-1,-1
815,38,1571.93,596.96,103.76,226.98,0.7348,-1,-1,-1
815,36,985.93,590.47,66.68,232.90,0.8784,-1,-1,-1
815,35,1062.82,564.67,69.91,232.90,0.7952,-1,-1,-1
815,33,272.39,542.64,78.46,234.35,0.8797,-1,-1,-1
815,31,1724.18,452.30,72.33,211.48,0.8290,-1,-1,-1
815,7,878.45,935.60,62.32,144.40,0.7003,-1,-1,-1
816,38,1572.56,597.42,102.16,226.78,0.7477,-1,-1,-1
816,36,983.83,589.89,67.91,227.38,0.8750,-1,-1,-1
816,35,1062.28,564.07,67.83,230.12,0.8831,-1,-1,-1
816,33,271.29,545.70,79.68,237.78,0.8811,-1,-1,-1
816,31,1724.84,451.39,71.40,213.48,0.8281,-1,-1,-1
816,7,877.26,934.77,62.91,145.23,0.7305,-1,-1,-1
817,38,1571.01,598.58,103.80,225.42,0.7389,-1,-1,-1
817,36,982.31,588.52,66.83,222.45,0.8890,-1,-1,-1
817,35,1059.15,562.43,66.84,227.60,0.8828,-1,-1,-1
817,33,270.91,548.62,80.08,234.86,0.8837,-1,-1,-1
817,31,1724.12,451.78,72.08,212.18,0.8321,-1,-1,-1
817,7,876.61,934.72,62.07,145.28,0.7360,-1,-1,-1
818,38,1569.65,593.95,104.59,230.67,0.7345,-1,-1,-1
818,36,980.68,587.21,66.39,215.84,0.8796,-1,-1,-1
818,35,1056.01,559.94,68.28,228.71,0.8797,-1,-1,-1
818,33,271.88,550.63,79.43,238.77,0.8789,-1,-1,-1
818,31,1723.17,451.33,73.01,214.28,0.8238,-1,-1,-1
818,7,875.09,934.25,63.45,145.75,0.7791,-1,-1,-1
819,38,1571.23,597.94,102.06,226.40,0.7772,-1,-1,-1
819,36,978.79,585.95,64.65,215.12,0.8107,-1,-1,-1
819,35,1052.20,555.69,71.22,233.06,0.8954,-1,-1,-1
819,33,272.43,551.73,78.45,238.38,0.8643,-1,-1,-1
819,31,1723.75,451.99,72.40,212.81,0.8231,-1,-1,-1
819,7,873.84,935.05,65.45,144.95,0.7855,-1,-1,-1
820,38,1571.11,596.85,103.23,227.06,0.7706,-1,-1,-1
820,36,976.06,579.66,66.93,221.57,0.8459,-1,-1,-1
820,35,1046.87,554.28,74.77,234.47,0.8911,-1,-1,-1
820,33,273.42,552.34,77.47,239.01,0.8693,-1,-1,-1
820,31,1723.72,452.35,72.52,212.97,0.8212,-1,-1,-1
820,7,873.60,935.40,63.55,144.60,0.7748,-1,-1,-1
821,44,435.24,260.44,64.41,185.91,0.7040,-1,-1,-1
821,38,1570.94,597.78,102.79,226.35,0.7617,-1,-1,-1
821,36,974.21,577.29,67.37,222.64,0.8571,-1,-1,-1
821,35,1044.38,552.69,77.92,235.65,0.8973,-1,-1,-1
821,33,273.14,552.67,78.12,237.52,0.8568,-1,-1,-1
821,31,1724.07,451.61,72.37,213.57,0.8134,-1,-1,-1
821,7,873.72,935.14,63.83,144.86,0.7793,-1,-1,-1
822,44,435.59,262.24,64.47,183.83,0.6749,-1,-1,-1
822,38,1572.72,597.05,101.56,226.69,0.7877,-1,-1,-1
822,36,971.83,575.23,67.70,214.76,0.8733,-1,-1,-1
822,35,1041.92,551.44,80.43,237.63,0.8914,-1,-1,-1
822,33,273.06,554.14,79.06,237.07,0.8458,-1,-1,-1
822,31,1723.27,452.56,73.54,212.77,0.8252,-1,-1,-1
822,7,872.97,936.01,64.60,143.99,0.7757,-1,-1,-1
823,44,438.25,263.62,61.98,183.02,0.6601,-1,-1,-1
823,38,1571.44,596.21,102.64,227.47,0.7491,-1,-1,-1
823,36,970.60,571.86,68.04,225.96,0.8855,-1,-1,-1
823,35,1041.17,550.31,82.67,241.22,0.8817,-1,-1,-1
823,33,273.35,554.92,79.04,235.94,0.8526,-1,-1,-1
823,31,1723.03,452.57,73.20,212.88,0.8333,-1,-1,-1
823,7,872.39,936.81,64.11,143.19,0.7733,-1,-1,-1
824,44,437.59,264.94,62.37,181.86,0.6778,-1,-1,-1
824,38,1571.05,597.32,103.86,226.81,0.7189,-1,-1,-1
824,36,967.36,568.09,69.11,232.58,0.8746,-1,-1,-1
824,35,1036.74,548.46,88.07,243.88,0.8673,-1,-1,-1
824,33,272.81,555.54,80.08,235.67,0.8446,-1,-1,-1
824,31,1723.30,452.26,73.05,213.19,0.8176,-1,-1,-1
824,7,871.35,936.96,65.49,143.02,0.7846,-1,-1,-1
825,44,437.23,265.84,62.56,181.58,0.6814,-1,-1,-1
825,38,1572.39,600.01,100.95,223.71,0.7509,-1,-1,-1
825,36,966.38,566.62,67.73,233.36,0.8828,-1,-1,-1
825,35,1035.87,548.51,92.06,245.48,0.8631,-1,-1,-1
825,33,272.42,557.44,80.66,233.26,0.8475,-1,-1,-1
825,31,1721.79,452.43,74.37,212.67,0.8173,-1,-1,-1
825,7,870.48,937.73,65.07,142.27,0.7520,-1,-1,-1
826,44,435.58,265.81,63.77,181.86,0.6987,-1,-1,-1
826,38,1572.97,597.47,101.32,225.90,0.7361,-1,-1,-1
826,36,963.76,565.28,68.10,234.70,0.8836,-1,-1,-1
826,35,1035.14,547.70,92.13,242.82,0.8537,-1,-1,-1
826,33,272.27,559.44,80.90,231.31,0.8577,-1,-1,-1
826,31,1721.17,451.95,75.32,212.91,0.8328,-1,-1,-1
826,7,868.68,937.98,66.85,142.02,0.7614,-1,-1,-1
827,45,379.30,270.11,58.06,171.99,0.6313,-1,-1,-1
827,44,436.11,265.88,63.26,182.49,0.6914,-1,-1,-1
827,38,1571.78,597.80,103.22,225.82,0.7048,-1,-1,-1
827,36,963.44,564.88,67.06,233.45,0.8755,-1,-1,-1
827,35,1033.74,546.74,92.54,242.39,0.8552,-1,-1,-1
827,33,271.94,560.29,81.19,230.62,0.8604,-1,-1,-1
827,31,1721.65,452.47,74.81,212.05,0.8257,-1,-1,-1
827,7,869.18,939.25,66.74,140.75,0.7673,-1,-1,-1
828,45,375.82,271.11,59.49,175.07,0.6585,-1,-1,-1
828,44,436.81,265.24,62.42,183.47,0.7302,-1,-1,-1
828,38,1573.37,596.87,101.57,227.11,0.6997,-1,-1,-1
828,36,960.34,563.87,68.61,234.30,0.8766,-1,-1,-1
828,35,1033.52,544.93,93.00,243.77,0.8718,-1,-1,-1
828,33,272.04,562.04,80.83,230.58,0.8618,-1,-1,-1
828,31,1721.71,452.55,74.37,212.39,0.8356,-1,-1,-1
828,7,868.77,939.45,66.58,140.55,0.7649,-1,-1,-1
829,45,377.90,271.65,57.88,177.30,0.6884,-1,-1,-1
829,44,437.19,265.87,61.96,183.50,0.7591,-1,-1,-1
829,38,1572.14,596.95,102.76,226.33,0.7184,-1,-1,-1
829,36,959.51,563.74,68.48,235.35,0.8613,-1,-1,-1
829,35,1032.23,543.14,92.11,244.27,0.8538,-1,-1,-1
829,33,271.97,562.81,80.95,233.81,0.8663,-1,-1,-1
829,31,1722.54,451.97,73.77,213.01,0.8341,-1,-1,-1
829,7,868.84,940.15,66.64,139.85,0.7706,-1,-1,-1
830,45,371.90,272.34,61.84,177.76,0.7022,-1,-1,-1
830,44,435.45,266.36,63.60,183.55,0.7613,-1,-1,-1
830,38,1572.69,594.59,101.55,228.90,0.7315,-1,-1,-1
830,36,958.50,562.67,67.71,234.84,0.8489,-1,-1,-1
830,35,1032.61,541.20,92.25,245.55,0.8643,-1,-1,-1
830,33,272.19,564.15,80.32,238.47,0.8686,-1,-1,-1
830,31,1722.05,451.90,74.15,213.14,0.8423,-1,-1,-1
830,7,868.20,941.07,67.20,138.93,0.7587,-1,-1,-1
831,45,371.63,274.03,60.83,180.20,0.6599,-1,-1,-1
831,44,435.47,266.55,63.13,184.23,0.7368,-1,-1,-1
831,38,1573.58,594.25,100.32,229.51,0.7578,-1,-1,-1
831,36,957.18,561.02,68.15,235.78,0.8429,-1,-1,-1
831,35,1031.82,538.82,91.52,246.57,0.8640,-1,-1,-1
831,33,271.72,566.77,80.43,242.08,0.8737,-1,-1,-1
831,31,1722.76,452.21,73.52,213.55,0.8319,-1,-1,-1
831,7,867.69,942.02,68.03,137.98,0.7528,-1,-1,-1
832,45,371.03,273.60,61.82,181.25,0.6462,-1,-1,-1
832,44,435.38,266.93,63.39,184.94,0.7385,-1,-1,-1
832,38,1573.91,593.18,100.92,230.26,0.7594,-1,-1,-1
832,36,955.31,557.99,67.77,237.40,0.8260,-1,-1,-1
832,35,1030.75,535.35,86.60,244.05,0.8528,-1,-1,-1
832,33,271.05,570.15,81.35,240.99,0.8838,-1,-1,-1
832,31,1721.59,452.06,74.57,213.40,0.8432,-1,-1,-1
832,7,866.64,942.21,70.12,137.79,0.7194,-1,-1,-1
833,44,435.04,266.64,63.44,188.56,0.7307,-1,-1,-1
833,38,1572.98,591.42,101.41,232.12,0.7162,-1,-1,-1
833,36,954.11,556.69,67.38,236.74,0.8358,-1,-1,-1
833,35,1030.53,533.63,85.00,230.75,0.8399,-1,-1,-1
833,33,269.86,572.46,81.63,241.61,0.8823,-1,-1,-1
833,31,1721.01,452.12,75.29,213.71,0.8405,-1,-1,-1
833,7,867.53,942.98,69.82,137.02,0.7392,-1,-1,-1
834,44,435.53,266.90,62.46,191.39,0.7070,-1,-1,-1
834,38,1572.29,591.07,103.07,232.56,0.7438,-1,-1,-1
834,36,952.01,553.81,68.60,239.43,0.8379,-1,-1,-1
834,35,1030.99,528.71,82.87,232.52,0.8778,-1,-1,-1
834,33,269.43,574.63,81.22,241.08,0.8475,-1,-1,-1
834,31,1720.39,451.86,76.14,213.93,0.8367,-1,-1,-1
834,7,867.04,943.63,71.98,136.37,0.7595,-1,-1,-1
835,44,438.21,269.75,61.00,191.15,0.7352,-1,-1,-1
835,38,1571.28,589.67,103.84,233.97,0.7049,-1,-1,-1
835,36,949.87,552.28,68.83,238.13,0.8377,-1,-1,-1
835,35,1030.52,526.26,80.62,232.06,0.8785,-1,-1,-1
835,33,270.00,576.73,78.79,244.23,0.8765,-1,-1,-1
835,31,1720.01,451.43,76.54,214.67,0.8285,-1,-1,-1
835,7,865.63,943.28,74.92,136.72,0.7518,-1,-1,-1
836,44,438.28,271.56,60.50,191.67,0.7447,-1,-1,-1
836,38,1571.16,592.47,103.80,231.58,0.7031,-1,-1,-1
836,36,949.73,550.08,67.21,225.96,0.8522,-1,-1,-1
836,35,1032.45,523.48,76.09,233.86,0.8821,-1,-1,-1
836,33,269.16,579.36,79.37,243.65,0.8763,-1,-1,-1
836,31,1719.88,452.71,76.47,213.53,0.8270,-1,-1,-1
836,7,864.49,942.62,77.52,137.38,0.7851,-1,-1,-1
837,44,439.59,274.97,58.95,189.98,0.7336,-1,-1,-1
837,38,1569.78,590.66,106.85,233.58,0.6559,-1,-1,-1
837,36,947.83,547.77,66.90,226.01,0.8512,-1,-1,-1
837,35,1032.95,520.61,72.63,234.44,0.8724,-1,-1,-1
837,33,268.35,580.44,79.14,243.07,0.8683,-1,-1,-1
837,31,1720.82,452.29,75.58,213.92,0.8284,-1,-1,-1
837,7,865.58,942.97,76.35,137.03,0.7754,-1,-1,-1
838,44,434.99,273.13,63.51,193.49,0.7666,-1,-1,-1
838,38,1572.03,593.04,103.65,230.55,0.7361,-1,-1,-1
838,36,945.73,546.01,65.81,227.14,0.8615,-1,-1,-1
838,35,1034.41,520.02,70.73,234.64,0.8748,-1,-1,-1
838,33,267.76,581.94,78.73,241.10,0.8507,-1,-1,-1
838,31,1719.71,452.15,76.75,211.48,0.8321,-1,-1,-1
838,7,865.43,943.10,76.65,136.90,0.7674,-1,-1,-1
839,44,436.23,276.13,61.62,191.39,0.7431,-1,-1,-1
839,38,1571.24,592.92,105.65,230.51,0.6164,-1,-1,-1
839,36,945.22,543.59,65.50,228.56,0.8537,-1,-1,-1
839,35,1034.29,519.85,70.26,234.95,0.8749,-1,-1,-1
839,33,266.00,582.99,79.90,239.39,0.8132,-1,-1,-1
839,31,1720.49,451.85,75.64,212.63,0.8363,-1,-1,-1
839,7,865.38,942.00,77.21,138.00,0.7624,-1,-1,-1
840,44,434.68,273.96,63.65,193.62,0.7739,-1,-1,-1
840,38,1570.63,595.59,106.17,228.38,0.6841,-1,-1,-1
840,36,943.60,541.77,65.28,228.94,0.8505,-1,-1,-1
840,35,1033.64,519.48,70.12,233.67,0.8707,-1,-1,-1
840,33,263.28,584.11,81.01,238.38,0.8120,-1,-1,-1
840,31,1720.87,452.07,75.62,212.44,0.8401,-1,-1,-1
840,7,865.64,943.41,77.05,136.59,0.7505,-1,-1,-1
841,44,436.07,273.55,60.69,194.09,0.7779,-1,-1,-1
841,38,1571.71,595.32,105.04,229.08,0.7390,-1,-1,-1
841,36,942.46,539.83,65.03,233.04,0.8531,-1,-1,-1
841,35,1031.78,519.05,70.23,233.23,0.8640,-1,-1,-1
841,33,262.33,585.33,82.15,236.22,0.8392,-1,-1,-1
841,31,1720.29,451.45,76.35,213.08,0.8271,-1,-1,-1
841,7,867.53,943.16,77.96,136.84,0.7680,-1,-1,-1
842,45,359.80,277.63,65.55,178.84,0.6686,-1,-1,-1
842,44,435.42,272.62,62.45,194.20,0.7749,-1,-1,-1
842,38,1573.08,595.99,104.06,227.75,0.7039,-1,-1,-1
842,36,939.97,538.66,65.93,234.51,0.8550,-1,-1,-1
842,35,1027.14,517.65,73.82,233.07,0.8560,-1,-1,-1
842,33,261.93,585.69,82.72,236.32,0.8488,-1,-1,-1
842,31,1720.27,451.46,76.32,213.92,0.8131,-1,-1,-1
842,7,866.68,943.12,78.93,136.88,0.7495,-1,-1,-1
843,45,359.19,278.55,66.77,180.99,0.7055,-1,-1,-1
843,44,436.99,274.48,61.66,192.75,0.7797,-1,-1,-1
843,38,1571.31,594.39,105.54,230.25,0.6739,-1,-1,-1
843,36,938.43,537.56,66.60,234.92,0.8601,-1,-1,-1
843,35,1023.95,517.43,76.14,233.80,0.8675,-1,-1,-1
843,33,260.45,586.64,84.11,235.27,0.8627,-1,-1,-1
843,31,1719.56,451.83,77.62,212.95,0.8146,-1,-1,-1
843,7,867.17,943.35,80.01,136.65,0.7583,-1,-1,-1
844,45,358.94,279.92,66.23,182.24,0.7097,-1,-1,-1
844,44,436.29,275.48,62.47,192.11,0.7841,-1,-1,-1
844,36,938.78,535.38,64.46,235.52,0.8720,-1,-1,-1
844,35,1022.13,517.02,75.40,232.03,0.8818,-1,-1,-1
844,33,261.22,587.71,83.18,234.91,0.8704,-1,-1,-1
844,31,1719.79,451.53,76.82,212.92,0.8277,-1,-1,-1
844,7,867.46,942.79,79.47,137.21,0.7639,-1,-1,-1
845,45,360.07,282.62,63.91,181.46,0.7238,-1,-1,-1
845,44,437.03,276.01,60.81,192.35,0.7776,-1,-1,-1
845,36,937.15,534.83,65.90,235.55,0.8640,-1,-1,-1
845,35,1022.16,517.14,73.02,228.95,0.8786,-1,-1,-1
845,33,261.07,588.48,83.40,235.34,0.8681,-1,-1,-1
845,31,1718.94,452.04,77.64,212.70,0.8289,-1,-1,-1
845,7,866.60,943.18,80.63,136.82,0.7504,-1,-1,-1
846,45,358.10,283.89,65.66,181.57,0.7368,-1,-1,-1
846,44,438.01,277.73,59.78,190.96,0.7721,-1,-1,-1
846,36,935.46,533.90,66.24,234.53,0.8751,-1,-1,-1
846,35,1020.72,515.79,73.90,229.29,0.8754,-1,-1,-1
846,33,260.72,589.54,84.29,236.87,0.8650,-1,-1,-1
846,31,1718.94,451.35,77.65,213.32,0.8279,-1,-1,-1
846,7,866.53,944.08,80.93,135.92,0.7600,-1,-1,-1
847,45,358.33,288.37,65.09,179.04,0.7040,-1,-1,-1
847,44,437.89,277.69,59.46,190.38,0.7453,-1,-1,-1
847,38,1570.26,595.07,104.65,228.57,0.7144,-1,-1,-1
847,36,934.54,533.29,66.16,232.88,0.8620,-1,-1,-1
847,35,1019.12,512.85,73.17,234.39,0.8541,-1,-1,-1
847,33,260.59,593.43,84.73,236.37,0.8516,-1,-1,-1
847,31,1718.17,452.10,78.59,211.97,0.8298,-1,-1,-1
847,7,866.88,944.04,81.96,135.96,0.7245,-1,-1,-1
848,45,356.95,288.23,65.18,179.87,0.7188,-1,-1,-1
848,44,435.59,275.68,61.07,193.33,0.7538,-1,-1,-1
848,38,1570.84,594.80,104.77,228.36,0.6866,-1,-1,-1
848,36,933.94,531.86,65.14,232.34,0.8753,-1,-1,-1
848,35,1017.77,510.87,71.61,226.80,0.8268,-1,-1,-1
848,33,261.87,595.60,83.49,238.08,0.8732,-1,-1,-1
848,31,1718.31,451.95,78.33,211.95,0.8363,-1,-1,-1
848,7,866.42,944.01,82.26,135.99,0.7434,-1,-1,-1
849,45,354.70,293.61,67.15,177.46,0.7338,-1,-1,-1
849,44,435.65,275.74,59.96,194.10,0.7469,-1,-1,-1
849,38,1573.44,595.44,101.80,228.62,0.7421,-1,-1,-1
849,36,932.90,529.62,64.18,232.48,0.8638,-1,-1,-1
849,35,1016.41,510.82,67.56,219.07,0.8746,-1,-1,-1
849,33,261.77,597.61,83.92,243.11,0.8735,-1,-1,-1
849,31,1718.26,451.68,78.11,211.76,0.8316,-1,-1,-1
849,7,866.35,944.65,83.13,135.35,0.7156,-1,-1,-1
850,44,436.67,276.30,60.62,198.15,0.7381,-1,-1,-1
850,38,1573.19,595.97,102.83,227.90,0.7551,-1,-1,-1
850,36,932.69,527.38,62.36,232.52,0.8712,-1,-1,-1
850,35,1014.76,507.67,66.90,222.32,0.8992,-1,-1,-1
850,33,262.15,599.02,83.49,242.32,0.8756,-1,-1,-1
850,31,1718.96,451.44,77.25,213.86,0.8275,-1,-1,-1
850,7,867.29,944.33,82.58,135.67,0.7230,-1,-1,-1
851,44,437.48,283.12,59.83,193.34,0.7126,-1,-1,-1
851,38,1573.00,594.38,102.91,229.60,0.7296,-1,-1,-1
851,36,929.45,525.45,64.10,235.04,0.8430,-1,-1,-1
851,35,1009.35,504.63,69.71,221.98,0.8937,-1,-1,-1
851,33,262.46,600.56,83.34,243.39,0.8820,-1,-1,-1
851,31,1717.99,451.97,78.25,211.20,0.8241,-1,-1,-1
851,7,867.97,944.37,83.71,135.63,0.7026,-1,-1,-1
852,44,435.94,287.45,60.71,190.90,0.6756,-1,-1,-1
852,38,1571.52,594.79,105.01,228.98,0.7015,-1,-1,-1
852,36,927.31,523.30,63.79,220.41,0.8146,-1,-1,-1
852,35,1008.17,502.79,69.08,224.43,0.8796,-1,-1,-1
852,33,264.81,603.52,81.77,243.84,0.8759,-1,-1,-1
852,31,1718.73,452.14,77.64,212.39,0.8154,-1,-1,-1
852,7,868.45,944.75,83.25,135.25,0.6356,-1,-1,-1
853,44,435.86,287.73,60.68,193.01,0.6837,-1,-1,-1
853,38,1571.57,594.45,103.98,229.74,0.6385,-1,-1,-1
853,36,925.46,520.89,65.95,212.13,0.8344,-1,-1,-1
853,35,1003.11,501.19,72.14,226.00,0.8879,-1,-1,-1
853,33,265.43,606.25,82.85,243.85,0.8662,-1,-1,-1
853,31,1719.77,451.54,77.00,212.26,0.8132,-1,-1,-1
853,7,868.70,944.52,83.43,135.48,0.6561,-1,-1,-1
854,44,435.20,288.47,62.77,195.10,0.6856,-1,-1,-1
854,36,925.63,518.20,65.82,222.52,0.8467,-1,-1,-1
854,35,997.48,499.41,76.83,228.51,0.8858,-1,-1,-1
854,33,265.46,606.76,83.46,245.56,0.8711,-1,-1,-1
854,31,1718.08,452.49,78.58,212.06,0.8021,-1,-1,-1
854,7,868.43,944.52,83.57,135.48,0.7066,-1,-1,-1
855,44,433.86,290.02,63.91,195.65,0.6513,-1,-1,-1
855,36,925.02,515.53,64.87,223.28,0.8686,-1,-1,-1
855,35,997.20,497.13,76.52,231.42,0.8765,-1,-1,-1
855,33,267.79,608.72,82.00,246.01,0.8724,-1,-1,-1
855,31,1718.61,451.82,78.12,212.07,0.8083,-1,-1,-1
855,7,869.58,944.07,82.68,135.93,0.7230,-1,-1,-1
856,44,432.77,291.42,64.60,196.23,0.7259,-1,-1,-1
856,36,924.11,513.14,64.99,223.88,0.8874,-1,-1,-1
856,35,995.68,496.07,79.53,232.52,0.8841,-1,-1,-1
856,33,268.10,610.54,82.42,243.24,0.8646,-1,-1,-1
856,31,1718.87,452.59,78.31,213.53,0.8244,-1,-1,-1
856,7,871.88,944.22,81.20,135.78,0.7561,-1,-1,-1
857,44,432.14,292.75,64.57,195.60,0.7085,-1,-1,-1
857,38,1572.70,594.07,104.33,230.13,0.6826,-1,-1,-1
857,36,921.77,510.90,66.38,225.99,0.8869,-1,-1,-1
857,35,995.65,495.49,80.29,234.22,0.8704,-1,-1,-1
857,33,269.26,610.86,82.49,241.53,0.8484,-1,-1,-1
857,31,1718.96,453.14,77.04,213.49,0.8219,-1,-1,-1
857,7,872.59,943.30,80.00,136.70,0.7390,-1,-1,-1
858,44,432.07,294.17,65.23,193.81,0.7050,-1,-1,-1
858,38,1574.03,595.56,101.93,228.39,0.7512,-1,-1,-1
858,36,921.18,510.46,66.14,224.62,0.8724,-1,-1,-1
858,35,991.08,494.65,84.86,234.77,0.8648,-1,-1,-1
858,33,270.35,611.70,82.47,242.29,0.8567,-1,-1,-1
858,31,1718.09,452.81,78.39,213.12,0.8121,-1,-1,-1
858,7,873.27,943.06,79.98,136.94,0.7494,-1,-1,-1
859,44,434.07,298.48,62.66,188.50,0.7065,-1,-1,-1
859,38,1573.86,595.06,103.12,229.17,0.7068,-1,-1,-1
859,36,919.96,510.51,64.21,223.87,0.8722,-1,-1,-1
859,35,992.22,494.98,83.58,234.37,0.8682,-1,-1,-1
859,33,270.12,611.44,83.72,243.78,0.8563,-1,-1,-1
859,31,1716.82,452.81,79.96,214.18,0.8071,-1,-1,-1
859,7,874.55,943.54,79.29,136.46,0.7612,-1,-1,-1
860,44,432.03,298.57,63.19,189.52,0.7221,-1,-1,-1
860,38,1573.34,595.17,104.60,228.32,0.6367,-1,-1,-1
860,36,918.25,509.46,64.36,225.35,0.8666,-1,-1,-1
860,35,988.84,493.81,86.76,234.71,0.8635,-1,-1,-1
860,33,270.14,612.06,84.72,241.48,0.8677,-1,-1,-1
860,31,1717.88,451.75,78.28,214.05,0.7957,-1,-1,-1
860,7,874.92,941.88,79.61,138.12,0.7575,-1,-1,-1
861,44,430.78,299.50,64.22,188.61,0.7006,-1,-1,-1
861,38,1572.47,599.84,103.15,223.95,0.7167,-1,-1,-1
861,36,916.90,507.72,64.26,227.21,0.8623,-1,-1,-1
861,35,988.68,492.90,87.02,234.36,0.8714,-1,-1,-1
861,33,270.19,613.35,85.85,240.40,0.8732,-1,-1,-1
861,31,1716.85,452.10,79.99,214.48,0.8104,-1,-1,-1
861,7,876.28,942.61,80.02,137.39,0.7805,-1,-1,-1
862,44,431.17,299.40,63.95,188.29,0.6786,-1,-1,-1
862,38,1572.24,598.38,104.96,225.10,0.6827,-1,-1,-1
862,36,916.05,506.54,64.54,229.69,0.8623,-1,-1,-1
862,35,988.97,490.97,83.48,234.17,0.8717,-1,-1,-1
862,33,270.17,613.04,85.10,240.04,0.8740,-1,-1,-1
862,31,1717.51,452.41,79.66,214.80,0.8021,-1,-1,-1
862,7,877.28,943.48,78.68,136.52,0.7634,-1,-1,-1
863,44,431.95,300.97,63.11,188.91,0.7046,-1,-1,-1
863,38,1572.19,595.61,104.93,227.65,0.6863,-1,-1,-1
863,36,913.42,505.28,65.75,229.16,0.8644,-1,-1,-1
863,35,989.32,488.71,83.66,235.33,0.8873,-1,-1,-1
863,33,270.42,613.75,85.51,240.73,0.8762,-1,-1,-1
863,31,1717.87,452.23,79.00,214.98,0.8091,-1,-1,-1
863,7,879.09,942.13,78.11,137.87,0.7737,-1,-1,-1
864,47,1385.99,1004.95,87.30,75.05,0.7552,-1,-1,-1
864,44,432.40,302.05,61.23,187.65,0.6702,-1,-1,-1
864,38,1573.21,595.58,104.34,227.78,0.6864,-1,-1,-1
864,36,913.23,502.99,65.71,230.43,0.8530,-1,-1,-1
864,35,985.95,485.68,83.37,236.56,0.8832,-1,-1,-1
864,33,271.21,615.18,85.38,239.80,0.8749,-1,-1,-1
864,31,1717.96,453.35,79.80,213.69,0.8103,-1,-1,-1
864,7,880.17,942.23,78.45,137.77,0.7896,-1,-1,-1
865,47,1383.05,1000.84,91.42,79.16,0.7321,-1,-1,-1
865,44,432.15,302.45,61.99,187.56,0.7026,-1,-1,-1
865,38,1572.45,595.49,104.86,228.08,0.6941,-1,-1,-1
865,36,911.04,500.77,65.94,228.72,0.8336,-1,-1,-1
865,35,985.93,484.01,82.67,235.49,0.8603,-1,-1,-1
865,33,272.76,618.46,84.07,243.54,0.8871,-1,-1,-1
865,31,1718.81,452.42,78.28,212.31,0.8048,-1,-1,-1
865,7,881.33,942.53,78.96,137.47,0.7761,-1,-1,-1
866,47,1380.61,997.20,92.29,82.80,0.6310,-1,-1,-1
866,44,432.08,303.43,62.13,186.54,0.6593,-1,-1,-1
866,38,1573.03,595.58,104.68,227.65,0.6551,-1,-1,-1
866,36,909.60,499.03,66.13,225.56,0.8178,-1,-1,-1
866,35,984.23,481.86,83.55,233.58,0.8315,-1,-1,-1
866,33,273.22,620.45,83.79,247.17,0.8810,-1,-1,-1
866,31,1719.60,452.49,77.98,213.54,0.7989,-1,-1,-1
866,7,882.55,942.44,80.34,137.56,0.7780,-1,-1,-1
867,44,430.94,301.54,63.02,191.32,0.6746,-1,-1,-1
867,38,1573.27,593.76,104.10,229.59,0.6634,-1,-1,-1
867,36,907.16,498.08,66.73,218.62,0.8052,-1,-1,-1
867,35,983.93,478.72,82.83,228.36,0.8461,-1,-1,-1
867,33,274.14,620.77,83.68,252.23,0.8826,-1,-1,-1
867,31,1719.48,452.34,78.18,215.01,0.8044,-1,-1,-1
867,7,885.90,941.56,78.83,138.44,0.7805,-1,-1,-1
868,44,432.05,301.53,60.38,196.11,0.6921,-1,-1,-1
868,38,1574.62,593.05,101.43,229.86,0.7102,-1,-1,-1
868,36,905.45,495.84,67.30,217.76,0.8076,-1,-1,-1
868,35,986.45,476.21,77.72,221.34,0.8556,-1,-1,-1
868,33,273.00,622.04,85.42,254.55,0.8836,-1,-1,-1
868,31,1719.72,452.56,76.86,213.35,0.7994,-1,-1,-1
868,7,888.53,941.33,78.13,138.67,0.7896,-1,-1,-1
869,44,432.47,303.20,60.42,198.35,0.6550,-1,-1,-1
869,38,1574.19,595.21,102.68,227.88,0.6931,-1,-1,-1
869,36,903.75,493.48,68.96,212.21,0.8128,-1,-1,-1
869,35,987.55,474.07,74.76,223.74,0.8569,-1,-1,-1
869,33,273.68,625.21,85.21,248.83,0.8249,-1,-1,-1
869,31,1719.41,452.63,77.83,213.36,0.7930,-1,-1,-1
869,7,892.81,940.77,76.74,139.23,0.7788,-1,-1,-1
870,44,433.42,308.33,59.95,196.84,0.7040,-1,-1,-1
870,38,1575.19,595.60,101.22,227.90,0.7101,-1,-1,-1
870,36,901.63,490.60,70.00,215.93,0.6025,-1,-1,-1
870,35,989.44,472.77,69.98,223.05,0.8563,-1,-1,-1
870,33,274.42,628.09,85.05,251.06,0.8796,-1,-1,-1
870,31,1719.12,453.42,77.94,210.53,0.7943,-1,-1,-1
870,7,894.63,940.55,75.84,139.45,0.7799,-1,-1,-1
871,44,433.11,309.25,59.41,195.90,0.6740,-1,-1,-1
871,38,1574.64,595.81,101.62,228.17,0.6595,-1,-1,-1
871,36,900.40,488.46,69.76,216.25,0.6094,-1,-1,-1
871,35,989.57,470.42,68.40,225.36,0.8652,-1,-1,-1
871,33,276.10,630.89,84.41,253.89,0.8822,-1,-1,-1
871,31,1718.71,452.71,78.43,213.32,0.7865,-1,-1,-1
871,7,897.07,941.59,74.41,138.41,0.7899,-1,-1,-1
872,47,1376.64,976.70,93.42,103.30,0.7547,-1,-1,-1
872,44,431.75,310.20,59.83,198.38,0.7119,-1,-1,-1
872,38,1572.06,596.56,104.30,227.30,0.6525,-1,-1,-1
872,36,899.17,487.62,69.76,217.86,0.8231,-1,-1,-1
872,35,988.83,469.41,67.82,226.08,0.8591,-1,-1,-1
872,33,278.03,633.30,82.38,254.54,0.8857,-1,-1,-1
872,31,1718.50,453.12,78.52,212.93,0.7918,-1,-1,-1
872,7,898.01,941.44,75.81,138.56,0.7812,-1,-1,-1
873,47,1374.32,975.19,94.33,104.81,0.7767,-1,-1,-1
873,44,432.55,312.85,58.90,196.05,0.7025,-1,-1,-1
873,38,1571.84,597.35,104.85,226.32,0.6075,-1,-1,-1
873,36,899.05,486.44,69.00,221.31,0.8088,-1,-1,-1
873,35,989.57,469.12,66.66,224.35,0.8536,-1,-1,-1
873,33,277.49,634.11,83.68,254.78,0.8848,-1,-1,-1
873,31,1718.32,453.56,78.15,211.42,0.7912,-1,-1,-1
873,7,900.30,941.44,75.77,138.56,0.7830,-1,-1,-1
874,47,1372.39,974.51,94.83,105.49,0.7796,-1,-1,-1
874,44,429.98,309.63,60.95,199.15,0.6953,-1,-1,-1
874,38,1573.42,598.45,103.61,225.25,0.6656,-1,-1,-1
874,36,899.04,483.67,68.16,222.36,0.7939,-1,-1,-1
874,35,989.48,468.30,66.56,224.66,0.8410,-1,-1,-1
874,33,277.56,635.06,85.64,254.24,0.8807,-1,-1,-1
874,31,1719.72,453.73,77.11,212.65,0.7683,-1,-1,-1
874,7,900.14,940.82,76.71,139.18,0.7860,-1,-1,-1
875,47,1371.22,972.64,94.64,107.36,0.7609,-1,-1,-1
875,44,430.59,309.94,61.02,199.36,0.6837,-1,-1,-1
875,38,1573.47,598.32,103.34,224.78,0.6646,-1,-1,-1
875,36,897.24,483.28,67.85,221.28,0.8126,-1,-1,-1
875,35,989.79,467.88,66.17,224.97,0.8360,-1,-1,-1
875,33,280.54,635.51,82.76,252.74,0.8795,-1,-1,-1
875,31,1719.15,453.77,77.18,211.01,0.7618,-1,-1,-1
875,7,902.35,940.07,75.58,139.93,0.7736,-1,-1,-1
876,47,1368.06,971.36,96.05,108.64,0.7505,-1,-1,-1
876,44,431.53,311.69,60.13,196.21,0.6900,-1,-1,-1
876,38,1573.98,599.24,101.53,224.00,0.6569,-1,-1,-1
876,36,897.06,482.87,66.84,223.63,0.8153,-1,-1,-1
876,35,988.99,468.11,66.15,226.15,0.8344,-1,-1,-1
876,33,280.56,635.93,83.86,252.97,0.8736,-1,-1,-1
876,31,1720.36,453.32,76.78,211.89,0.7544,-1,-1,-1
876,7,901.89,940.13,78.18,139.87,0.7949,-1,-1,-1
877,47,1365.90,968.61,97.14,111.39,0.7661,-1,-1,-1
877,44,430.84,313.83,60.76,195.35,0.6719,-1,-1,-1
877,38,1574.08,598.08,102.53,225.33,0.6507,-1,-1,-1
877,36,896.68,482.30,67.25,223.84,0.8087,-1,-1,-1
877,35,986.62,466.81,67.86,226.99,0.8331,-1,-1,-1
877,33,282.00,637.49,82.13,252.41,0.8679,-1,-1,-1
877,31,1720.12,453.45,77.07,212.37,0.7231,-1,-1,-1
877,7,902.62,939.47,77.75,140.53,0.7818,-1,-1,-1
878,47,1362.08,966.25,100.38,113.75,0.7841,-1,-1,-1
878,44,429.95,313.43,60.84,196.02,0.6617,-1,-1,-1
878,38,1574.75,597.59,101.96,226.48,0.6106,-1,-1,-1
878,36,896.50,480.96,65.68,224.75,0.8009,-1,-1,-1
878,35,986.52,465.63,66.88,226.30,0.8212,-1,-1,-1
878,33,283.35,638.80,83.14,250.92,0.8666,-1,-1,-1
878,31,1720.67,452.91,76.25,212.35,0.6956,-1,-1,-1
878,7,903.70,939.40,79.40,140.60,0.7832,-1,-1,-1
879,47,1362.35,963.65,99.12,116.35,0.8095,-1,-1,-1
879,44,428.47,313.74,61.25,196.78,0.6123,-1,-1,-1
879,38,1574.51,600.21,100.36,224.16,0.6366,-1,-1,-1
879,36,895.73,480.45,64.88,223.92,0.8077,-1,-1,-1
879,35,984.47,464.35,67.53,226.43,0.7936,-1,-1,-1
879,33,283.63,640.13,84.73,249.57,0.8634,-1,-1,-1
879,31,1720.62,452.37,76.61,212.80,0.6846,-1,-1,-1
879,7,903.22,939.23,80.23,140.77,0.7828,-1,-1,-1
880,47,1362.70,960.00,98.54,120.00,0.8052,-1,-1,-1
880,44,428.37,315.26,61.11,194.87,0.6325,-1,-1,-1
880,38,1575.05,597.07,100.38,226.30,0.6508,-1,-1,-1
880,36,895.39,478.63,65.14,223.34,0.7722,-1,-1,-1
880,35,983.12,462.71,67.93,224.80,0.7959,-1,-1,-1
880,33,285.02,641.36,83.36,248.93,0.8532,-1,-1,-1
880,31,1721.34,452.69,75.31,212.29,0.6821,-1,-1,-1
880,7,904.92,938.05,79.09,141.95,0.7855,-1,-1,-1
881,47,1361.37,956.90,97.49,123.10,0.8131,-1,-1,-1
881,36,895.27,476.82,63.48,222.31,0.7361,-1,-1,-1
881,35,981.82,460.01,66.49,222.76,0.8032,-1,-1,-1
881,33,285.58,642.21,83.96,248.29,0.8693,-1,-1,-1
881,31,1720.94,453.02,76.82,211.82,0.6738,-1,-1,-1
881,7,904.73,937.99,80.08,142.01,0.7971,-1,-1,-1
882,47,1359.96,952.01,97.15,127.99,0.8146,-1,-1,-1
882,36,894.88,474.06,62.53,227.96,0.7255,-1,-1,-1
882,35,980.18,456.52,66.08,220.98,0.7809,-1,-1,-1
882,33,286.03,643.34,84.80,247.27,0.8582,-1,-1,-1
882,31,1722.02,453.53,74.74,212.44,0.6797,-1,-1,-1
882,7,905.03,937.39,81.06,142.61,0.8010,-1,-1,-1
883,47,1360.22,948.16,95.15,129.62,0.7700,-1,-1,-1
883,36,894.16,470.45,62.38,204.31,0.7194,-1,-1,-1
883,35,978.86,454.43,66.99,217.98,0.8042,-1,-1,-1
883,33,285.92,646.88,87.27,243.69,0.8470,-1,-1,-1
883,31,1722.67,453.47,74.54,212.26,0.6863,-1,-1,-1
883,7,904.48,937.23,81.07,142.77,0.7943,-1,-1,-1
884,47,1357.78,942.42,94.36,136.67,0.8057,-1,-1,-1
884,36,892.23,467.93,62.98,218.99,0.6726,-1,-1,-1
884,35,976.06,451.73,67.98,219.13,0.7423,-1,-1,-1
884,33,286.72,648.81,87.07,243.78,0.8523,-1,-1,-1
884,31,1723.12,453.40,73.90,212.13,0.6541,-1,-1,-1
884,7,905.91,938.35,80.97,141.65,0.7813,-1,-1,-1
885,47,1357.62,937.74,92.88,142.16,0.8202,-1,-1,-1
885,44,427.20,316.27,60.54,199.86,0.6194,-1,-1,-1
885,36,891.95,466.63,62.93,217.55,0.7390,-1,-1,-1
885,35,974.22,449.35,69.23,219.47,0.7632,-1,-1,-1
885,33,286.79,650.21,86.82,244.84,0.8476,-1,-1,-1
885,31,1723.29,453.59,74.00,211.96,0.6296,-1,-1,-1
885,7,907.34,937.51,80.03,142.49,0.7677,-1,-1,-1
886,47,1356.37,932.63,91.72,146.11,0.8390,-1,-1,-1
886,36,891.33,463.89,62.95,217.12,0.7557,-1,-1,-1
886,35,970.85,446.33,71.52,222.72,0.7270,-1,-1,-1
886,33,287.89,652.36,85.74,246.78,0.8313,-1,-1,-1
886,31,1722.92,452.86,73.72,212.25,0.6475,-1,-1,-1
886,7,906.87,936.86,80.93,143.14,0.7746,-1,-1,-1
887,47,1354.08,930.99,94.40,147.32,0.8285,-1,-1,-1
887,36,890.21,463.02,63.26,213.24,0.8192,-1,-1,-1
887,35,970.65,445.01,71.91,224.28,0.7833,-1,-1,-1
887,33,288.11,654.49,84.81,247.15,0.8399,-1,-1,-1
887,31,1722.68,452.55,74.19,212.45,0.6557,-1,-1,-1
887,7,908.42,937.52,80.43,142.48,0.7615,-1,-1,-1
888,47,1353.41,928.61,93.84,150.36,0.8346,-1,-1,-1
888,36,889.66,460.57,64.73,216.55,0.8238,-1,-1,-1
888,35,969.42,444.64,73.85,222.96,0.8078,-1,-1,-1
888,33,289.54,656.06,83.64,248.67,0.8321,-1,-1,-1
888,31,1722.18,453.97,74.77,210.69,0.6494,-1,-1,-1
888,7,908.77,937.16,79.78,142.84,0.7503,-1,-1,-1
889,47,1350.21,925.62,96.92,154.38,0.8401,-1,-1,-1
889,36,889.25,459.35,64.81,217.24,0.8180,-1,-1,-1
889,35,968.45,444.04,75.90,224.76,0.8238,-1,-1,-1
889,33,291.22,659.23,81.90,247.36,0.8231,-1,-1,-1
889,31,1721.49,452.23,76.01,213.08,0.6760,-1,-1,-1
889,7,909.76,937.68,79.97,142.32,0.7661,-1,-1,-1
890,47,1346.87,925.14,98.28,154.86,0.8265,-1,-1,-1
890,36,888.67,459.06,64.06,215.90,0.8194,-1,-1,-1
890,35,966.11,445.34,77.35,224.49,0.6244,-1,-1,-1
890,33,290.93,659.91,82.44,251.44,0.8090,-1,-1,-1
890,31,1721.56,452.30,75.99,213.09,0.6960,-1,-1,-1
890,7,911.85,937.51,77.55,142.49,0.7807,-1,-1,-1
891,47,1345.51,923.85,99.27,156.15,0.8412,-1,-1,-1
891,36,888.70,457.98,63.10,215.61,0.8194,-1,-1,-1
891,35,964.06,442.76,80.83,225.91,0.7417,-1,-1,-1
891,33,293.35,663.25,79.75,251.72,0.8049,-1,-1,-1
891,31,1722.52,452.61,74.00,213.38,0.6777,-1,-1,-1
891,7,910.76,938.06,78.77,141.94,0.7726,-1,-1,-1
892,47,1341.44,922.04,103.81,157.96,0.8346,-1,-1,-1
892,36,887.17,456.76,64.34,218.01,0.8108,-1,-1,-1
892,35,962.76,443.16,82.57,225.86,0.8106,-1,-1,-1
892,33,294.47,665.32,79.72,253.37,0.8444,-1,-1,-1
892,31,1721.93,451.97,75.23,213.66,0.6842,-1,-1,-1
892,7,911.19,937.92,77.73,142.08,0.7665,-1,-1,-1
893,47,1338.00,920.06,105.63,159.94,0.8387,-1,-1,-1
893,36,886.20,456.53,63.03,217.28,0.8096,-1,-1,-1
893,35,962.55,441.72,82.97,225.87,0.8092,-1,-1,-1
893,33,296.94,665.40,78.77,254.92,0.8645,-1,-1,-1
893,31,1722.68,452.59,74.67,213.25,0.6791,-1,-1,-1
893,7,912.86,938.14,76.89,141.86,0.7796,-1,-1,-1
894,47,1335.25,917.22,105.71,162.78,0.8391,-1,-1,-1
894,36,885.88,455.97,62.71,217.90,0.8017,-1,-1,-1
894,35,962.40,440.63,83.95,225.85,0.8181,-1,-1,-1
894,33,296.80,667.52,79.92,254.20,0.8441,-1,-1,-1
894,31,1721.40,452.71,75.91,213.26,0.6690,-1,-1,-1
894,7,913.21,938.21,75.44,141.79,0.7797,-1,-1,-1
895,48,1751.86,681.84,80.94,238.38,0.6663,-1,-1,-1
895,47,1332.49,917.11,104.85,162.89,0.8444,-1,-1,-1
895,36,885.16,456.68,61.96,216.63,0.7689,-1,-1,-1
895,35,963.19,440.27,83.83,224.56,0.8174,-1,-1,-1
895,33,297.70,668.15,80.98,252.78,0.8303,-1,-1,-1
895,31,1721.14,452.26,75.84,213.42,0.6726,-1,-1,-1
895,7,913.46,938.62,76.10,141.38,0.7778,-1,-1,-1
896,48,1750.41,681.87,82.50,239.00,0.6704,-1,-1,-1
896,47,1332.53,913.90,101.64,165.80,0.8254,-1,-1,-1
896,35,962.90,437.67,84.04,225.52,0.8186,-1,-1,-1
896,33,298.30,668.18,82.69,252.09,0.8414,-1,-1,-1
896,31,1720.88,452.54,75.89,212.91,0.6689,-1,-1,-1
896,7,913.46,938.91,74.79,141.09,0.7493,-1,-1,-1
897,48,1750.86,680.53,80.45,239.04,0.6635,-1,-1,-1
897,47,1331.40,908.89,99.59,171.11,0.6609,-1,-1,-1
897,35,964.10,434.86,81.56,225.89,0.8127,-1,-1,-1
897,33,297.99,668.13,85.99,253.16,0.7884,-1,-1,-1
897,31,1720.93,452.19,75.87,212.61,0.6661,-1,-1,-1
897,7,913.23,939.29,75.57,140.71,0.7744,-1,-1,-1
898,48,1751.74,681.02,79.04,239.04,0.6253,-1,-1,-1
898,47,1329.52,904.33,98.24,175.20,0.8481,-1,-1,-1
898,38,1574.92,597.57,101.85,226.01,0.6405,-1,-1,-1
898,35,963.93,432.82,79.94,224.62,0.6963,-1,-1,-1
898,33,297.33,669.09,90.04,252.15,0.8313,-1,-1,-1
898,31,1721.35,452.60,75.23,212.26,0.6801,-1,-1,-1
898,7,911.65,940.24,75.12,139.76,0.7754,-1,-1,-1
899,47,1328.89,899.88,95.13,179.52,0.8489,-1,-1,-1
899,38,1575.32,600.82,101.27,222.53,0.6521,-1,-1,-1
899,36,879.41,447.03,63.09,212.41,0.7643,-1,-1,-1
899,35,962.84,430.20,79.78,222.95,0.7061,-1,-1,-1
899,33,297.79,669.57,91.53,251.77,0.8304,-1,-1,-1
899,31,1721.68,452.33,74.29,213.40,0.6881,-1,-1,-1
899,7,912.47,941.19,73.12,138.81,0.7828,-1,-1,-1
900,47,1327.99,895.57,95.82,184.21,0.8470,-1,-1,-1
900,38,1575.38,601.32,100.15,221.98,0.6370,-1,-1,-1
900,36,878.16,445.34,62.44,211.72,0.7730,-1,-1,-1
900,35,963.37,427.10,78.66,223.01,0.7909,-1,-1,-1
900,33,297.66,670.26,95.16,251.51,0.8266,-1,-1,-1
900,31,1721.60,451.44,74.81,213.98,0.6797,-1,-1,-1
900,7,912.85,942.76,71.86,137.24,0.7648,-1,-1,-1
901,47,1326.12,892.55,95.85,187.45,0.8538,-1,-1,-1
901,38,1576.24,599.01,101.44,225.15,0.6424,-1,-1,-1
901,36,876.51,442.35,63.79,211.31,0.7632,-1,-1,-1
901,35,965.49,423.54,74.93,222.92,0.7864,-1,-1,-1
901,33,297.06,671.99,97.95,248.76,0.8353,-1,-1,-1
901,31,1722.62,452.71,74.34,211.96,0.6311,-1,-1,-1
901,7,912.99,943.44,71.44,136.56,0.7731,-1,-1,-1
902,48,1750.50,681.94,77.08,239.69,0.6383,-1,-1,-1
902,47,1324.24,889.39,94.36,190.25,0.8457,-1,-1,-1
902,38,1578.34,599.21,98.27,224.30,0.6530,-1,-1,-1
902,36,875.04,440.16,63.47,210.99,0.8078,-1,-1,-1
902,35,968.04,422.45,70.16,216.87,0.8162,-1,-1,-1
902,33,296.72,674.61,99.53,249.17,0.8561,-1,-1,-1
902,31,1722.37,452.14,74.15,213.67,0.6591,-1,-1,-1
902,7,913.79,944.33,68.76,135.67,0.7626,-1,-1,-1
903,48,1751.55,680.29,77.56,242.95,0.6626,-1,-1,-1
903,47,1321.70,885.25,94.64,193.86,0.8361,-1,-1,-1
903,38,1579.16,599.12,97.20,225.00,0.6559,-1,-1,-1
903,36,874.81,437.94,63.07,211.25,0.8125,-1,-1,-1
903,35,969.08,420.89,67.58,216.88,0.8083,-1,-1,-1
903,33,297.06,676.23,99.00,255.40,0.8716,-1,-1,-1
903,31,1721.73,453.07,74.58,213.98,0.6439,-1,-1,-1
903,7,911.76,944.85,70.94,135.15,0.7719,-1,-1,-1
904,48,1751.52,681.76,79.43,241.37,0.6863,-1,-1,-1
904,47,1318.59,880.98,93.64,198.48,0.8422,-1,-1,-1
904,44,419.02,344.03,63.07,203.10,0.6195,-1,-1,-1
904,36,874.11,436.73,63.48,215.31,0.8416,-1,-1,-1
904,35,969.73,420.61,66.16,215.91,0.8069,-1,-1,-1
904,33,297.88,678.37,98.69,256.21,0.8856,-1,-1,-1
904,31,1723.12,452.66,73.62,212.64,0.6811,-1,-1,-1
904,7,912.05,946.07,70.12,133.93,0.7475,-1,-1,-1
905,48,1752.42,682.40,78.66,245.70,0.6777,-1,-1,-1
905,47,1316.14,878.19,94.27,201.04,0.8269,-1,-1,-1
905,36,874.65,435.26,61.19,215.55,0.8504,-1,-1,-1
905,35,969.00,418.82,67.09,218.08,0.8260,-1,-1,-1
905,33,300.18,680.47,97.15,259.55,0.8847,-1,-1,-1
905,31,1722.69,452.58,73.85,212.60,0.6972,-1,-1,-1
906,48,1752.67,682.73,78.94,239.34,0.7061,-1,-1,-1
906,47,1314.88,876.52,91.87,203.25,0.8375,-1,-1,-1
906,36,873.43,434.85,60.99,216.98,0.8638,-1,-1,-1
906,35,968.91,418.23,65.87,216.38,0.8242,-1,-1,-1
906,33,302.11,682.50,95.45,261.73,0.8876,-1,-1,-1
906,31,1722.19,452.51,74.11,213.50,0.6805,-1,-1,-1
907,48,1753.44,682.42,79.19,241.52,0.7297,-1,-1,-1
907,47,1312.84,876.56,94.11,203.44,0.8081,-1,-1,-1
907,36,872.24,432.90,62.47,216.89,0.8595,-1,-1,-1
907,35,969.22,418.00,66.09,218.80,0.7729,-1,-1,-1
907,33,304.13,685.04,92.77,255.89,0.8913,-1,-1,-1
907,31,1722.36,452.87,74.08,212.68,0.6651,-1,-1,-1
908,48,1755.13,683.66,78.28,242.08,0.7471,-1,-1,-1
908,47,1309.79,875.85,96.00,203.99,0.7873,-1,-1,-1
908,44,412.54,346.04,68.71,207.06,0.7166,-1,-1,-1
908,36,871.39,431.91,62.25,219.31,0.8585,-1,-1,-1
908,35,969.09,417.89,64.57,217.94,0.8107,-1,-1,-1
908,33,306.33,687.52,90.74,257.54,0.8942,-1,-1,-1
908,31,1722.51,452.68,73.89,211.70,0.6931,-1,-1,-1
908,7,910.07,950.53,71.24,129.42,0.7275,-1,-1,-1
909,48,1755.76,683.47,78.02,240.26,0.7305,-1,-1,-1
909,47,1307.85,874.01,94.35,205.99,0.8266,-1,-1,-1
909,44,412.21,346.06,68.15,207.90,0.7310,-1,-1,-1
909,36,871.03,431.78,61.70,219.49,0.8609,-1,-1,-1
909,35,968.43,417.37,64.59,221.49,0.8091,-1,-1,-1
909,33,306.96,689.80,90.49,259.66,0.8977,-1,-1,-1
909,31,1722.40,453.33,73.15,211.39,0.6740,-1,-1,-1
909,7,909.08,950.97,72.22,128.88,0.7491,-1,-1,-1
910,48,1756.89,682.50,76.45,241.84,0.7179,-1,-1,-1
910,47,1307.06,871.88,92.85,208.12,0.8408,-1,-1,-1
910,44,412.72,345.18,66.95,209.21,0.7333,-1,-1,-1
910,38,1575.01,598.85,100.85,225.16,0.6199,-1,-1,-1
910,36,870.86,431.18,62.37,219.62,0.8508,-1,-1,-1
910,35,965.98,417.24,66.66,220.76,0.8075,-1,-1,-1
910,33,306.76,691.80,90.74,261.89,0.8955,-1,-1,-1
910,31,1722.68,452.71,73.57,212.85,0.6569,-1,-1,-1
910,7,908.33,952.05,73.64,127.86,0.7615,-1,-1,-1
911,49,324.69,364.03,75.81,182.52,0.6450,-1,-1,-1
911,48,1757.53,682.44,75.94,241.57,0.7081,-1,-1,-1
911,47,1304.80,868.91,90.98,211.04,0.8594,-1,-1,-1
911,44,412.82,346.56,65.66,207.42,0.6816,-1,-1,-1
911,36,870.14,430.26,62.35,220.92,0.8524,-1,-1,-1
911,35,967.08,415.87,64.88,221.95,0.7956,-1,-1,-1
911,33,306.63,693.65,90.03,261.30,0.8910,-1,-1,-1
911,31,1722.32,453.41,75.34,211.21,0.6645,-1,-1,-1
911,7,908.72,952.72,73.17,127.28,0.7775,-1,-1,-1
912,49,325.79,366.51,73.25,182.03,0.6439,-1,-1,-1
912,48,1758.19,682.59,75.61,242.33,0.7317,-1,-1,-1
912,47,1302.94,865.88,91.17,214.06,0.8583,-1,-1,-1
912,44,411.16,347.07,66.62,207.62,0.6555,-1,-1,-1
912,36,870.04,428.94,62.24,218.62,0.8313,-1,-1,-1
912,35,965.68,414.80,64.81,218.80,0.7893,-1,-1,-1
912,33,306.90,695.11,89.08,262.98,0.8856,-1,-1,-1
912,31,1722.63,451.80,74.43,212.98,0.6588,-1,-1,-1
912,7,909.20,952.86,72.62,127.14,0.7688,-1,-1,-1
913,48,1758.08,680.34,76.38,244.16,0.7221,-1,-1,-1
913,47,1301.86,860.62,90.41,219.38,0.8664,-1,-1,-1
913,44,409.22,346.99,68.88,207.89,0.6243,-1,-1,-1
913,36,868.89,426.10,63.01,222.49,0.8373,-1,-1,-1
913,35,964.15,412.21,65.32,216.33,0.7761,-1,-1,-1
913,33,306.72,696.21,88.51,261.37,0.8833,-1,-1,-1
913,31,1722.59,451.76,74.11,213.36,0.6271,-1,-1,-1
913,7,908.97,952.82,72.20,127.18,0.7746,-1,-1,-1
914,48,1759.57,679.32,75.19,245.92,0.6945,-1,-1,-1
914,47,1298.70,856.80,92.08,223.20,0.8599,-1,-1,-1
914,44,408.27,348.52,69.88,205.41,0.6117,-1,-1,-1
914,36,868.37,425.62,61.54,217.09,0.8085,-1,-1,-1
914,35,962.68,409.76,65.27,211.54,0.7896,-1,-1,-1
914,33,306.51,696.78,88.86,260.16,0.8833,-1,-1,-1
914,31,1723.43,452.27,73.19,212.47,0.6546,-1,-1,-1
914,7,908.13,953.36,73.36,126.57,0.7733,-1,-1,-1
915,48,1758.93,676.56,74.89,247.36,0.6892,-1,-1,-1
915,47,1298.48,853.33,93.10,226.67,0.8592,-1,-1,-1
915,44,404.96,347.91,73.58,205.39,0.6162,-1,-1,-1
915,36,868.37,423.00,60.48,212.77,0.7728,-1,-1,-1
915,35,961.65,407.83,64.16,209.88,0.8021,-1,-1,-1
915,33,306.30,698.02,88.44,259.24,0.8763,-1,-1,-1
915,31,1723.17,452.72,72.70,211.55,0.6447,-1,-1,-1
915,7,907.39,953.78,73.61,126.22,0.7770,-1,-1,-1
916,48,1757.62,675.58,75.70,254.35,0.6620,-1,-1,-1
916,47,1295.99,849.25,93.71,230.75,0.8559,-1,-1,-1
916,36,867.91,421.35,60.48,211.90,0.7749,-1,-1,-1
916,35,960.20,405.83,63.04,207.24,0.8123,-1,-1,-1
916,33,305.71,699.64,88.27,257.63,0.8565,-1,-1,-1
916,31,1722.78,452.11,73.62,212.47,0.6566,-1,-1,-1
916,7,907.20,954.08,73.67,125.92,0.7772,-1,-1,-1
917,48,1758.71,674.88,75.40,252.93,0.6484,-1,-1,-1
917,47,1294.53,844.85,95.25,235.15,0.8560,-1,-1,-1
917,36,867.40,418.87,59.63,213.48,0.7938,-1,-1,-1
917,35,958.47,403.30,62.93,209.13,0.8445,-1,-1,-1
917,33,305.33,702.21,87.79,255.43,0.8655,-1,-1,-1
917,31,1722.56,453.00,73.23,212.88,0.6776,-1,-1,-1
917,7,906.91,954.44,73.72,125.51,0.7640,-1,-1,-1
918,48,1758.55,673.99,74.62,255.91,0.6334,-1,-1,-1
918,47,1291.50,840.87,94.47,239.13,0.8511,-1,-1,-1
918,36,866.83,417.35,59.88,211.18,0.7898,-1,-1,-1
918,35,954.55,400.37,65.03,211.03,0.8348,-1,-1,-1
918,33,305.64,702.66,87.03,253.53,0.8632,-1,-1,-1
918,7,907.20,955.24,73.43,124.61,0.7702,-1,-1,-1
919,48,1759.34,676.25,74.44,251.90,0.6552,-1,-1,-1
919,47,1291.48,838.28,94.35,241.72,0.8462,-1,-1,-1
919,44,405.53,351.45,72.02,207.12,0.6793,-1,-1,-1
919,36,866.19,414.31,61.01,212.60,0.7811,-1,-1,-1
919,35,953.37,398.18,66.36,213.14,0.8337,-1,-1,-1
919,33,305.90,703.55,87.32,251.75,0.8603,-1,-1,-1
919,7,907.10,955.29,74.16,124.57,0.7789,-1,-1,-1
920,48,1759.61,677.96,75.23,251.92,0.6427,-1,-1,-1
920,47,1288.55,834.88,95.13,245.12,0.8562,-1,-1,-1
920,44,407.53,354.13,68.72,205.87,0.6269,-1,-1,-1
920,36,866.08,409.92,60.62,210.98,0.7858,-1,-1,-1
920,35,951.28,395.80,67.62,215.74,0.8508,-1,-1,-1
920,33,304.98,705.53,89.52,252.96,0.8517,-1,-1,-1
920,7,906.73,956.05,74.56,123.61,0.7698,-1,-1,-1
921,48,1759.02,677.78,76.12,251.24,0.6459,-1,-1,-1
921,47,1289.10,833.64,92.98,246.36,0.8475,-1,-1,-1
921,44,406.04,355.73,70.04,207.82,0.6160,-1,-1,-1
921,36,865.83,409.16,60.68,213.63,0.8073,-1,-1,-1
921,35,947.83,394.45,71.49,217.30,0.8480,-1,-1,-1
921,33,305.26,706.86,88.72,253.81,0.8508,-1,-1,-1
921,31,1722.44,451.49,73.96,214.83,0.6241,-1,-1,-1
921,7,906.79,955.93,74.45,123.76,0.7559,-1,-1,-1
922,48,1759.46,676.69,75.56,251.54,0.6178,-1,-1,-1
922,47,1286.70,832.00,92.93,248.00,0.8502,-1,-1,-1
922,36,866.00,409.08,60.06,212.38,0.7926,-1,-1,-1
922,35,946.83,392.98,72.47,218.64,0.8301,-1,-1,-1
922,33,305.58,708.52,88.35,257.77,0.8481,-1,-1,-1
922,7,906.15,956.22,75.63,123.78,0.7767,-1,-1,-1
923,48,1759.14,676.40,74.00,251.36,0.6732,-1,-1,-1
923,47,1285.34,830.31,93.39,249.65,0.8669,-1,-1,-1
923,36,865.75,408.82,59.79,213.75,0.7925,-1,-1,-1
923,35,945.47,392.52,75.29,220.30,0.8109,-1,-1,-1
923,33,305.66,710.14,88.35,258.73,0.8387,-1,-1,-1
923,7,906.60,956.10,74.78,123.90,0.7766,-1,-1,-1
924,48,1758.08,675.20,72.90,250.25,0.6363,-1,-1,-1
924,47,1282.61,829.68,95.58,248.40,0.8707,-1,-1,-1
924,36,865.28,408.12,60.54,212.59,0.7908,-1,-1,-1
924,35,943.66,391.72,78.34,222.18,0.6131,-1,-1,-1
924,33,306.51,711.73,87.02,262.03,0.8348,-1,-1,-1
924,7,906.47,956.16,75.04,123.84,0.7719,-1,-1,-1
925,48,1758.56,676.18,73.42,249.60,0.6188,-1,-1,-1
925,47,1280.82,829.24,96.48,248.00,0.8637,-1,-1,-1
925,36,864.43,407.34,61.11,213.34,0.7750,-1,-1,-1
925,35,942.26,392.31,78.43,221.32,0.8082,-1,-1,-1
925,33,307.66,714.63,85.98,261.20,0.7590,-1,-1,-1
925,7,906.76,955.87,75.06,124.13,0.7644,-1,-1,-1
926,48,1756.96,676.43,76.36,250.45,0.6999,-1,-1,-1
926,47,1279.85,827.53,93.35,250.60,0.8630,-1,-1,-1
926,36,863.87,406.22,60.97,216.40,0.7261,-1,-1,-1
926,35,940.21,392.45,80.72,221.01,0.8049,-1,-1,-1
926,33,307.90,717.37,86.99,260.52,0.8069,-1,-1,-1
926,7,907.31,956.06,75.11,123.94,0.7764,-1,-1,-1
927,48,1757.24,676.07,76.69,253.29,0.6967,-1,-1,-1
927,47,1277.07,825.60,93.49,253.04,0.8795,-1,-1,-1
927,36,863.49,405.59,60.98,213.29,0.7590,-1,-1,-1
927,35,940.33,391.76,80.78,219.47,0.8247,-1,-1,-1
927,33,307.83,720.72,86.71,264.36,0.8171,-1,-1,-1
927,7,907.71,955.96,74.36,124.04,0.7847,-1,-1,-1
928,48,1756.13,675.23,77.72,253.65,0.6980,-1,-1,-1
928,47,1274.57,822.67,92.49,255.91,0.8623,-1,-1,-1
928,36,862.63,404.52,61.32,213.58,0.7581,-1,-1,-1
928,35,940.94,390.42,79.95,220.07,0.8185,-1,-1,-1
928,33,309.84,725.16,85.24,264.06,0.8400,-1,-1,-1
928,31,1720.55,453.80,75.13,211.89,0.6420,-1,-1,-1
928,7,907.25,955.85,75.47,124.15,0.7685,-1,-1,-1
929,48,1755.53,676.20,78.52,252.12,0.6949,-1,-1,-1
929,47,1272.36,816.71,92.55,262.13,0.8491,-1,-1,-1
929,36,860.93,401.85,62.87,214.14,0.7687,-1,-1,-1
929,35,939.89,388.59,79.96,221.55,0.7718,-1,-1,-1
929,33,310.83,726.33,86.07,265.37,0.8559,-1,-1,-1
929,31,1720.03,452.99,75.60,212.94,0.6388,-1,-1,-1
929,7,907.56,955.58,74.25,124.40,0.7724,-1,-1,-1
930,48,1752.20,676.68,82.78,251.41,0.6802,-1,-1,-1
930,47,1270.69,813.28,93.59,266.72,0.8574,-1,-1,-1
930,36,860.62,399.75,63.34,213.25,0.7819,-1,-1,-1
930,35,940.14,386.15,79.27,222.65,0.8441,-1,-1,-1
930,33,313.57,728.42,83.71,262.13,0.8452,-1,-1,-1
930,31,1721.25,452.91,74.02,213.03,0.6428,-1,-1,-1
930,7,906.44,955.36,75.54,124.40,0.7608,-1,-1,-1
931,48,1750.59,675.54,83.34,252.14,0.7266,-1,-1,-1
931,47,1270.57,809.59,91.31,270.41,0.8532,-1,-1,-1
931,36,860.20,398.12,62.25,203.45,0.7496,-1,-1,-1
931,35,940.54,384.25,77.60,219.59,0.8317,-1,-1,-1
931,33,315.12,730.13,84.11,259.01,0.8560,-1,-1,-1
931,31,1720.68,453.45,75.18,211.51,0.6037,-1,-1,-1
931,7,907.01,955.30,75.65,124.70,0.7686,-1,-1,-1
932,48,1749.55,675.57,84.95,251.34,0.7189,-1,-1,-1
932,47,1269.37,804.97,91.46,275.03,0.8490,-1,-1,-1
932,36,859.76,396.10,62.04,202.60,0.7333,-1,-1,-1
932,35,941.79,381.51,76.68,216.91,0.8165,-1,-1,-1
932,33,317.28,731.25,83.02,257.07,0.8500,-1,-1,-1
932,31,1721.64,452.58,74.21,213.34,0.6240,-1,-1,-1
932,7,907.72,954.45,75.23,125.36,0.7717,-1,-1,-1
933,48,1749.08,674.72,83.86,253.51,0.7386,-1,-1,-1
933,47,1269.28,802.61,89.74,275.08,0.8537,-1,-1,-1
933,36,859.23,394.81,62.01,199.68,0.7285,-1,-1,-1
933,35,941.15,379.27,77.25,212.21,0.7997,-1,-1,-1
933,33,317.58,732.72,84.85,258.09,0.8546,-1,-1,-1
933,7,907.51,954.33,75.79,125.37,0.7745,-1,-1,-1
934,48,1749.08,675.60,84.74,251.33,0.7210,-1,-1,-1
934,47,1268.15,799.81,89.36,271.94,0.8483,-1,-1,-1
934,36,858.38,392.92,62.76,203.14,0.7466,-1,-1,-1
934,35,942.56,377.06,75.00,212.35,0.8043,-1,-1,-1
934,33,318.01,733.97,86.19,257.02,0.8540,-1,-1,-1
934,7,907.77,953.56,76.13,125.96,0.7908,-1,-1,-1
935,48,1749.05,674.39,86.30,254.77,0.7218,-1,-1,-1
935,47,1267.33,796.18,90.08,272.91,0.8508,-1,-1,-1
935,35,944.29,374.93,70.78,209.31,0.8237,-1,-1,-1
935,33,318.39,735.72,89.16,256.31,0.8725,-1,-1,-1
935,7,907.70,953.49,75.95,126.24,0.7810,-1,-1,-1
936,48,1749.98,674.44,84.92,253.90,0.7060,-1,-1,-1
936,47,1266.10,792.69,91.31,278.35,0.8506,-1,-1,-1
936,38,1577.20,596.71,97.80,226.93,0.6148,-1,-1,-1
936,35,944.22,374.22,69.12,209.78,0.8051,-1,-1,-1
936,33,318.78,736.53,90.89,254.48,0.8705,-1,-1,-1
936,31,1722.44,452.62,72.63,212.51,0.6099,-1,-1,-1
936,7,908.86,952.74,75.16,126.43,0.7513,-1,-1,-1
937,48,1749.66,674.18,84.90,255.49,0.7356,-1,-1,-1
937,47,1263.81,790.48,93.10,279.66,0.8565,-1,-1,-1
937,35,944.65,373.44,67.49,210.81,0.7883,-1,-1,-1
937,33,319.12,737.78,93.59,253.63,0.8842,-1,-1,-1
937,31,1722.30,452.98,73.16,212.13,0.6118,-1,-1,-1
937,7,908.65,952.42,75.67,126.82,0.7716,-1,-1,-1
938,48,1748.03,673.79,86.46,254.01,0.7230,-1,-1,-1
938,47,1262.14,787.65,92.66,284.37,0.8614,-1,-1,-1
938,36,858.89,386.74,61.65,209.41,0.7554,-1,-1,-1
938,35,944.36,370.87,65.97,214.33,0.7990,-1,-1,-1
938,33,319.18,738.16,95.05,254.64,0.8848,-1,-1,-1
938,31,1721.55,453.45,73.96,212.37,0.6260,-1,-1,-1
938,7,909.58,951.43,75.11,127.57,0.7596,-1,-1,-1
939,48,1747.18,675.21,85.26,253.16,0.7329,-1,-1,-1
939,47,1261.52,785.72,92.08,285.49,0.8673,-1,-1,-1
939,36,859.06,387.30,61.34,210.77,0.7444,-1,-1,-1
939,35,944.49,370.29,66.02,214.53,0.7737,-1,-1,-1
939,33,319.66,739.58,94.30,257.56,0.8878,-1,-1,-1
939,7,911.45,950.20,75.30,129.39,0.7332,-1,-1,-1
940,48,1746.43,673.97,85.51,252.64,0.7396,-1,-1,-1
940,47,1259.85,784.44,90.36,285.31,0.8664,-1,-1,-1
940,36,859.50,386.88,60.60,210.71,0.7513,-1,-1,-1
940,35,943.27,370.15,66.65,214.52,0.7943,-1,-1,-1
940,33,320.71,740.59,93.17,262.07,0.8844,-1,-1,-1
940,7,911.98,949.34,74.89,130.27,0.7588,-1,-1,-1
941,48,1747.19,674.24,86.73,253.44,0.7604,-1,-1,-1
941,47,1258.20,783.46,90.51,287.64,0.8642,-1,-1,-1
941,36,859.04,386.28,61.23,211.58,0.7914,-1,-1,-1
941,35,941.96,369.00,66.39,216.30,0.8188,-1,-1,-1
941,33,321.56,743.06,93.87,268.97,0.8861,-1,-1,-1
941,7,911.44,947.31,76.75,132.69,0.6988,-1,-1,-1
942,48,1746.47,672.41,87.68,253.03,0.7543,-1,-1,-1
942,47,1255.67,783.49,91.47,285.60,0.8553,-1,-1,-1
942,36,859.09,385.27,61.33,212.39,0.7739,-1,-1,-1
942,35,941.40,368.91,66.59,215.40,0.8140,-1,-1,-1
942,33,322.16,747.40,93.44,268.37,0.8835,-1,-1,-1
942,7,912.75,946.10,75.37,133.90,0.7909,-1,-1,-1
943,48,1745.81,671.30,86.98,254.75,0.7594,-1,-1,-1
943,47,1254.76,782.43,90.40,285.94,0.8571,-1,-1,-1
943,36,858.68,383.81,61.94,211.79,0.7471,-1,-1,-1
943,35,939.71,367.17,67.95,216.94,0.8110,-1,-1,-1
943,33,322.59,750.99,93.83,265.74,0.8890,-1,-1,-1
943,7,914.41,945.21,73.49,134.79,0.7805,-1,-1,-1
944,48,1745.63,673.56,86.28,253.30,0.7758,-1,-1,-1
944,47,1252.07,779.92,92.03,286.72,0.8568,-1,-1,-1
944,36,858.57,382.00,61.63,213.57,0.7628,-1,-1,-1
944,35,937.80,366.43,68.21,216.19,0.7980,-1,-1,-1
944,33,322.83,754.60,93.18,262.29,0.8884,-1,-1,-1
944,7,915.95,944.01,73.58,135.99,0.7635,-1,-1,-1
945,48,1744.96,673.74,86.54,252.67,0.7786,-1,-1,-1
945,47,1252.04,778.15,90.10,288.68,0.8522,-1,-1,-1
945,36,857.69,379.22,62.57,211.77,0.7567,-1,-1,-1
945,35,939.95,364.37,64.95,216.24,0.7920,-1,-1,-1
945,33,323.11,756.86,92.12,263.81,0.8897,-1,-1,-1
945,7,916.16,943.58,73.78,136.42,0.7877,-1,-1,-1
946,48,1742.70,672.84,88.71,252.70,0.7598,-1,-1,-1
946,47,1250.02,775.69,90.45,281.31,0.8626,-1,-1,-1
946,36,857.21,376.67,64.05,214.09,0.6985,-1,-1,-1
946,35,938.45,362.41,64.34,215.38,0.7454,-1,-1,-1
946,33,323.82,758.79,91.72,265.83,0.8722,-1,-1,-1
946,7,918.74,943.46,71.76,136.54,0.7932,-1,-1,-1
947,48,1742.51,669.39,90.18,255.81,0.7816,-1,-1,-1
947,47,1248.96,771.64,89.46,279.60,0.8578,-1,-1,-1
947,38,1576.98,597.64,97.80,226.21,0.6470,-1,-1,-1
947,36,856.54,374.27,64.20,210.18,0.7053,-1,-1,-1
947,35,936.86,360.84,64.13,209.55,0.7412,-1,-1,-1
947,33,324.19,760.18,90.97,268.23,0.8821,-1,-1,-1
947,7,919.09,941.45,71.60,138.55,0.7963,-1,-1,-1
948,48,1741.39,669.99,91.12,257.01,0.7594,-1,-1,-1
948,47,1248.08,768.68,86.33,277.28,0.8625,-1,-1,-1
948,38,1576.39,595.68,98.24,227.86,0.6445,-1,-1,-1
948,36,856.38,370.80,63.54,211.03,0.7020,-1,-1,-1
948,35,936.29,357.60,62.80,207.35,0.7521,-1,-1,-1
948,33,323.60,762.42,89.88,269.68,0.8810,-1,-1,-1
948,31,1721.61,453.86,71.87,212.51,0.6051,-1,-1,-1
948,7,919.63,940.15,72.22,139.85,0.7975,-1,-1,-1
949,48,1742.03,671.39,89.08,250.46,0.7660,-1,-1,-1
949,47,1247.87,763.82,85.68,273.54,0.8542,-1,-1,-1
949,38,1577.56,595.07,97.53,229.01,0.6281,-1,-1,-1
949,36,855.55,368.62,64.05,211.15,0.7126,-1,-1,-1
949,35,933.86,355.75,64.39,209.38,0.7218,-1,-1,-1
949,33,322.63,762.55,91.31,269.64,0.8764,-1,-1,-1
949,31,1721.35,453.52,71.92,212.33,0.6201,-1,-1,-1
949,7,921.01,939.30,71.74,140.70,0.7830,-1,-1,-1
950,48,1741.69,668.11,90.45,258.22,0.7648,-1,-1,-1
950,47,1246.32,759.37,85.62,265.37,0.8517,-1,-1,-1
950,38,1575.94,595.58,98.70,227.45,0.6273,-1,-1,-1
950,36,856.03,366.52,63.98,203.83,0.7001,-1,-1,-1
950,35,930.12,352.17,66.64,209.08,0.7010,-1,-1,-1
950,33,322.94,764.83,89.80,267.17,0.8752,-1,-1,-1
950,31,1721.75,453.10,71.77,213.91,0.6017,-1,-1,-1
950,7,922.05,936.90,71.00,143.10,0.7907,-1,-1,-1
951,48,1742.10,667.92,89.67,256.39,0.7304,-1,-1,-1
951,47,1245.61,753.67,84.91,266.44,0.8502,-1,-1,-1
951,38,1576.27,595.33,99.17,228.09,0.6392,-1,-1,-1
951,36,854.79,365.16,65.16,205.24,0.7249,-1,-1,-1
951,35,929.83,349.65,66.68,210.17,0.7164,-1,-1,-1
951,33,322.26,766.60,90.62,265.17,0.8718,-1,-1,-1
951,31,1721.42,453.09,72.17,214.47,0.6040,-1,-1,-1
951,7,921.47,936.67,72.07,143.33,0.7888,-1,-1,-1
952,48,1741.85,668.07,90.51,256.42,0.7542,-1,-1,-1
952,47,1242.86,750.04,86.99,268.92,0.8276,-1,-1,-1
952,38,1575.54,596.67,100.15,226.74,0.6313,-1,-1,-1
952,36,854.16,363.81,65.73,205.56,0.7518,-1,-1,-1
952,35,929.43,347.35,66.52,212.34,0.7770,-1,-1,-1
952,33,322.25,768.07,89.96,264.36,0.8609,-1,-1,-1
952,31,1721.12,453.27,72.07,214.43,0.6075,-1,-1,-1
952,7,923.15,935.94,71.22,144.06,0.7789,-1,-1,-1
953,48,1740.86,669.21,91.88,255.85,0.7565,-1,-1,-1
953,47,1242.15,750.36,85.98,267.03,0.8652,-1,-1,-1
953,38,1576.65,594.85,99.13,228.38,0.6666,-1,-1,-1
953,36,852.42,362.47,67.97,206.84,0.7581,-1,-1,-1
953,35,927.07,346.63,67.98,211.39,0.7901,-1,-1,-1
953,33,321.56,769.74,89.22,262.80,0.8661,-1,-1,-1
953,31,1720.96,454.00,72.76,212.99,0.6137,-1,-1,-1
954,48,1740.93,670.19,91.97,255.84,0.7709,-1,-1,-1
954,47,1238.47,748.80,88.39,267.47,0.8592,-1,-1,-1
954,38,1576.87,596.98,98.44,226.91,0.6062,-1,-1,-1
954,36,852.27,361.07,66.74,207.86,0.7608,-1,-1,-1
954,35,925.30,345.73,69.23,211.74,0.7966,-1,-1,-1
954,33,322.75,771.37,88.42,261.49,0.8698,-1,-1,-1
954,31,1721.46,453.25,72.47,213.20,0.6232,-1,-1,-1
955,48,1741.04,669.25,91.43,255.15,0.7520,-1,-1,-1
955,47,1238.29,746.22,86.57,269.99,0.8595,-1,-1,-1
955,38,1576.90,593.95,98.88,229.43,0.6498,-1,-1,-1
955,36,852.57,360.84,65.98,208.54,0.7531,-1,-1,-1
955,35,925.55,344.44,69.74,211.97,0.7596,-1,-1,-1
955,33,322.48,773.12,88.38,259.46,0.8716,-1,-1,-1
955,31,1720.55,453.13,73.34,213.98,0.6146,-1,-1,-1
956,48,1740.57,668.47,91.72,254.62,0.7338,-1,-1,-1
956,47,1236.23,743.97,86.18,271.75,0.8597,-1,-1,-1
956,38,1580.11,595.05,95.57,228.58,0.6147,-1,-1,-1
956,36,851.57,360.96,66.32,210.18,0.7482,-1,-1,-1
956,35,924.84,343.98,71.04,215.64,0.7708,-1,-1,-1
956,33,321.89,772.95,88.98,259.12,0.8786,-1,-1,-1
956,31,1721.47,453.65,72.56,214.09,0.6229,-1,-1,-1
957,48,1741.04,670.19,90.11,251.96,0.7346,-1,-1,-1
957,47,1233.15,743.04,89.85,256.70,0.8386,-1,-1,-1
957,38,1582.88,593.63,92.82,229.95,0.6290,-1,-1,-1
957,36,851.02,361.66,65.77,206.55,0.7866,-1,-1,-1
957,35,922.22,343.98,72.92,215.42,0.7585,-1,-1,-1
957,33,322.27,773.75,88.07,259.54,0.8821,-1,-1,-1
957,31,1720.93,452.94,72.76,214.70,0.6053,-1,-1,-1
958,48,1741.12,668.22,90.48,255.02,0.7185,-1,-1,-1
958,47,1232.32,741.58,89.25,261.56,0.8395,-1,-1,-1
958,38,1580.75,596.05,95.06,227.20,0.6029,-1,-1,-1
958,36,850.37,360.60,66.50,207.14,0.7899,-1,-1,-1
958,35,923.50,343.92,72.90,216.02,0.7891,-1,-1,-1
958,33,322.28,775.03,87.96,263.37,0.8762,-1,-1,-1
958,31,1720.90,453.30,72.98,214.26,0.6157,-1,-1,-1
958,7,926.30,932.82,71.32,147.18,0.8210,-1,-1,-1
959,48,1741.02,669.78,89.11,252.29,0.6366,-1,-1,-1
959,47,1229.02,740.66,91.52,248.65,0.8287,-1,-1,-1
959,44,386.05,408.76,77.62,213.70,0.7375,-1,-1,-1
959,38,1581.78,596.98,93.41,227.10,0.6153,-1,-1,-1
959,36,850.78,359.74,65.51,205.43,0.7893,-1,-1,-1
959,33,321.92,777.58,87.49,263.21,0.8568,-1,-1,-1
959,31,1720.80,453.47,72.90,212.79,0.6075,-1,-1,-1
959,7,926.73,932.95,71.09,147.05,0.8233,-1,-1,-1
960,48,1740.71,669.57,91.43,253.18,0.7466,-1,-1,-1
960,47,1225.76,738.77,92.45,259.12,0.8639,-1,-1,-1
960,44,386.36,408.85,78.00,214.27,0.6200,-1,-1,-1
960,38,1580.17,592.29,96.71,231.29,0.6370,-1,-1,-1
960,36,850.59,355.74,64.94,208.07,0.8074,-1,-1,-1
960,33,321.80,779.92,87.13,262.80,0.8634,-1,-1,-1
960,31,1720.68,452.35,73.44,214.42,0.6376,-1,-1,-1
960,7,926.85,932.35,71.62,147.65,0.8337,-1,-1,-1
961,48,1740.57,670.84,91.70,252.65,0.7471,-1,-1,-1
961,47,1221.96,736.26,94.37,255.73,0.8642,-1,-1,-1
961,44,387.45,410.28,76.13,212.28,0.7107,-1,-1,-1
961,36,849.55,352.32,63.88,206.46,0.8020,-1,-1,-1
961,33,322.77,784.82,86.14,260.67,0.8728,-1,-1,-1
961,31,1721.00,452.57,73.37,213.98,0.6335,-1,-1,-1
961,7,927.39,931.99,71.21,148.01,0.8249,-1,-1,-1
962,48,1740.36,666.39,93.52,260.99,0.7395,-1,-1,-1
962,47,1220.24,732.96,93.76,256.15,0.8546,-1,-1,-1
962,44,387.14,411.84,77.64,211.02,0.6396,-1,-1,-1
962,36,848.89,349.29,64.68,203.81,0.8001,-1,-1,-1
962,35,925.47,338.24,71.90,217.04,0.7567,-1,-1,-1
962,33,322.81,786.95,85.82,259.91,0.8794,-1,-1,-1
962,31,1720.98,452.59,72.60,213.45,0.6409,-1,-1,-1
962,7,927.62,932.17,71.41,147.83,0.8348,-1,-1,-1
963,50,321.22,418.35,63.02,201.60,0.6962,-1,-1,-1
963,48,1740.64,668.87,92.47,254.79,0.7138,-1,-1,-1
963,47,1218.66,730.54,92.45,261.20,0.8431,-1,-1,-1
963,44,387.30,412.19,78.03,211.67,0.6892,-1,-1,-1
963,36,849.15,347.85,62.85,203.96,0.7986,-1,-1,-1
963,35,924.41,335.77,71.21,219.16,0.7745,-1,-1,-1
963,33,323.48,789.71,85.53,262.67,0.8689,-1,-1,-1
963,31,1720.93,452.57,73.18,213.37,0.6280,-1,-1,-1
963,7,928.05,931.90,71.36,148.10,0.8290,-1,-1,-1
964,50,321.09,419.46,64.29,203.68,0.7101,-1,-1,-1
964,48,1740.36,665.79,93.21,259.33,0.7295,-1,-1,-1
964,47,1217.96,727.79,89.66,269.26,0.8492,-1,-1,-1
964,44,387.67,411.72,76.20,212.11,0.6576,-1,-1,-1
964,36,848.28,347.03,61.64,202.95,0.7633,-1,-1,-1
964,35,923.26,333.54,71.84,217.47,0.7409,-1,-1,-1
964,33,324.89,792.68,84.40,267.29,0.8784,-1,-1,-1
964,31,1720.62,452.99,72.90,214.10,0.6226,-1,-1,-1
964,7,927.64,932.22,71.69,147.78,0.8319,-1,-1,-1
965,50,318.50,425.10,67.73,199.05,0.7128,-1,-1,-1
965,48,1740.74,670.39,93.50,254.53,0.7415,-1,-1,-1
965,47,1216.08,723.16,90.52,266.29,0.8582,-1,-1,-1
965,44,387.86,413.56,76.32,210.60,0.6591,-1,-1,-1
965,38,1576.14,590.05,100.08,234.00,0.6656,-1,-1,-1
965,36,849.95,343.85,59.15,200.88,0.7456,-1,-1,-1
965,35,924.08,331.17,71.84,213.70,0.7813,-1,-1,-1
965,33,325.91,795.49,84.49,272.89,0.8814,-1,-1,-1
965,31,1721.02,453.04,72.95,212.57,0.6543,-1,-1,-1
965,7,927.78,931.99,71.87,148.01,0.8283,-1,-1,-1
966,50,319.04,430.09,66.38,193.61,0.6994,-1,-1,-1
966,48,1741.08,670.13,93.76,256.06,0.7468,-1,-1,-1
966,47,1215.30,719.70,90.43,259.77,0.8462,-1,-1,-1
966,44,387.53,413.50,76.44,210.28,0.6793,-1,-1,-1
966,38,1575.35,591.27,102.02,232.53,0.6827,-1,-1,-1
966,36,849.92,342.67,59.13,200.32,0.7653,-1,-1,-1
966,35,924.90,330.38,70.72,206.73,0.7862,-1,-1,-1
966,33,327.27,798.15,82.91,276.10,0.8845,-1,-1,-1
966,31,1720.69,452.96,72.93,213.48,0.6265,-1,-1,-1
966,7,927.34,932.38,72.59,147.62,0.8244,-1,-1,-1
967,50,312.96,429.28,72.89,195.66,0.6572,-1,-1,-1
967,48,1740.89,670.58,92.46,255.42,0.7746,-1,-1,-1
967,47,1215.92,715.58,88.05,260.75,0.8373,-1,-1,-1
967,44,387.96,413.48,75.73,210.28,0.6504,-1,-1,-1
967,38,1573.65,590.74,104.28,232.94,0.6635,-1,-1,-1
967,36,850.62,340.75,59.25,202.43,0.7857,-1,-1,-1
967,35,926.67,328.50,69.24,207.14,0.7995,-1,-1,-1
967,33,328.85,799.45,82.45,274.14,0.8676,-1,-1,-1
967,31,1720.57,452.79,72.85,213.78,0.6151,-1,-1,-1
967,7,927.12,932.21,73.07,147.79,0.8266,-1,-1,-1
968,50,311.07,429.96,73.94,194.94,0.6193,-1,-1,-1
968,48,1739.65,669.34,95.00,257.10,0.7544,-1,-1,-1
968,47,1213.92,712.74,88.79,262.35,0.8513,-1,-1,-1
968,44,389.70,414.55,74.11,208.60,0.6507,-1,-1,-1
968,38,1574.97,589.29,102.45,234.59,0.6860,-1,-1,-1
968,36,848.85,339.91,60.17,204.33,0.7917,-1,-1,-1
968,35,927.08,325.55,69.32,208.08,0.8148,-1,-1,-1
968,33,329.14,799.85,84.02,274.77,0.8719,-1,-1,-1
968,31,1720.70,452.88,72.56,214.30,0.6311,-1,-1,-1
968,7,926.84,931.65,72.91,148.35,0.8282,-1,-1,-1
969,48,1739.24,669.03,93.82,255.08,0.7656,-1,-1,-1
969,47,1211.86,709.63,90.98,266.55,0.8596,-1,-1,-1
969,38,1574.57,590.95,104.73,232.87,0.6924,-1,-1,-1
969,36,849.51,339.09,59.10,205.82,0.7946,-1,-1,-1
969,35,927.48,324.31,68.69,207.39,0.8211,-1,-1,-1
969,33,329.42,800.79,85.94,272.80,0.8466,-1,-1,-1
969,31,1720.81,453.20,72.58,214.29,0.6450,-1,-1,-1
969,7,926.94,932.26,72.11,147.74,0.8247,-1,-1,-1
970,48,1739.13,669.37,93.94,253.85,0.7540,-1,-1,-1
970,47,1210.44,708.15,91.59,268.65,0.8389,-1,-1,-1
970,38,1576.01,592.00,102.45,232.09,0.6969,-1,-1,-1
970,36,849.29,338.79,59.13,206.30,0.7996,-1,-1,-1
970,35,928.19,323.68,66.25,208.00,0.7912,-1,-1,-1
970,31,1720.75,453.11,72.69,213.62,0.6328,-1,-1,-1
970,7,926.36,932.03,72.32,147.97,0.8224,-1,-1,-1
971,48,1739.54,671.38,92.31,253.23,0.7477,-1,-1,-1
971,47,1210.05,707.15,91.65,269.99,0.8493,-1,-1,-1
971,38,1575.73,590.69,103.26,233.23,0.6540,-1,-1,-1
971,36,849.23,338.31,58.79,207.83,0.8078,-1,-1,-1
971,35,928.31,323.28,66.10,207.40,0.7983,-1,-1,-1
971,31,1720.83,453.09,73.12,213.91,0.6362,-1,-1,-1
971,7,926.26,932.42,71.89,147.58,0.8135,-1,-1,-1
972,48,1739.87,669.41,92.80,256.97,0.7635,-1,-1,-1
972,47,1207.88,706.83,93.69,268.11,0.8188,-1,-1,-1
972,38,1575.79,590.69,102.88,233.19,0.6352,-1,-1,-1
972,36,849.09,338.23,58.63,208.25,0.7830,-1,-1,-1
972,35,928.05,322.61,65.89,206.75,0.7791,-1,-1,-1
972,31,1721.47,452.61,71.86,213.32,0.6239,-1,-1,-1
972,7,926.30,932.68,70.38,147.32,0.7877,-1,-1,-1
973,48,1739.65,669.05,93.83,256.19,0.7576,-1,-1,-1
973,47,1206.47,705.13,91.28,270.20,0.8730,-1,-1,-1
973,38,1575.60,591.45,102.97,232.81,0.6829,-1,-1,-1
973,36,847.80,336.52,60.19,207.81,0.7920,-1,-1,-1
973,35,928.33,322.04,65.04,207.08,0.7778,-1,-1,-1
973,31,1720.66,452.32,72.91,214.44,0.6321,-1,-1,-1
973,7,925.62,933.69,71.21,146.31,0.7957,-1,-1,-1
974,48,1739.62,671.81,92.81,254.14,0.7471,-1,-1,-1
974,47,1205.16,703.58,91.96,271.01,0.8762,-1,-1,-1
974,44,386.96,421.67,76.29,219.21,0.6437,-1,-1,-1
974,38,1577.87,589.34,100.89,234.50,0.7081,-1,-1,-1
974,36,848.17,335.52,59.61,208.49,0.7837,-1,-1,-1
974,35,927.40,322.01,65.19,206.90,0.7710,-1,-1,-1
974,33,328.34,807.88,97.90,265.79,0.8323,-1,-1,-1
975,48,1739.28,669.60,93.32,255.28,0.7550,-1,-1,-1
975,47,1203.56,703.12,90.20,269.77,0.8631,-1,-1,-1
975,44,386.85,423.60,76.89,218.47,0.6477,-1,-1,-1
975,38,1578.98,589.94,100.13,234.06,0.6810,-1,-1,-1
975,36,847.41,333.46,60.15,208.30,0.7762,-1,-1,-1
975,35,927.32,321.11,64.41,209.28,0.7472,-1,-1,-1
975,33,328.04,809.58,99.37,264.19,0.8497,-1,-1,-1
976,48,1739.44,671.41,93.21,253.03,0.7865,-1,-1,-1
976,47,1201.18,701.04,90.51,269.65,0.8709,-1,-1,-1
976,44,387.64,425.98,75.72,218.90,0.6408,-1,-1,-1
976,38,1579.76,588.76,99.78,235.04,0.6757,-1,-1,-1
976,36,847.14,331.72,60.20,206.35,0.7892,-1,-1,-1
976,35,925.43,320.32,64.55,211.55,0.6458,-1,-1,-1
976,33,328.40,812.03,100.19,264.36,0.8434,-1,-1,-1
977,48,1739.10,669.71,92.46,252.69,0.7723,-1,-1,-1
977,47,1201.32,698.42,87.52,273.23,0.8521,-1,-1,-1
977,44,386.49,428.54,76.13,216.67,0.6454,-1,-1,-1
977,38,1578.30,588.43,101.77,235.88,0.6875,-1,-1,-1
977,36,847.07,329.61,59.93,204.75,0.7936,-1,-1,-1
977,35,923.81,318.24,64.21,211.96,0.8099,-1,-1,-1
977,33,328.32,814.17,101.77,265.83,0.8535,-1,-1,-1
977,7,921.96,934.27,69.56,145.73,0.7829,-1,-1,-1
978,48,1739.25,670.12,90.91,253.69,0.7831,-1,-1,-1
978,47,1199.82,695.59,87.18,273.76,0.8517,-1,-1,-1
978,38,1578.43,589.69,101.07,234.39,0.6830,-1,-1,-1
978,36,846.19,327.24,60.73,201.75,0.7962,-1,-1,-1
978,35,924.11,317.88,63.97,209.05,0.8083,-1,-1,-1
978,33,329.17,817.00,100.08,263.00,0.8603,-1,-1,-1
978,7,922.42,934.92,67.69,145.08,0.7786,-1,-1,-1
979,48,1738.90,669.87,92.24,253.08,0.7808,-1,-1,-1
979,47,1199.61,691.79,86.92,275.87,0.8534,-1,-1,-1
979,38,1576.49,590.73,102.63,232.96,0.6836,-1,-1,-1
979,36,845.83,324.27,60.74,200.84,0.7809,-1,-1,-1
979,35,924.11,316.48,62.91,206.78,0.8198,-1,-1,-1
979,33,330.19,819.10,99.48,260.90,0.8701,-1,-1,-1
979,7,922.11,935.56,66.92,144.44,0.7788,-1,-1,-1
980,48,1739.50,668.31,93.53,255.49,0.7698,-1,-1,-1
980,47,1199.44,687.84,86.87,272.35,0.8342,-1,-1,-1
980,38,1575.35,590.84,104.53,233.16,0.6954,-1,-1,-1
980,36,845.20,323.31,61.00,198.39,0.7620,-1,-1,-1
980,35,923.35,315.57,62.03,206.10,0.8210,-1,-1,-1
980,33,329.80,822.88,98.61,257.12,0.8765,-1,-1,-1
980,7,921.44,936.45,65.77,143.55,0.7952,-1,-1,-1
981,50,309.52,440.71,77.15,206.10,0.6368,-1,-1,-1
981,48,1739.15,670.52,92.13,253.62,0.7784,-1,-1,-1
981,47,1198.41,684.56,86.35,264.59,0.8401,-1,-1,-1
981,44,388.51,433.01,74.14,215.57,0.6406,-1,-1,-1
981,38,1576.10,590.39,103.51,233.72,0.7032,-1,-1,-1
981,36,844.43,321.30,60.08,198.90,0.7190,-1,-1,-1
981,35,921.67,313.50,62.89,205.40,0.7991,-1,-1,-1
981,33,329.92,827.02,98.46,252.98,0.8824,-1,-1,-1
981,7,920.77,937.09,65.94,142.91,0.7850,-1,-1,-1
982,50,311.03,443.29,76.32,206.73,0.6042,-1,-1,-1
982,48,1739.04,668.59,93.47,255.64,0.7787,-1,-1,-1
982,47,1197.95,680.22,85.23,263.72,0.8534,-1,-1,-1
982,44,390.31,436.58,71.51,211.47,0.6115,-1,-1,-1
982,38,1576.08,590.09,104.50,233.44,0.6938,-1,-1,-1
982,36,841.40,318.60,63.26,199.89,0.7280,-1,-1,-1
982,35,923.49,311.52,60.13,201.37,0.7961,-1,-1,-1
982,33,330.25,830.12,97.14,249.88,0.8803,-1,-1,-1
982,7,919.02,937.70,66.89,142.30,0.7839,-1,-1,-1
983,50,309.92,446.18,73.65,205.24,0.6309,-1,-1,-1
983,48,1739.25,671.75,90.37,251.61,0.7610,-1,-1,-1
983,47,1195.29,677.20,87.14,256.76,0.8650,-1,-1,-1
983,44,389.92,435.39,71.53,214.31,0.6350,-1,-1,-1
983,38,1576.16,589.00,104.29,234.94,0.6770,-1,-1,-1
983,36,841.07,317.99,64.76,202.56,0.7928,-1,-1,-1
983,35,924.21,309.72,59.49,202.39,0.8208,-1,-1,-1
983,33,330.12,833.46,95.12,246.54,0.8814,-1,-1,-1
983,7,917.14,938.21,67.37,141.79,0.7802,-1,-1,-1
984,48,1739.18,669.63,93.24,253.89,0.7755,-1,-1,-1
984,47,1194.26,673.40,88.07,255.59,0.8511,-1,-1,-1
984,44,392.12,437.90,69.23,211.95,0.6396,-1,-1,-1
984,38,1575.89,586.21,105.12,237.17,0.6901,-1,-1,-1
984,36,840.05,316.61,65.45,202.71,0.8057,-1,-1,-1
984,35,922.93,309.20,60.73,201.52,0.8291,-1,-1,-1
984,33,329.40,835.22,95.59,244.78,0.8793,-1,-1,-1
984,7,917.92,939.17,66.37,140.83,0.7715,-1,-1,-1
985,48,1739.28,671.70,90.51,251.63,0.7570,-1,-1,-1
985,47,1192.15,670.53,89.55,260.28,0.8547,-1,-1,-1
985,44,389.01,439.70,71.63,209.22,0.6279,-1,-1,-1
985,38,1575.98,587.82,105.81,235.86,0.6799,-1,-1,-1
985,36,838.15,316.05,67.74,202.58,0.7849,-1,-1,-1
985,35,922.19,306.76,60.94,203.02,0.8141,-1,-1,-1
985,33,329.00,836.64,95.61,243.36,0.8696,-1,-1,-1
985,7,915.21,940.37,67.33,139.63,0.7664,-1,-1,-1
986,48,1739.37,670.92,91.69,253.61,0.7667,-1,-1,-1
986,47,1190.77,668.09,88.13,256.92,0.8398,-1,-1,-1
986,44,388.99,440.00,71.86,208.36,0.6247,-1,-1,-1
986,38,1575.81,584.48,106.14,239.22,0.6921,-1,-1,-1
986,36,837.44,315.82,68.18,203.21,0.7884,-1,-1,-1
986,35,921.53,304.98,62.25,204.44,0.8125,-1,-1,-1
986,33,329.09,837.35,95.09,242.65,0.8603,-1,-1,-1
986,7,915.14,940.75,67.01,139.25,0.7494,-1,-1,-1
987,48,1739.52,671.45,91.56,252.11,0.7554,-1,-1,-1
987,47,1191.62,666.71,87.22,256.59,0.8437,-1,-1,-1
987,44,387.21,438.56,74.41,213.01,0.6825,-1,-1,-1
987,38,1575.41,585.93,105.34,238.32,0.6965,-1,-1,-1
987,36,836.40,315.73,69.02,203.78,0.7900,-1,-1,-1
987,35,920.56,304.08,63.66,204.90,0.8099,-1,-1,-1
987,33,329.57,838.74,93.77,241.26,0.8524,-1,-1,-1
987,7,912.28,940.83,68.61,139.17,0.7545,-1,-1,-1
988,48,1739.25,669.95,92.11,253.68,0.7593,-1,-1,-1
988,47,1190.12,665.40,87.72,254.94,0.8342,-1,-1,-1
988,44,387.77,440.71,73.07,214.50,0.7145,-1,-1,-1
988,38,1575.97,586.47,104.26,237.60,0.6998,-1,-1,-1
988,36,836.42,314.93,68.98,205.36,0.7643,-1,-1,-1
988,35,920.62,302.35,65.65,208.04,0.7933,-1,-1,-1
988,33,328.84,840.08,94.35,239.92,0.8495,-1,-1,-1
988,7,913.19,941.40,66.64,138.60,0.7643,-1,-1,-1
989,48,1739.53,670.93,92.22,253.37,0.7624,-1,-1,-1
989,47,1188.11,665.29,88.58,245.08,0.8309,-1,-1,-1
989,44,388.61,443.14,71.71,217.41,0.7533,-1,-1,-1
989,38,1576.63,584.84,103.32,239.37,0.7267,-1,-1,-1
989,36,836.32,313.52,68.66,204.38,0.7586,-1,-1,-1
989,35,920.02,302.11,67.13,208.99,0.7599,-1,-1,-1
989,33,328.01,841.88,95.42,238.12,0.8437,-1,-1,-1
989,7,911.81,941.62,66.22,138.38,0.7461,-1,-1,-1
990,48,1739.79,669.43,90.78,254.27,0.7559,-1,-1,-1
990,47,1187.12,664.40,86.35,240.57,0.8066,-1,-1,-1
990,44,388.63,445.05,72.35,217.30,0.7687,-1,-1,-1
990,38,1575.09,585.19,104.32,238.88,0.7129,-1,-1,-1
990,36,836.35,312.66,69.04,205.07,0.7810,-1,-1,-1
990,35,921.71,301.74,65.92,208.50,0.7369,-1,-1,-1
990,33,327.49,843.24,95.30,236.76,0.8529,-1,-1,-1
990,7,909.96,941.74,66.73,138.26,0.7544,-1,-1,-1
991,48,1738.54,668.62,90.86,256.60,0.7689,-1,-1,-1
991,47,1186.75,661.76,87.03,254.40,0.8307,-1,-1,-1
991,44,386.81,445.30,73.49,220.10,0.7268,-1,-1,-1
991,38,1575.31,585.85,106.27,238.40,0.7334,-1,-1,-1
991,36,835.99,311.95,68.21,202.22,0.7700,-1,-1,-1
991,35,921.48,300.64,64.93,210.31,0.7196,-1,-1,-1
991,33,327.40,844.82,94.78,235.18,0.8511,-1,-1,-1
991,7,910.00,942.85,66.36,137.15,0.7866,-1,-1,-1
992,48,1739.31,669.63,89.46,255.45,0.7529,-1,-1,-1
992,47,1184.48,660.24,86.16,259.94,0.8126,-1,-1,-1
992,44,385.48,448.50,73.96,218.13,0.7541,-1,-1,-1
992,38,1576.16,585.22,105.54,238.77,0.7521,-1,-1,-1
992,36,836.56,311.11,66.62,197.37,0.7732,-1,-1,-1
992,35,920.68,301.21,65.91,209.59,0.7600,-1,-1,-1
992,33,327.50,846.18,93.90,233.82,0.8539,-1,-1,-1
992,7,908.85,943.10,66.41,136.90,0.7811,-1,-1,-1
993,48,1739.51,668.76,91.94,256.80,0.7543,-1,-1,-1
993,47,1183.14,658.77,86.74,254.35,0.7856,-1,-1,-1
993,44,383.24,452.44,75.92,218.64,0.7531,-1,-1,-1
993,38,1575.72,585.66,105.27,238.20,0.7501,-1,-1,-1
993,36,837.63,310.40,65.10,197.29,0.7621,-1,-1,-1
993,35,923.20,300.17,62.37,209.32,0.7297,-1,-1,-1
993,33,327.29,847.48,93.82,232.52,0.8461,-1,-1,-1
993,7,908.51,943.91,67.16,136.09,0.7974,-1,-1,-1
994,48,1739.45,671.40,93.49,255.38,0.7431,-1,-1,-1
994,47,1181.97,656.40,86.37,261.31,0.7945,-1,-1,-1
994,44,380.88,454.36,77.03,217.08,0.7622,-1,-1,-1
994,38,1576.71,585.55,104.13,238.52,0.7432,-1,-1,-1
994,36,838.93,307.68,64.08,198.23,0.7567,-1,-1,-1
994,35,923.65,298.37,64.57,208.82,0.6979,-1,-1,-1
994,33,328.78,850.21,90.60,229.79,0.7762,-1,-1,-1
994,7,906.43,943.82,69.77,136.18,0.7914,-1,-1,-1
995,48,1739.79,670.68,92.13,257.08,0.7521,-1,-1,-1
995,47,1177.96,654.52,85.48,251.84,0.8102,-1,-1,-1
995,44,381.63,455.37,76.18,217.31,0.7638,-1,-1,-1
995,38,1577.81,586.94,102.39,237.06,0.7389,-1,-1,-1
995,36,838.96,305.67,63.83,194.68,0.7110,-1,-1,-1
995,35,922.89,296.07,65.31,209.91,0.6924,-1,-1,-1
995,33,328.98,852.61,91.90,227.39,0.8211,-1,-1,-1
995,7,906.51,944.53,69.02,135.47,0.7807,-1,-1,-1
996,50,308.02,462.91,68.10,204.65,0.7184,-1,-1,-1
996,48,1739.79,671.71,90.97,253.48,0.7500,-1,-1,-1
996,47,1177.73,651.66,84.96,258.74,0.8373,-1,-1,-1
996,44,380.00,455.83,77.57,217.37,0.7631,-1,-1,-1
996,38,1576.93,586.22,102.96,237.66,0.7341,-1,-1,-1
996,36,839.48,303.26,63.66,194.94,0.7152,-1,-1,-1
996,33,329.55,854.82,91.21,225.18,0.8231,-1,-1,-1
996,7,906.93,945.02,67.58,134.98,0.7742,-1,-1,-1
997,50,307.70,464.75,69.15,204.80,0.7387,-1,-1,-1
997,48,1740.55,671.92,89.49,252.48,0.7570,-1,-1,-1
997,47,1176.17,647.76,83.95,256.19,0.8474,-1,-1,-1
997,44,381.07,456.53,76.56,217.04,0.7613,-1,-1,-1
997,38,1577.30,586.72,101.98,236.77,0.7336,-1,-1,-1
997,36,840.70,300.73,62.07,194.39,0.6884,-1,-1,-1
997,33,329.13,858.54,92.39,221.46,0.7733,-1,-1,-1
997,7,906.07,945.30,68.50,134.70,0.7815,-1,-1,-1
998,50,307.56,468.67,70.25,202.25,0.7144,-1,-1,-1
998,48,1740.60,671.38,89.33,255.68,0.7595,-1,-1,-1
998,47,1176.13,643.57,83.63,255.27,0.8539,-1,-1,-1
998,44,379.48,457.36,79.06,216.52,0.7115,-1,-1,-1
998,38,1577.63,586.92,102.55,237.42,0.7478,-1,-1,-1
998,36,842.36,298.55,60.31,197.53,0.6765,-1,-1,-1
998,33,329.71,861.00,90.84,219.00,0.6914,-1,-1,-1
998,7,905.20,945.25,68.96,134.75,0.7755,-1,-1,-1
999,50,307.93,467.15,69.53,205.86,0.7131,-1,-1,-1
999,48,1740.68,670.98,90.12,254.52,0.7534,-1,-1,-1
999,47,1175.90,640.05,82.83,253.78,0.8517,-1,-1,-1
999,44,378.12,457.07,80.68,216.81,0.6506,-1,-1,-1
999,38,1579.30,587.07,100.97,236.62,0.7189,-1,-1,-1
999,36,842.68,296.47,60.14,198.75,0.6705,-1,-1,-1
999,33,329.87,864.66,91.78,215.34,0.8527,-1,-1,-1
999,7,905.37,945.71,68.58,134.29,0.7562,-1,-1,-1
1000,50,306.87,470.83,70.77,203.04,0.7392,-1,-1,-1
1000,48,1741.21,673.78,90.62,252.40,0.7342,-1,-1,-1
1000,47,1174.10,637.92,85.13,252.87,0.8498,-1,-1,-1
1000,44,376.32,457.70,84.41,216.75,0.6391,-1,-1,-1
1000,38,1577.79,586.26,101.24,237.36,0.7166,-1,-1,-1
1000,36,842.60,295.25,60.22,201.26,0.6335,-1,-1,-1
1000,33,330.82,867.83,91.20,212.17,0.6870,-1,-1,-1
1000,7,905.65,945.89,68.04,134.11,0.7552,-1,-1,-1
1001,50,306.39,471.62,71.84,201.86,0.6817,-1,-1,-1
1001,48,1741.32,668.34,86.71,257.78,0.7086,-1,-1,-1
1001,47,1174.46,635.23,85.00,254.21,0.8530,-1,-1,-1
1001,44,376.81,457.18,82.88,217.25,0.6188,-1,-1,-1
1001,38,1574.99,586.42,104.44,237.29,0.7287,-1,-1,-1
1001,36,843.03,294.75,60.07,201.34,0.6281,-1,-1,-1
1001,33,333.11,870.31,90.30,209.69,0.8383,-1,-1,-1
1001,7,905.22,946.35,68.89,133.65,0.6640,-1,-1,-1
1002,50,304.69,476.03,73.69,198.17,0.6466,-1,-1,-1
1002,48,1742.78,672.74,83.43,253.56,0.7114,-1,-1,-1
1002,47,1175.30,632.31,84.52,257.93,0.8483,-1,-1,-1
1002,44,378.63,458.27,80.96,216.03,0.6509,-1,-1,-1
1002,38,1573.63,586.98,106.26,236.88,0.7297,-1,-1,-1
1002,36,842.92,294.66,59.83,203.14,0.6116,-1,-1,-1
1002,33,334.89,873.28,89.74,206.72,0.8392,-1,-1,-1
1002,7,904.05,946.42,69.29,133.58,0.7666,-1,-1,-1
1003,50,302.45,473.09,76.23,201.13,0.6551,-1,-1,-1
1003,48,1743.77,674.96,85.34,253.50,0.7196,-1,-1,-1
1003,47,1173.59,630.06,85.22,260.42,0.8577,-1,-1,-1
1003,44,378.51,458.88,80.65,215.97,0.6856,-1,-1,-1
1003,38,1574.93,588.46,105.35,235.38,0.7520,-1,-1,-1
1003,33,336.94,875.44,87.98,204.56,0.8429,-1,-1,-1
1004,48,1743.78,674.50,87.83,254.49,0.7057,-1,-1,-1
1004,47,1172.16,629.75,85.98,259.48,0.8565,-1,-1,-1
1004,44,378.83,457.79,81.26,220.15,0.7304,-1,-1,-1
1004,38,1574.82,587.96,105.34,235.96,0.7388,-1,-1,-1
1004,33,338.92,877.50,88.11,202.50,0.8481,-1,-1,-1
1005,48,1743.90,675.16,89.10,254.23,0.7126,-1,-1,-1
1005,47,1170.42,627.87,86.53,262.00,0.8521,-1,-1,-1
1005,44,379.14,459.52,81.04,222.11,0.6955,-1,-1,-1
1005,38,1575.45,587.89,105.27,236.35,0.7163,-1,-1,-1
1005,33,341.04,878.37,87.86,201.63,0.8555,-1,-1,-1
1006,48,1744.62,671.67,90.06,255.84,0.6747,-1,-1,-1
1006,47,1168.56,627.80,88.27,262.10,0.8409,-1,-1,-1
1006,44,380.69,461.18,80.00,221.27,0.6446,-1,-1,-1
1006,38,1575.14,589.14,105.21,234.92,0.7449,-1,-1,-1
1006,36,843.23,290.97,62.01,201.74,0.7055,-1,-1,-1
1006,33,342.19,880.50,88.82,199.50,0.8597,-1,-1,-1
1007,48,1745.10,671.79,91.78,257.68,0.7098,-1,-1,-1
1007,47,1166.96,628.54,89.43,259.26,0.8356,-1,-1,-1
1007,44,381.53,462.63,79.79,223.99,0.6763,-1,-1,-1
1007,38,1575.95,590.20,104.00,233.36,0.7422,-1,-1,-1
1007,36,843.54,289.97,61.72,200.85,0.6927,-1,-1,-1
1007,35,930.71,277.21,60.48,204.61,0.7023,-1,-1,-1
1007,33,343.41,882.05,90.48,197.95,0.8707,-1,-1,-1
1008,48,1745.65,673.04,89.14,255.20,0.6823,-1,-1,-1
1008,47,1164.35,627.08,88.27,259.79,0.8393,-1,-1,-1
1008,44,381.75,464.14,79.72,222.65,0.6941,-1,-1,-1
1008,38,1575.81,588.74,104.75,235.64,0.7507,-1,-1,-1
1008,36,844.59,287.34,60.92,201.34,0.6893,-1,-1,-1
1008,35,931.09,276.85,59.69,205.57,0.6864,-1,-1,-1
1008,33,344.25,882.88,91.97,197.12,0.8665,-1,-1,-1
1008,7,905.69,949.38,66.89,130.62,0.7381,-1,-1,-1
1009,48,1744.51,671.91,91.19,252.58,0.6704,-1,-1,-1
1009,47,1160.05,625.10,88.94,260.13,0.8263,-1,-1,-1
1009,44,381.32,465.98,80.05,223.88,0.6695,-1,-1,-1
1009,38,1576.03,589.49,104.90,234.96,0.7680,-1,-1,-1
1009,36,844.75,286.32,61.17,196.91,0.6847,-1,-1,-1
1009,35,929.96,276.78,60.51,205.64,0.6521,-1,-1,-1
1009,33,344.43,885.67,96.37,194.33,0.8696,-1,-1,-1
1009,7,905.71,949.94,66.84,130.06,0.7382,-1,-1,-1
1010,48,1741.33,672.10,96.09,252.09,0.6147,-1,-1,-1
1010,47,1156.70,623.14,89.46,260.65,0.8455,-1,-1,-1
1010,38,1576.18,589.02,104.56,234.54,0.7481,-1,-1,-1
1010,36,844.34,284.14,61.74,198.15,0.6577,-1,-1,-1
1010,35,930.38,275.69,61.05,207.62,0.6743,-1,-1,-1
1010,33,345.95,887.75,96.41,192.25,0.8684,-1,-1,-1
1010,7,905.11,949.75,67.90,130.25,0.7326,-1,-1,-1
1011,52,591.75,549.38,86.29,242.15,0.6583,-1,-1,-1
1011,47,1155.76,621.19,89.85,262.53,0.8461,-1,-1,-1
1011,38,1575.67,590.30,104.06,234.21,0.7478,-1,-1,-1
1011,36,845.47,281.62,60.26,195.19,0.6529,-1,-1,-1
1011,35,929.34,275.47,62.46,206.24,0.6588,-1,-1,-1
1011,33,347.01,890.18,97.45,189.82,0.8538,-1,-1,-1
1011,7,904.96,949.76,67.61,130.24,0.7295,-1,-1,-1
1012,52,590.76,550.87,86.35,240.30,0.6634,-1,-1,-1
1012,47,1153.70,618.32,89.81,263.50,0.8506,-1,-1,-1
1012,38,1574.62,588.32,105.18,236.08,0.7278,-1,-1,-1
1012,36,845.10,279.57,59.94,194.77,0.6167,-1,-1,-1
1012,35,930.89,273.90,61.16,206.02,0.6347,-1,-1,-1
1012,33,347.29,893.05,100.75,186.95,0.8571,-1,-1,-1
1012,7,904.62,949.50,68.57,130.50,0.7332,-1,-1,-1
1013,52,589.51,551.20,87.82,240.20,0.7038,-1,-1,-1
1013,47,1154.01,615.99,88.32,259.61,0.8475,-1,-1,-1
1013,38,1575.53,589.83,104.76,234.54,0.7353,-1,-1,-1
1013,36,845.76,278.33,59.47,198.01,0.6018,-1,-1,-1
1013,35,930.06,271.85,61.97,206.71,0.6447,-1,-1,-1
1013,33,348.36,895.79,101.94,184.21,0.8540,-1,-1,-1
1014,52,588.60,551.57,86.90,240.10,0.6958,-1,-1,-1
1014,47,1153.01,613.17,88.98,259.92,0.8361,-1,-1,-1
1014,38,1573.16,587.46,106.13,236.75,0.7067,-1,-1,-1
1014,36,842.72,277.06,61.97,199.79,0.6367,-1,-1,-1
1014,33,348.65,897.61,102.80,182.39,0.8584,-1,-1,-1
1015,52,588.90,552.36,84.65,238.65,0.6491,-1,-1,-1
1015,47,1154.25,611.25,84.96,255.61,0.8448,-1,-1,-1
1015,38,1574.19,589.70,105.96,235.20,0.7283,-1,-1,-1
1015,36,842.78,276.19,63.13,201.07,0.6139,-1,-1,-1
1015,33,350.09,901.00,101.92,179.00,0.8546,-1,-1,-1
1016,52,587.08,551.52,85.62,240.31,0.6588,-1,-1,-1
1016,47,1153.30,607.68,83.76,248.22,0.8500,-1,-1,-1
1016,38,1573.86,588.09,105.97,236.78,0.7114,-1,-1,-1
1016,33,351.59,904.09,102.83,175.91,0.8645,-1,-1,-1
1017,52,587.99,551.91,82.62,238.00,0.6900,-1,-1,-1
1017,47,1151.87,603.96,83.79,245.05,0.8516,-1,-1,-1
1017,38,1574.18,588.84,104.60,236.51,0.7346,-1,-1,-1
1017,33,352.87,908.08,102.02,171.72,0.8729,-1,-1,-1
1018,52,587.20,551.75,82.97,238.19,0.6433,-1,-1,-1
1018,47,1153.65,600.83,80.62,247.23,0.8247,-1,-1,-1
1018,38,1574.44,591.55,103.39,233.72,0.7123,-1,-1,-1
1018,33,353.37,911.78,103.32,167.84,0.8624,-1,-1,-1
1019,47,1153.21,598.70,81.13,247.90,0.8033,-1,-1,-1
1019,38,1574.19,590.80,103.29,234.98,0.7312,-1,-1,-1
1019,36,842.77,274.86,63.80,201.47,0.6373,-1,-1,-1
1019,33,353.55,914.84,103.01,164.39,0.8663,-1,-1,-1
1020,47,1150.71,596.31,83.75,250.28,0.8132,-1,-1,-1
1020,38,1575.78,589.60,102.59,236.16,0.7080,-1,-1,-1
1020,36,843.38,274.11,63.12,198.69,0.6174,-1,-1,-1
1020,33,354.40,917.35,102.89,162.32,0.8697,-1,-1,-1
1020,7,904.49,947.15,67.25,132.63,0.6974,-1,-1,-1
1021,47,1148.41,593.43,84.07,252.14,0.8304,-1,-1,-1
1021,38,1575.74,589.90,102.38,236.68,0.7131,-1,-1,-1
1021,36,842.66,272.60,63.83,199.60,0.6152,-1,-1,-1
1021,33,355.97,918.45,101.16,161.11,0.8673,-1,-1,-1
1021,7,902.27,945.34,68.59,134.66,0.7188,-1,-1,-1
1022,52,583.94,549.92,84.93,239.57,0.6411,-1,-1,-1
1022,47,1148.06,593.17,85.91,253.15,0.8334,-1,-1,-1
1022,38,1577.57,589.50,100.66,236.81,0.7065,-1,-1,-1
1022,36,843.27,270.94,63.02,199.84,0.6449,-1,-1,-1
1022,33,358.25,920.40,98.84,159.36,0.8741,-1,-1,-1
1022,7,902.81,946.18,67.22,133.82,0.7397,-1,-1,-1
1023,48,1713.43,675.20,92.52,244.02,0.7700,-1,-1,-1
1023,47,1148.49,590.90,84.59,255.41,0.8278,-1,-1,-1
1023,44,378.49,485.71,82.72,230.36,0.7083,-1,-1,-1
1023,38,1575.35,587.95,103.49,238.77,0.6528,-1,-1,-1
1023,36,842.92,270.75,63.07,196.80,0.6385,-1,-1,-1
1023,33,358.41,922.90,98.67,156.82,0.8676,-1,-1,-1
1023,7,902.72,945.46,66.80,134.54,0.7433,-1,-1,-1
1024,48,1712.29,676.30,91.76,242.68,0.7245,-1,-1,-1
1024,47,1146.30,589.59,86.64,254.70,0.8050,-1,-1,-1
1024,44,378.73,487.50,81.90,230.07,0.7000,-1,-1,-1
1024,38,1575.45,587.72,103.46,239.12,0.6687,-1,-1,-1
1024,36,842.43,268.85,63.16,195.08,0.6636,-1,-1,-1
1024,33,359.10,925.21,98.58,154.79,0.8679,-1,-1,-1
1024,7,903.42,946.08,66.75,133.92,0.7174,-1,-1,-1
1025,48,1711.40,673.23,88.88,245.64,0.7118,-1,-1,-1
1025,47,1143.92,588.55,89.29,254.13,0.8072,-1,-1,-1
1025,44,378.28,489.23,79.58,232.99,0.6521,-1,-1,-1
1025,38,1575.13,587.59,102.88,239.32,0.6398,-1,-1,-1
1025,36,842.82,266.27,62.18,196.91,0.6537,-1,-1,-1
1025,33,360.45,926.69,97.59,153.31,0.8727,-1,-1,-1
1025,7,902.88,945.59,65.59,134.41,0.7389,-1,-1,-1
1026,48,1709.54,677.42,86.17,242.24,0.7300,-1,-1,-1
1026,47,1143.70,588.65,87.12,249.71,0.8032,-1,-1,-1
1026,44,378.21,492.19,78.32,232.66,0.6676,-1,-1,-1
1026,38,1576.88,589.36,101.77,237.69,0.6670,-1,-1,-1
1026,36,844.35,264.85,60.72,192.74,0.6045,-1,-1,-1
1026,33,362.23,928.56,96.13,151.44,0.8687,-1,-1,-1
1026,7,901.94,945.39,66.35,134.61,0.7598,-1,-1,-1
1027,48,1705.22,672.29,85.25,243.94,0.6830,-1,-1,-1
1027,47,1142.70,588.52,86.27,252.57,0.8237,-1,-1,-1
1027,44,377.29,494.36,76.41,232.91,0.6925,-1,-1,-1
1027,38,1575.67,589.95,102.98,237.16,0.7240,-1,-1,-1
1027,36,845.72,263.30,59.29,189.93,0.6269,-1,-1,-1
1027,33,364.50,930.41,95.95,149.51,0.8696,-1,-1,-1
1027,7,902.44,945.39,64.03,134.61,0.7499,-1,-1,-1
1028,48,1705.40,659.65,83.16,254.90,0.6421,-1,-1,-1
1028,47,1141.95,587.08,84.40,248.28,0.8210,-1,-1,-1
1028,44,375.71,497.18,78.98,230.39,0.7152,-1,-1,-1
1028,38,1575.34,589.60,102.28,237.73,0.7267,-1,-1,-1
1028,36,846.71,260.12,59.15,190.74,0.6243,-1,-1,-1
1028,33,365.74,932.33,95.03,147.67,0.8766,-1,-1,-1
1028,7,902.29,945.19,64.05,134.81,0.7499,-1,-1,-1
1029,50,295.55,511.67,70.54,197.91,0.6534,-1,-1,-1
1029,47,1141.79,586.32,81.21,248.39,0.8318,-1,-1,-1
1029,44,375.39,499.78,79.03,228.24,0.7398,-1,-1,-1
1029,38,1574.66,590.17,102.96,237.10,0.7462,-1,-1,-1
1029,36,848.32,259.53,58.07,192.08,0.6468,-1,-1,-1
1029,33,368.13,933.16,94.07,146.54,0.8708,-1,-1,-1
1029,7,901.57,944.83,63.29,135.17,0.7284,-1,-1,-1
1030,52,586.28,544.19,65.33,245.56,0.6045,-1,-1,-1
1030,50,295.32,511.10,71.21,203.32,0.7340,-1,-1,-1
1030,47,1141.09,584.00,78.94,249.17,0.8566,-1,-1,-1
1030,44,374.04,500.38,73.39,228.07,0.7380,-1,-1,-1
1030,38,1574.55,588.82,101.74,238.86,0.7104,-1,-1,-1
1030,36,848.90,258.33,57.20,194.71,0.6287,-1,-1,-1
1030,35,936.79,252.24,60.18,203.16,0.6469,-1,-1,-1
1030,33,368.52,936.39,94.50,143.21,0.8546,-1,-1,-1
1030,7,901.45,944.57,61.49,135.43,0.7344,-1,-1,-1
1031,50,295.07,512.99,70.78,212.25,0.7802,-1,-1,-1
1031,47,1140.41,578.17,77.73,247.97,0.8290,-1,-1,-1
1031,44,373.40,499.98,78.64,229.33,0.7561,-1,-1,-1
1031,38,1573.41,591.20,103.28,236.15,0.7281,-1,-1,-1
1031,36,848.92,256.89,57.22,195.51,0.6309,-1,-1,-1
1031,35,937.87,250.56,59.25,198.20,0.6553,-1,-1,-1
1031,33,371.81,937.77,91.88,141.60,0.8449,-1,-1,-1
1031,7,900.13,944.11,61.13,135.89,0.7419,-1,-1,-1
1032,50,295.42,515.51,70.81,213.60,0.7944,-1,-1,-1
1032,47,1139.72,574.94,76.76,244.24,0.8476,-1,-1,-1
1032,44,373.97,500.35,77.54,229.99,0.7726,-1,-1,-1
1032,38,1573.98,590.71,101.46,236.69,0.7058,-1,-1,-1
1032,36,849.38,255.60,56.92,195.77,0.6418,-1,-1,-1
1032,35,938.93,248.44,58.71,195.13,0.7145,-1,-1,-1
1032,33,373.59,941.31,90.32,138.18,0.8214,-1,-1,-1
1032,7,899.46,943.57,60.66,136.43,0.6914,-1,-1,-1
1033,50,294.88,517.53,71.09,214.10,0.7657,-1,-1,-1
1033,47,1139.69,572.27,75.57,241.06,0.8489,-1,-1,-1
1033,44,373.02,501.32,77.21,228.76,0.7486,-1,-1,-1
1033,38,1575.22,591.99,98.70,235.95,0.6961,-1,-1,-1
1033,35,939.47,246.25,59.97,196.64,0.7111,-1,-1,-1
1033,33,373.80,943.99,91.37,134.83,0.8050,-1,-1,-1
1033,31,1720.95,453.61,78.57,214.11,0.6134,-1,-1,-1
1033,7,898.81,943.46,59.58,136.54,0.6995,-1,-1,-1
1034,50,294.43,520.74,73.09,212.90,0.7663,-1,-1,-1
1034,47,1140.39,569.19,74.28,241.88,0.8478,-1,-1,-1
1034,44,372.64,503.12,73.58,226.60,0.7324,-1,-1,-1
1034,38,1574.03,592.98,100.50,234.59,0.6567,-1,-1,-1
1034,35,939.41,244.55,59.61,195.67,0.6767,-1,-1,-1
1034,33,376.93,947.29,88.03,132.71,0.7966,-1,-1,-1
1034,7,897.20,943.20,60.63,136.80,0.7164,-1,-1,-1
1035,50,291.30,523.46,80.03,211.52,0.7348,-1,-1,-1
1035,48,1677.34,634.89,92.11,280.22,0.6519,-1,-1,-1
1035,47,1138.75,568.56,75.34,241.27,0.8446,-1,-1,-1
1035,44,372.30,504.62,77.44,224.50,0.7299,-1,-1,-1
1035,35,939.13,242.90,60.63,197.96,0.7409,-1,-1,-1
1035,33,378.33,950.74,88.65,129.26,0.7834,-1,-1,-1
1035,7,896.70,942.40,59.51,137.60,0.7131,-1,-1,-1
1036,50,292.11,525.81,78.16,209.09,0.6540,-1,-1,-1
1036,48,1677.00,633.10,88.62,281.57,0.6959,-1,-1,-1
1036,47,1138.08,566.38,75.15,246.85,0.8245,-1,-1,-1
1036,44,372.03,504.62,77.30,224.63,0.7337,-1,-1,-1
1036,36,850.57,253.90,56.76,196.67,0.6218,-1,-1,-1
1036,35,939.13,241.21,59.55,197.62,0.7456,-1,-1,-1
1036,33,380.74,953.85,88.84,126.15,0.7516,-1,-1,-1
1036,7,895.49,941.12,59.62,138.88,0.7420,-1,-1,-1
1037,50,287.10,527.83,82.66,207.21,0.6233,-1,-1,-1
1037,48,1675.82,630.10,86.66,283.17,0.6623,-1,-1,-1
1037,47,1136.90,564.48,76.00,249.48,0.8391,-1,-1,-1
1037,44,371.66,505.96,78.60,222.63,0.7838,-1,-1,-1
1037,36,850.31,252.37,57.84,197.44,0.6194,-1,-1,-1
1037,35,939.46,241.05,59.65,198.06,0.7782,-1,-1,-1
1037,33,383.54,956.26,87.65,123.74,0.7731,-1,-1,-1
1037,7,894.74,940.81,60.24,139.19,0.7381,-1,-1,-1
1038,48,1670.47,630.71,93.06,281.98,0.6512,-1,-1,-1
1038,47,1134.98,563.41,77.72,252.51,0.8412,-1,-1,-1
1038,44,371.75,506.25,77.75,223.40,0.7727,-1,-1,-1
1038,36,850.31,251.53,58.80,197.78,0.6069,-1,-1,-1
1038,35,939.38,240.21,59.15,198.93,0.7742,-1,-1,-1
1038,33,385.34,958.29,88.64,121.71,0.7997,-1,-1,-1
1038,31,1721.65,455.99,76.28,207.97,0.6797,-1,-1,-1
1038,7,893.24,939.42,59.06,140.58,0.7137,-1,-1,-1
1039,48,1663.69,631.25,95.47,280.61,0.7264,-1,-1,-1
1039,47,1130.32,562.67,81.21,253.18,0.8504,-1,-1,-1
1039,44,371.62,507.03,76.76,223.54,0.7782,-1,-1,-1
1039,38,1572.53,593.59,99.79,233.21,0.6386,-1,-1,-1
1039,35,939.22,238.95,58.87,199.52,0.7479,-1,-1,-1
1039,33,389.71,958.81,85.70,121.19,0.7290,-1,-1,-1
1039,31,1721.73,455.57,75.99,209.66,0.6747,-1,-1,-1
1039,7,892.58,939.45,59.04,140.55,0.7329,-1,-1,-1
1040,48,1661.27,631.92,95.08,282.19,0.7120,-1,-1,-1
1040,47,1126.66,562.38,82.14,253.70,0.8662,-1,-1,-1
1040,44,372.03,508.66,78.73,226.71,0.8150,-1,-1,-1
1040,38,1572.45,595.87,100.01,230.19,0.6243,-1,-1,-1
1040,35,938.33,238.47,59.69,199.59,0.7071,-1,-1,-1
1040,33,392.50,961.06,86.12,118.94,0.7630,-1,-1,-1
1040,31,1721.94,455.67,75.45,210.44,0.6912,-1,-1,-1
1040,7,890.79,938.71,59.77,141.29,0.7502,-1,-1,-1
1041,48,1661.59,633.91,91.61,278.69,0.6049,-1,-1,-1
1041,47,1125.99,560.81,83.46,252.31,0.8766,-1,-1,-1
1041,44,372.48,510.84,78.56,229.14,0.7858,-1,-1,-1
1041,35,938.67,237.69,59.71,200.58,0.7352,-1,-1,-1
1041,33,395.47,963.49,87.87,116.51,0.8044,-1,-1,-1
1041,31,1721.61,455.19,76.45,211.22,0.6911,-1,-1,-1
1041,7,888.37,938.63,58.06,141.37,0.7145,-1,-1,-1
1042,52,587.87,538.53,56.86,251.78,0.6292,-1,-1,-1
1042,48,1659.95,634.52,92.21,277.52,0.6163,-1,-1,-1
1042,47,1125.46,559.66,82.59,248.67,0.8696,-1,-1,-1
1042,44,372.29,510.27,79.24,233.28,0.7866,-1,-1,-1
1042,35,939.41,237.93,59.52,200.13,0.7217,-1,-1,-1
1042,33,396.96,964.53,92.13,115.47,0.8153,-1,-1,-1
1042,31,1722.26,455.56,74.34,211.58,0.6402,-1,-1,-1
1042,7,886.87,937.97,58.19,142.03,0.7208,-1,-1,-1
1043,52,588.45,537.83,55.57,252.23,0.6409,-1,-1,-1
1043,47,1123.30,558.93,83.24,246.78,0.8688,-1,-1,-1
1043,44,372.29,511.29,79.53,234.68,0.7930,-1,-1,-1
1043,35,940.30,237.42,58.26,199.67,0.7188,-1,-1,-1
1043,33,397.09,965.77,94.71,114.23,0.8216,-1,-1,-1
1043,31,1722.47,454.74,74.79,212.92,0.6323,-1,-1,-1
1043,7,885.61,937.75,59.04,142.25,0.7124,-1,-1,-1
1044,52,588.32,538.56,56.43,251.57,0.6215,-1,-1,-1
1044,47,1122.06,557.00,81.88,246.84,0.8598,-1,-1,-1
1044,44,372.78,514.70,77.66,233.74,0.7969,-1,-1,-1
1044,35,940.55,236.49,57.80,199.40,0.7142,-1,-1,-1
1044,33,398.27,967.87,96.62,112.13,0.8194,-1,-1,-1
1044,31,1722.12,455.35,74.34,212.64,0.6438,-1,-1,-1
1045,52,588.89,538.18,55.10,251.19,0.6365,-1,-1,-1
1045,47,1119.05,553.92,83.34,249.01,0.8576,-1,-1,-1
1045,44,373.38,518.47,78.80,232.65,0.7928,-1,-1,-1
1045,35,940.37,235.05,57.72,200.06,0.6867,-1,-1,-1
1045,33,399.00,968.82,100.97,111.18,0.8225,-1,-1,-1
1045,31,1722.01,456.52,74.37,211.68,0.6520,-1,-1,-1
1046,47,1119.20,552.65,82.04,246.75,0.8604,-1,-1,-1
1046,44,373.91,519.77,75.39,234.19,0.7817,-1,-1,-1
1046,35,940.07,234.27,56.95,200.71,0.6650,-1,-1,-1
1046,33,400.07,971.16,102.36,108.84,0.8130,-1,-1,-1
1046,31,1720.99,456.65,74.86,210.88,0.6849,-1,-1,-1
1047,47,1118.37,550.17,81.83,249.71,0.8481,-1,-1,-1
1047,44,373.81,523.29,76.63,232.10,0.7986,-1,-1,-1
1047,35,937.84,233.19,58.46,200.04,0.6402,-1,-1,-1
1047,33,400.61,974.39,104.70,105.61,0.8180,-1,-1,-1
1047,31,1720.52,458.47,75.26,209.67,0.6623,-1,-1,-1
1047,7,882.49,936.16,58.50,143.84,0.6535,-1,-1,-1
1048,47,1116.95,546.85,82.38,246.23,0.8436,-1,-1,-1
1048,44,373.13,522.56,76.66,232.50,0.7923,-1,-1,-1
1048,35,938.05,230.83,57.33,191.64,0.6324,-1,-1,-1
1048,33,403.29,977.76,105.26,102.24,0.8083,-1,-1,-1
1048,31,1721.79,457.91,73.85,210.45,0.6247,-1,-1,-1
1048,7,882.54,935.51,57.78,144.49,0.6186,-1,-1,-1
1049,50,279.42,544.56,80.40,211.58,0.6465,-1,-1,-1
1049,48,1649.47,646.59,89.81,265.59,0.7485,-1,-1,-1
1049,47,1116.97,544.77,78.62,242.67,0.8403,-1,-1,-1
1049,44,372.44,523.98,76.10,231.03,0.8071,-1,-1,-1
1049,35,936.88,229.17,58.47,191.46,0.6734,-1,-1,-1
1049,33,404.38,979.63,106.20,100.37,0.8185,-1,-1,-1
1049,31,1721.24,458.00,74.60,211.52,0.6474,-1,-1,-1
1049,7,881.17,934.29,59.09,145.71,0.6867,-1,-1,-1
1050,50,280.15,547.82,78.78,211.16,0.7133,-1,-1,-1
1050,48,1648.81,647.17,87.36,263.23,0.7514,-1,-1,-1
1050,47,1114.10,542.08,79.29,236.86,0.8452,-1,-1,-1
1050,44,372.65,524.03,77.78,230.04,0.8172,-1,-1,-1
1050,35,936.62,227.79,58.55,190.36,0.6733,-1,-1,-1
1050,33,408.76,983.03,103.40,96.97,0.8108,-1,-1,-1
1050,31,1721.05,456.83,75.00,211.55,0.7013,-1,-1,-1
1050,7,880.30,933.53,59.81,146.47,0.6859,-1,-1,-1
