1,1,1337.90,417.67,164.47,359.41,0.8671,-1,-1,-1
1,2,584.00,443.24,92.70,265.35,0.8480,-1,-1,-1
1,3,439.40,445.96,113.25,271.79,0.7793,-1,-1,-1
1,4,730.28,454.54,35.78,112.77,0.6344,-1,-1,-1
2,1,1343.37,417.81,164.82,360.17,0.8827,-1,-1,-1
2,2,584.57,442.66,92.54,264.86,0.8523,-1,-1,-1
2,3,439.36,445.37,113.86,273.08,0.7887,-1,-1,-1
2,4,731.04,456.14,35.50,111.80,0.5953,-1,-1,-1
3,1,1347.03,423.19,169.09,369.03,0.8759,-1,-1,-1
3,2,585.09,442.72,92.42,264.36,0.8490,-1,-1,-1
3,3,439.03,443.91,114.87,275.31,0.7943,-1,-1,-1
3,4,731.66,457.78,34.60,108.65,0.5745,-1,-1,-1
3,5,1465.58,441.82,143.77,327.42,0.7535,-1,-1,-1
4,1,1350.80,421.07,172.97,377.28,0.8683,-1,-1,-1
4,2,584.63,443.45,92.69,265.04,0.8488,-1,-1,-1
4,3,440.23,442.93,115.47,276.25,0.8235,-1,-1,-1
4,4,731.81,456.94,35.22,110.47,0.5649,-1,-1,-1
4,5,1469.06,434.88,145.65,332.74,0.7075,-1,-1,-1
5,1,1353.06,420.70,176.10,384.33,0.9049,-1,-1,-1
5,2,584.57,443.70,92.60,264.66,0.8517,-1,-1,-1
5,3,442.70,443.00,115.60,275.58,0.7777,-1,-1,-1
5,4,732.09,457.04,35.12,110.03,0.5499,-1,-1,-1
5,5,1470.30,429.60,147.06,338.13,0.7728,-1,-1,-1
6,1,1357.17,420.10,176.39,385.75,0.9083,-1,-1,-1
6,2,584.50,443.69,92.60,264.62,0.8508,-1,-1,-1
6,3,445.98,443.65,116.05,275.77,0.7389,-1,-1,-1
6,4,732.26,456.94,35.17,110.24,0.5565,-1,-1,-1
6,5,1475.13,427.42,147.02,341.62,0.7808,-1,-1,-1
7,1,1361.96,418.81,175.84,386.99,0.9087,-1,-1,-1
7,2,584.79,443.58,92.45,264.24,0.8537,-1,-1,-1
7,3,445.10,445.43,116.36,274.77,0.7735,-1,-1,-1
7,4,732.52,457.63,35.02,109.96,0.5489,-1,-1,-1
7,5,1480.50,431.78,143.98,338.89,0.7924,-1,-1,-1
8,1,1371.82,416.12,173.92,388.19,0.8813,-1,-1,-1
8,2,583.99,443.10,93.04,266.22,0.8635,-1,-1,-1
8,3,446.13,444.97,116.86,274.70,0.7741,-1,-1,-1
8,4,732.99,457.03,34.96,109.87,0.5306,-1,-1,-1
8,5,1483.21,425.63,144.55,346.29,0.8354,-1,-1,-1
9,1,1381.34,412.43,171.94,391.04,0.8604,-1,-1,-1
9,2,583.53,442.72,93.40,267.87,0.8640,-1,-1,-1
9,3,450.77,445.42,116.72,274.60,0.7992,-1,-1,-1
9,4,733.01,456.61,35.36,111.31,0.5384,-1,-1,-1
9,5,1487.43,424.75,141.86,346.70,0.8348,-1,-1,-1
10,1,1394.66,414.57,164.22,381.23,0.8686,-1,-1,-1
10,2,583.84,443.03,93.34,268.04,0.8689,-1,-1,-1
10,3,452.46,444.55,117.09,275.16,0.7905,-1,-1,-1
10,5,1493.78,418.55,142.84,353.74,0.6834,-1,-1,-1
11,1,1405.06,413.15,161.87,383.59,0.8674,-1,-1,-1
11,2,584.42,443.15,92.86,266.91,0.8617,-1,-1,-1
11,3,449.87,443.32,117.99,276.07,0.7125,-1,-1,-1
11,5,1506.57,416.84,138.71,351.62,0.8305,-1,-1,-1
12,1,1416.39,409.09,160.48,388.89,0.8040,-1,-1,-1
12,2,584.40,442.55,92.87,267.02,0.8628,-1,-1,-1
12,3,447.06,441.78,119.42,277.15,0.7069,-1,-1,-1
12,5,1516.00,418.64,135.93,353.19,0.8311,-1,-1,-1
12,4,731.16,455.64,36.46,114.09,0.6228,-1,-1,-1
13,1,1429.06,412.15,157.03,387.27,0.7982,-1,-1,-1
13,2,584.28,442.29,93.03,267.34,0.8565,-1,-1,-1
13,3,447.45,442.76,119.69,276.51,0.7661,-1,-1,-1
13,5,1523.79,421.03,135.05,356.65,0.8109,-1,-1,-1
13,4,730.06,455.09,37.98,118.60,0.6243,-1,-1,-1
14,1,1440.54,410.33,155.15,387.71,0.6401,-1,-1,-1
14,2,583.72,442.40,93.50,268.14,0.8572,-1,-1,-1
14,3,446.36,441.86,121.38,279.99,0.6650,-1,-1,-1
14,5,1533.20,418.77,139.81,366.93,0.7153,-1,-1,-1
14,4,729.57,455.07,38.71,120.50,0.5597,-1,-1,-1
15,1,1438.65,418.44,148.45,380.71,0.5781,-1,-1,-1
15,2,582.59,442.61,93.99,269.67,0.8750,-1,-1,-1
15,3,445.63,443.12,121.88,281.46,0.7315,-1,-1,-1
15,5,1552.04,421.34,143.57,369.79,0.6167,-1,-1,-1
15,4,729.41,453.09,39.58,122.83,0.6662,-1,-1,-1
16,2,582.50,443.76,93.36,267.90,0.8750,-1,-1,-1
16,3,443.34,442.52,122.42,283.78,0.7097,-1,-1,-1
16,5,1566.08,422.56,148.71,376.16,0.7106,-1,-1,-1
17,2,582.42,445.39,93.37,267.91,0.8709,-1,-1,-1
17,3,442.97,442.63,122.29,284.92,0.7092,-1,-1,-1
17,5,1576.10,424.17,153.15,379.66,0.8271,-1,-1,-1
18,2,582.51,445.10,93.72,268.94,0.8745,-1,-1,-1
18,3,443.84,442.59,121.62,285.01,0.7371,-1,-1,-1
18,5,1587.99,430.10,153.79,377.63,0.7883,-1,-1,-1
18,1,1479.02,418.57,159.36,392.59,0.6850,-1,-1,-1
19,2,583.57,445.23,94.14,269.79,0.8605,-1,-1,-1
19,3,445.62,443.94,120.36,283.73,0.7119,-1,-1,-1
19,5,1588.90,455.42,150.02,356.66,0.7224,-1,-1,-1
19,1,1467.79,414.07,159.45,392.25,0.5354,-1,-1,-1
20,2,585.95,445.65,94.30,268.57,0.8557,-1,-1,-1
20,3,449.26,447.81,116.91,275.91,0.7077,-1,-1,-1
20,5,1608.73,449.69,151.10,352.71,0.6660,-1,-1,-1
20,1,1464.69,412.46,159.24,391.81,0.5038,-1,-1,-1
21,2,587.36,444.27,95.56,270.10,0.8530,-1,-1,-1
21,3,449.70,447.27,116.35,275.52,0.7056,-1,-1,-1
21,5,1620.25,455.56,147.00,344.08,0.6912,-1,-1,-1
21,1,1487.68,411.90,171.27,401.23,0.5337,-1,-1,-1
22,2,588.03,443.81,96.36,270.06,0.8519,-1,-1,-1
22,3,450.08,446.48,116.72,276.82,0.5723,-1,-1,-1
22,5,1627.17,436.57,153.48,362.20,0.7767,-1,-1,-1
23,2,587.80,443.51,97.31,270.07,0.8465,-1,-1,-1
23,3,457.78,446.04,117.09,279.97,0.7919,-1,-1,-1
23,5,1624.33,427.29,155.36,373.56,0.7377,-1,-1,-1
24,2,588.08,443.44,97.92,269.47,0.8420,-1,-1,-1
24,3,463.11,445.19,117.90,284.29,0.8060,-1,-1,-1
24,5,1627.89,421.58,153.93,379.19,0.7292,-1,-1,-1
24,1,1498.71,408.21,180.99,411.81,0.6574,-1,-1,-1
25,2,588.31,443.30,98.62,269.48,0.8372,-1,-1,-1
25,3,464.63,444.30,118.34,287.08,0.7538,-1,-1,-1
25,5,1640.11,417.79,152.33,382.42,0.7780,-1,-1,-1
25,1,1502.96,408.47,184.36,410.35,0.6465,-1,-1,-1
26,2,588.24,443.71,98.99,269.38,0.8275,-1,-1,-1
26,3,465.02,441.73,119.81,292.83,0.7839,-1,-1,-1
26,5,1648.99,418.51,147.62,379.65,0.7522,-1,-1,-1
26,1,1516.05,409.46,190.08,409.58,0.5865,-1,-1,-1
27,2,588.34,443.24,99.47,270.57,0.8319,-1,-1,-1
27,3,466.30,443.06,118.77,291.94,0.7130,-1,-1,-1
27,5,1658.37,416.34,145.37,382.50,0.7393,-1,-1,-1
28,2,590.59,443.13,99.38,270.80,0.8169,-1,-1,-1
28,3,468.03,441.48,118.45,293.04,0.7082,-1,-1,-1
28,5,1668.77,412.59,145.05,388.07,0.7402,-1,-1,-1
29,2,592.21,443.22,99.17,270.81,0.8077,-1,-1,-1
29,3,470.47,441.57,117.43,292.21,0.6827,-1,-1,-1
29,5,1678.15,419.99,142.18,381.83,0.7382,-1,-1,-1
29,1,1535.78,394.48,195.49,433.01,0.8082,-1,-1,-1
30,2,594.07,443.58,99.09,271.02,0.8197,-1,-1,-1
30,3,473.26,441.67,115.65,289.09,0.7177,-1,-1,-1
30,5,1687.59,428.59,141.51,373.16,0.7287,-1,-1,-1
30,1,1554.42,390.68,191.26,437.05,0.8507,-1,-1,-1
31,2,595.48,443.34,99.25,271.38,0.8132,-1,-1,-1
31,3,474.43,442.34,115.44,289.71,0.7132,-1,-1,-1
31,5,1712.16,419.59,151.76,386.54,0.7241,-1,-1,-1
31,1,1579.89,393.24,185.27,428.63,0.7931,-1,-1,-1
32,2,597.03,443.33,98.99,271.16,0.7993,-1,-1,-1
32,3,475.70,443.44,115.28,291.02,0.6970,-1,-1,-1
32,5,1732.37,418.48,155.81,388.99,0.8200,-1,-1,-1
32,1,1593.47,395.30,186.79,437.40,0.8716,-1,-1,-1
33,2,599.05,444.05,98.49,270.84,0.8004,-1,-1,-1
33,3,476.48,443.34,115.61,293.80,0.7542,-1,-1,-1
33,1,1600.73,393.86,190.28,449.71,0.8772,-1,-1,-1
34,2,601.01,443.50,97.99,271.44,0.7934,-1,-1,-1
34,3,476.32,443.18,116.51,298.15,0.7727,-1,-1,-1
34,1,1610.58,392.92,190.50,450.59,0.8667,-1,-1,-1
35,2,602.53,443.84,97.17,270.82,0.8037,-1,-1,-1
35,3,475.83,443.11,116.45,299.46,0.7889,-1,-1,-1
35,1,1621.75,392.90,192.74,454.03,0.8952,-1,-1,-1
35,8,1453.75,431.26,40.22,126.67,0.6880,-1,-1,-1
36,2,603.99,444.03,96.32,270.25,0.8074,-1,-1,-1
36,3,474.72,443.20,116.92,301.62,0.7738,-1,-1,-1
36,1,1633.84,394.19,198.61,463.65,0.8680,-1,-1,-1
36,8,1456.37,431.49,40.46,127.47,0.7085,-1,-1,-1
36,5,1762.84,415.58,160.74,404.22,0.6176,-1,-1,-1
37,2,605.55,444.56,95.54,269.73,0.8038,-1,-1,-1
37,3,475.29,443.73,115.10,297.18,0.7338,-1,-1,-1
37,1,1650.33,397.28,205.94,468.36,0.6738,-1,-1,-1
37,8,1460.59,431.16,40.67,128.23,0.6242,-1,-1,-1
37,5,1772.14,422.93,155.88,396.51,0.5905,-1,-1,-1
38,2,606.37,444.13,95.34,270.65,0.8161,-1,-1,-1
38,3,476.78,444.09,113.15,291.52,0.7482,-1,-1,-1
38,1,1654.27,399.89,212.57,472.58,0.8645,-1,-1,-1
38,8,1463.26,430.25,40.77,128.56,0.6777,-1,-1,-1
39,2,607.27,443.51,95.23,271.35,0.8251,-1,-1,-1
39,3,477.19,444.00,113.60,292.56,0.7705,-1,-1,-1
39,1,1657.41,402.79,217.27,471.68,0.8905,-1,-1,-1
39,8,1464.79,430.06,40.82,128.57,0.6537,-1,-1,-1
40,2,608.15,443.76,94.87,271.37,0.8254,-1,-1,-1
40,3,477.04,444.85,114.19,293.45,0.7534,-1,-1,-1
40,1,1659.64,404.09,223.28,473.13,0.8700,-1,-1,-1
41,2,610.45,443.65,94.51,271.41,0.8428,-1,-1,-1
41,3,477.41,446.00,114.22,293.74,0.7671,-1,-1,-1
41,1,1663.31,401.90,232.13,480.79,0.8863,-1,-1,-1
41,5,1800.39,397.44,155.45,423.09,0.7439,-1,-1,-1
42,2,612.50,443.48,94.18,271.53,0.8504,-1,-1,-1
42,3,475.11,446.38,116.53,299.38,0.7554,-1,-1,-1
42,1,1664.92,401.47,235.53,479.42,0.8628,-1,-1,-1
42,5,1809.13,392.48,147.14,427.82,0.7425,-1,-1,-1
42,8,1472.78,434.94,39.26,121.49,0.7081,-1,-1,-1
43,2,614.13,443.67,93.81,271.43,0.8480,-1,-1,-1
43,3,470.77,446.11,119.42,305.75,0.7355,-1,-1,-1
43,1,1668.34,402.02,238.94,480.58,0.8622,-1,-1,-1
43,8,1474.43,434.18,39.86,121.59,0.7484,-1,-1,-1
44,2,615.00,444.06,93.42,270.82,0.8564,-1,-1,-1
44,3,469.12,445.50,121.82,311.76,0.6706,-1,-1,-1
44,1,1673.17,398.80,241.25,483.92,0.8083,-1,-1,-1
44,8,1476.75,434.80,39.93,120.81,0.6716,-1,-1,-1
45,2,615.81,442.97,93.42,271.36,0.8517,-1,-1,-1
45,1,1678.62,393.69,238.36,482.91,0.6417,-1,-1,-1
45,5,1733.10,392.36,170.20,474.41,0.6165,-1,-1,-1
46,2,617.21,442.55,93.46,271.33,0.8519,-1,-1,-1
46,5,1735.16,389.36,174.92,486.30,0.5802,-1,-1,-1
46,3,466.22,444.31,124.18,317.29,0.7672,-1,-1,-1
46,8,1482.38,434.47,39.75,121.66,0.7305,-1,-1,-1
47,2,617.15,441.45,93.76,272.39,0.8591,-1,-1,-1
47,5,1750.55,385.98,173.67,494.49,0.7905,-1,-1,-1
47,3,464.90,443.50,125.03,318.94,0.7669,-1,-1,-1
47,8,1486.10,433.27,39.02,121.35,0.6212,-1,-1,-1
48,2,618.76,441.21,93.62,272.09,0.8427,-1,-1,-1
48,5,1757.60,385.05,170.35,492.87,0.8692,-1,-1,-1
48,3,466.75,442.77,124.33,318.18,0.7749,-1,-1,-1
49,2,619.65,441.49,93.45,271.67,0.8410,-1,-1,-1
49,5,1770.49,384.05,165.51,494.07,0.8605,-1,-1,-1
49,3,468.20,443.10,123.32,316.92,0.7624,-1,-1,-1
50,2,620.28,440.93,94.15,272.32,0.7840,-1,-1,-1
50,5,1780.91,382.84,160.92,498.71,0.8579,-1,-1,-1
50,3,464.79,442.44,123.57,316.43,0.7651,-1,-1,-1
51,2,621.30,441.12,94.67,272.33,0.8315,-1,-1,-1
51,5,1788.69,380.72,156.21,503.73,0.8573,-1,-1,-1
51,3,462.90,442.24,123.96,315.79,0.7104,-1,-1,-1
52,2,622.24,442.02,94.82,271.52,0.8233,-1,-1,-1
52,5,1796.93,380.89,149.31,501.91,0.8459,-1,-1,-1
52,3,465.33,443.01,123.43,314.54,0.7559,-1,-1,-1
53,2,622.97,443.83,94.17,269.35,0.7729,-1,-1,-1
53,5,1801.18,383.06,144.07,503.23,0.8543,-1,-1,-1
53,3,464.96,444.17,123.02,311.97,0.7607,-1,-1,-1
54,2,623.93,442.75,95.01,271.54,0.7074,-1,-1,-1
54,5,1803.23,387.44,138.78,500.64,0.7923,-1,-1,-1
54,3,466.29,444.17,123.49,313.19,0.8116,-1,-1,-1
55,2,623.54,442.89,94.67,271.82,0.8167,-1,-1,-1
55,5,1808.96,417.19,127.37,470.44,0.7730,-1,-1,-1
55,3,467.85,443.70,123.41,314.12,0.8261,-1,-1,-1
55,8,1528.74,439.00,36.16,113.11,0.6063,-1,-1,-1
56,2,623.54,442.40,94.61,272.66,0.7567,-1,-1,-1
56,5,1812.62,430.37,120.83,456.34,0.7029,-1,-1,-1
56,3,470.12,443.05,122.70,314.26,0.7793,-1,-1,-1
56,8,1531.57,442.68,34.70,109.25,0.6607,-1,-1,-1
57,2,623.14,442.85,94.38,273.50,0.7968,-1,-1,-1
57,3,471.12,444.00,121.94,313.23,0.7870,-1,-1,-1
57,8,1533.44,440.92,34.88,110.66,0.6321,-1,-1,-1
58,2,624.87,442.67,94.34,273.30,0.8111,-1,-1,-1
58,3,472.81,443.58,121.37,312.68,0.7544,-1,-1,-1
58,8,1533.46,438.95,35.04,112.81,0.5016,-1,-1,-1
59,2,625.25,442.20,94.39,273.78,0.8015,-1,-1,-1
59,3,473.61,442.48,121.96,315.07,0.8121,-1,-1,-1
60,2,624.29,442.24,95.08,276.64,0.6648,-1,-1,-1
60,3,474.07,441.06,123.19,317.22,0.8143,-1,-1,-1
61,2,623.53,443.32,95.45,278.34,0.7174,-1,-1,-1
61,3,476.18,442.89,124.60,316.61,0.7932,-1,-1,-1
61,11,698.07,453.61,69.37,218.11,0.6436,-1,-1,-1
62,2,622.37,444.03,95.16,278.34,0.7432,-1,-1,-1
62,3,479.76,442.82,127.35,318.20,0.8036,-1,-1,-1
62,11,697.48,452.75,69.72,219.40,0.7128,-1,-1,-1
63,2,620.83,444.83,94.68,278.01,0.7964,-1,-1,-1
63,3,480.39,442.55,129.61,318.24,0.7948,-1,-1,-1
63,11,697.37,451.43,70.20,221.18,0.7422,-1,-1,-1
63,13,1261.20,435.15,37.69,111.42,0.6066,-1,-1,-1
64,2,619.96,445.36,93.93,276.72,0.8029,-1,-1,-1
64,3,484.07,443.68,130.71,316.40,0.7842,-1,-1,-1
64,11,696.43,450.27,70.67,222.90,0.7110,-1,-1,-1
64,13,1261.13,436.64,37.10,109.59,0.6223,-1,-1,-1
65,2,620.08,447.54,92.80,274.33,0.8195,-1,-1,-1
65,3,492.10,445.16,130.49,315.31,0.7188,-1,-1,-1
65,11,694.80,448.92,71.55,226.36,0.7487,-1,-1,-1
65,13,1261.54,440.99,35.70,105.20,0.6168,-1,-1,-1
66,2,619.64,447.62,92.90,275.67,0.8068,-1,-1,-1
66,11,696.23,451.14,70.80,224.47,0.7433,-1,-1,-1
66,13,1261.61,442.32,35.44,104.05,0.6202,-1,-1,-1
67,2,619.62,447.56,92.85,275.68,0.8135,-1,-1,-1
67,11,697.80,452.28,70.77,224.27,0.7435,-1,-1,-1
67,13,1261.88,443.79,34.92,102.28,0.6050,-1,-1,-1
68,2,618.74,446.93,93.09,275.45,0.7994,-1,-1,-1
68,11,699.83,453.73,70.10,221.84,0.7446,-1,-1,-1
68,3,497.65,448.48,133.45,317.59,0.7112,-1,-1,-1
69,11,699.45,454.76,70.18,221.50,0.7303,-1,-1,-1
69,3,494.55,446.29,137.17,321.44,0.5841,-1,-1,-1
70,11,699.69,455.92,70.25,221.16,0.6973,-1,-1,-1
70,3,495.27,446.30,138.64,321.14,0.8194,-1,-1,-1
70,8,1545.08,420.48,41.44,131.42,0.6786,-1,-1,-1
70,2,616.06,445.44,94.09,276.61,0.8317,-1,-1,-1
71,11,699.01,456.78,70.28,221.39,0.6403,-1,-1,-1
71,3,496.53,445.98,140.26,322.70,0.8351,-1,-1,-1
71,8,1545.12,420.05,42.03,131.52,0.6621,-1,-1,-1
71,2,614.81,445.09,94.89,277.88,0.8453,-1,-1,-1
72,11,699.66,456.49,70.81,222.77,0.6459,-1,-1,-1
72,3,498.66,446.17,140.26,321.54,0.8116,-1,-1,-1
72,8,1544.78,419.73,42.26,131.57,0.6707,-1,-1,-1
72,2,614.99,444.16,95.32,278.82,0.8123,-1,-1,-1
73,11,701.35,456.25,70.82,222.51,0.6834,-1,-1,-1
73,3,500.13,447.01,140.55,321.84,0.8426,-1,-1,-1
73,8,1546.02,418.80,42.20,131.82,0.6626,-1,-1,-1
73,2,616.59,443.73,95.40,279.34,0.8351,-1,-1,-1
74,11,705.11,455.55,71.44,222.66,0.6969,-1,-1,-1
74,3,503.97,446.35,141.46,325.17,0.8184,-1,-1,-1
74,2,617.98,443.00,95.34,280.63,0.8215,-1,-1,-1
75,11,705.38,452.87,72.10,223.49,0.7098,-1,-1,-1
75,3,505.26,444.42,141.30,325.66,0.8006,-1,-1,-1
75,2,617.76,441.46,95.13,282.67,0.8058,-1,-1,-1
76,11,706.22,449.78,73.48,225.67,0.7511,-1,-1,-1
76,2,618.62,441.80,94.15,282.57,0.8376,-1,-1,-1
77,11,706.12,446.46,75.32,228.66,0.7389,-1,-1,-1
77,2,619.08,441.27,93.39,282.99,0.8164,-1,-1,-1
77,3,512.25,445.47,139.06,324.12,0.7989,-1,-1,-1
78,11,707.79,449.31,75.86,226.61,0.7651,-1,-1,-1
78,2,621.10,440.86,91.86,282.26,0.8019,-1,-1,-1
78,3,514.10,445.29,137.89,324.26,0.7877,-1,-1,-1
79,11,711.19,453.43,76.27,222.37,0.7976,-1,-1,-1
79,2,622.06,440.40,91.25,285.04,0.8257,-1,-1,-1
79,3,520.74,447.42,135.22,322.93,0.5742,-1,-1,-1
80,11,714.85,456.38,77.39,219.71,0.8331,-1,-1,-1
80,2,623.27,439.68,90.68,287.48,0.7275,-1,-1,-1
80,3,522.94,448.04,134.03,323.46,0.5143,-1,-1,-1
81,11,716.78,457.56,79.46,219.72,0.8206,-1,-1,-1
81,2,625.39,438.88,89.73,287.32,0.8224,-1,-1,-1
81,3,524.53,447.92,133.99,326.87,0.5005,-1,-1,-1
82,11,718.46,458.71,81.80,219.39,0.7727,-1,-1,-1
82,2,626.70,439.92,88.70,286.75,0.7818,-1,-1,-1
82,3,533.93,448.43,131.65,329.69,0.5256,-1,-1,-1
83,11,719.65,458.44,84.48,220.87,0.5985,-1,-1,-1
83,2,628.56,441.05,88.10,286.75,0.7628,-1,-1,-1
84,2,631.68,441.61,88.17,287.01,0.7298,-1,-1,-1
85,2,632.32,442.70,88.15,286.95,0.7178,-1,-1,-1
85,11,725.02,458.54,86.94,222.75,0.7224,-1,-1,-1
86,2,634.98,443.50,88.30,286.72,0.6845,-1,-1,-1
86,11,726.02,456.87,88.89,224.67,0.8314,-1,-1,-1
87,2,635.80,443.89,88.29,286.90,0.6815,-1,-1,-1
87,11,726.41,456.19,90.32,225.27,0.8185,-1,-1,-1
88,2,638.50,445.18,88.47,286.15,0.6508,-1,-1,-1
88,11,727.11,454.46,91.85,227.33,0.7907,-1,-1,-1
89,2,641.17,446.58,88.19,285.95,0.6839,-1,-1,-1
89,11,727.72,452.50,93.12,229.10,0.8361,-1,-1,-1
90,2,643.24,445.80,88.38,287.18,0.6771,-1,-1,-1
90,11,729.12,452.18,93.48,229.30,0.8250,-1,-1,-1
91,2,643.76,443.26,89.54,291.56,0.7237,-1,-1,-1
91,11,731.24,453.41,92.95,228.02,0.7977,-1,-1,-1
91,3,505.01,449.15,116.36,299.47,0.6570,-1,-1,-1
92,2,643.84,441.19,89.78,293.61,0.7383,-1,-1,-1
92,11,732.74,454.13,92.72,227.08,0.7828,-1,-1,-1
92,3,503.37,447.22,114.07,300.28,0.6778,-1,-1,-1
93,2,644.14,440.89,89.40,293.64,0.7261,-1,-1,-1
93,11,735.41,455.23,92.22,226.36,0.7921,-1,-1,-1
93,3,503.83,446.74,112.25,300.77,0.6936,-1,-1,-1
94,2,645.05,441.09,89.53,295.04,0.7521,-1,-1,-1
94,11,737.31,453.19,92.90,228.59,0.8002,-1,-1,-1
94,3,506.25,447.26,110.10,301.18,0.6151,-1,-1,-1
95,2,646.01,441.51,90.02,295.19,0.7504,-1,-1,-1
95,11,739.09,452.22,93.07,230.07,0.7722,-1,-1,-1
95,3,505.78,447.71,108.74,301.58,0.6223,-1,-1,-1
95,13,1260.14,437.76,38.69,110.11,0.6250,-1,-1,-1
96,2,645.96,441.87,90.38,295.16,0.7557,-1,-1,-1
96,11,742.16,452.93,92.24,229.87,0.8043,-1,-1,-1
96,3,503.99,446.98,107.94,303.10,0.5798,-1,-1,-1
96,13,1259.82,437.42,39.35,110.55,0.5565,-1,-1,-1
97,2,646.90,442.19,90.51,294.54,0.7723,-1,-1,-1
97,11,745.31,454.23,91.76,229.99,0.7982,-1,-1,-1
97,3,503.76,446.51,106.95,303.25,0.5872,-1,-1,-1
97,13,1259.60,436.43,39.75,111.34,0.5153,-1,-1,-1
98,2,647.40,441.91,91.19,295.10,0.8012,-1,-1,-1
98,11,749.18,454.93,91.39,231.08,0.8232,-1,-1,-1
98,3,502.17,446.43,106.60,304.48,0.5985,-1,-1,-1
98,13,1259.24,437.62,39.50,109.50,0.6639,-1,-1,-1
99,2,647.29,441.71,92.19,296.03,0.8253,-1,-1,-1
99,11,749.85,454.22,91.49,232.52,0.8704,-1,-1,-1
99,3,500.29,444.40,106.89,305.16,0.6258,-1,-1,-1
99,13,1259.22,439.46,38.91,107.14,0.6562,-1,-1,-1
100,2,650.65,440.84,93.45,298.18,0.8240,-1,-1,-1
100,11,751.23,453.37,91.61,234.26,0.8548,-1,-1,-1
100,3,498.13,443.58,106.94,303.94,0.6195,-1,-1,-1
100,13,1259.07,440.81,38.70,106.08,0.6803,-1,-1,-1
101,2,652.62,442.71,93.77,295.27,0.8240,-1,-1,-1
101,11,752.47,454.85,91.17,234.60,0.8480,-1,-1,-1
101,3,496.42,442.88,107.66,304.99,0.6383,-1,-1,-1
101,13,1258.63,441.26,38.64,105.85,0.6868,-1,-1,-1
102,2,654.33,441.88,94.66,295.46,0.8483,-1,-1,-1
102,11,753.85,456.00,90.55,233.24,0.8438,-1,-1,-1
102,3,496.32,444.09,108.16,305.88,0.6122,-1,-1,-1
102,13,1257.95,441.76,38.48,105.52,0.7129,-1,-1,-1
103,2,657.17,442.38,95.70,294.25,0.8256,-1,-1,-1
103,11,754.17,456.51,89.54,230.77,0.8354,-1,-1,-1
103,3,496.69,445.30,108.08,305.24,0.5846,-1,-1,-1
103,13,1258.61,443.18,37.81,103.85,0.6121,-1,-1,-1
104,2,658.65,441.93,96.97,295.55,0.8416,-1,-1,-1
104,11,754.98,457.06,89.54,231.17,0.8380,-1,-1,-1
104,3,522.56,440.57,121.88,341.07,0.6119,-1,-1,-1
104,13,1257.87,444.08,37.65,103.48,0.6218,-1,-1,-1
105,2,659.95,441.77,98.05,296.61,0.8610,-1,-1,-1
105,11,757.11,458.54,89.74,233.05,0.8464,-1,-1,-1
105,13,1257.27,443.35,37.77,104.29,0.5610,-1,-1,-1
106,2,660.87,441.38,99.28,298.82,0.8490,-1,-1,-1
106,11,757.63,458.47,90.51,236.14,0.8482,-1,-1,-1
106,13,1256.39,442.43,38.23,105.59,0.5500,-1,-1,-1
106,3,533.45,440.05,128.74,355.01,0.6136,-1,-1,-1
107,2,663.17,441.39,100.38,299.47,0.8189,-1,-1,-1
107,11,758.61,459.23,90.97,238.34,0.8442,-1,-1,-1
108,2,663.78,440.22,101.28,301.32,0.8522,-1,-1,-1
108,11,758.40,456.11,92.52,243.42,0.8468,-1,-1,-1
109,11,759.16,455.74,92.55,244.44,0.8139,-1,-1,-1
110,11,759.28,457.31,92.05,243.20,0.8440,-1,-1,-1
110,2,664.27,438.28,102.81,306.06,0.6991,-1,-1,-1
111,11,759.38,456.49,91.92,243.54,0.8565,-1,-1,-1
111,2,664.48,437.61,103.73,307.91,0.8965,-1,-1,-1
111,3,549.67,439.62,134.22,367.59,0.8075,-1,-1,-1
112,11,759.32,453.66,92.63,246.74,0.8425,-1,-1,-1
112,2,665.93,437.69,103.88,308.05,0.8933,-1,-1,-1
112,3,548.49,439.05,135.59,368.65,0.7198,-1,-1,-1
113,11,760.73,452.82,92.25,247.36,0.8013,-1,-1,-1
113,2,666.81,437.76,105.08,311.64,0.9030,-1,-1,-1
113,3,550.35,438.21,136.37,371.33,0.8185,-1,-1,-1
114,11,762.68,453.77,90.46,243.47,0.6751,-1,-1,-1
114,2,667.06,438.70,105.43,313.83,0.9010,-1,-1,-1
114,3,546.49,437.93,137.84,371.46,0.6691,-1,-1,-1
114,13,1242.70,441.46,37.76,103.74,0.6147,-1,-1,-1
115,11,765.01,455.46,90.38,243.63,0.6194,-1,-1,-1
115,2,667.38,439.05,104.73,313.21,0.9012,-1,-1,-1
115,3,555.41,439.63,135.79,370.23,0.8030,-1,-1,-1
115,13,1241.20,441.55,37.74,103.09,0.6286,-1,-1,-1
116,11,765.66,453.40,91.17,246.60,0.6764,-1,-1,-1
116,2,668.71,438.99,103.59,311.86,0.8869,-1,-1,-1
116,3,556.31,438.21,135.80,373.09,0.6569,-1,-1,-1
116,13,1240.39,441.98,37.49,101.78,0.6516,-1,-1,-1
117,11,767.75,454.06,90.33,245.67,0.5359,-1,-1,-1
117,2,669.73,439.72,102.99,311.32,0.8905,-1,-1,-1
117,3,550.24,438.46,136.90,372.23,0.6732,-1,-1,-1
117,13,1240.33,442.21,36.98,100.30,0.6269,-1,-1,-1
118,11,767.61,454.54,88.92,242.97,0.6984,-1,-1,-1
118,2,670.29,439.88,102.41,312.59,0.8822,-1,-1,-1
118,3,541.01,438.88,141.62,378.15,0.7303,-1,-1,-1
118,13,1240.24,442.79,36.80,99.59,0.6003,-1,-1,-1
119,11,769.62,453.15,89.65,244.33,0.7915,-1,-1,-1
119,2,670.66,440.34,102.74,316.22,0.8964,-1,-1,-1
119,3,536.06,440.80,144.81,379.45,0.8238,-1,-1,-1
119,13,1239.76,443.52,36.16,97.03,0.5873,-1,-1,-1
120,11,772.33,453.11,90.54,245.59,0.7945,-1,-1,-1
120,2,672.88,440.96,102.25,317.30,0.8998,-1,-1,-1
120,3,533.66,443.24,148.07,381.78,0.8229,-1,-1,-1
120,13,1237.93,443.34,37.21,99.63,0.5721,-1,-1,-1
121,11,774.10,455.03,91.43,244.59,0.7522,-1,-1,-1
121,2,674.31,440.86,101.78,318.68,0.8975,-1,-1,-1
121,3,532.64,444.51,151.12,385.39,0.7603,-1,-1,-1
121,13,1237.20,443.13,37.43,101.33,0.5124,-1,-1,-1
122,11,779.02,453.90,93.47,247.06,0.5060,-1,-1,-1
122,2,677.07,440.44,101.67,320.16,0.8826,-1,-1,-1
122,3,533.13,445.84,153.36,385.37,0.8367,-1,-1,-1
123,11,780.17,456.62,94.46,244.72,0.6766,-1,-1,-1
123,2,679.59,439.83,101.04,321.07,0.8921,-1,-1,-1
123,3,534.10,443.57,156.57,389.25,0.8265,-1,-1,-1
123,13,1235.99,451.37,35.23,95.28,0.6042,-1,-1,-1
124,11,780.78,456.73,96.18,245.22,0.8219,-1,-1,-1
124,2,680.94,438.92,100.62,322.67,0.8882,-1,-1,-1
124,3,536.81,442.72,158.27,392.94,0.7738,-1,-1,-1
124,13,1235.72,453.86,34.77,93.83,0.6686,-1,-1,-1
125,11,784.21,459.45,96.76,243.79,0.8194,-1,-1,-1
125,2,681.12,438.23,100.15,324.11,0.8807,-1,-1,-1
125,3,536.61,442.42,159.23,393.55,0.7874,-1,-1,-1
125,13,1234.46,455.36,34.86,93.98,0.6557,-1,-1,-1
126,11,783.05,457.57,98.22,246.48,0.8305,-1,-1,-1
126,2,682.25,438.13,99.74,324.22,0.8695,-1,-1,-1
126,3,541.67,442.49,158.55,393.13,0.7394,-1,-1,-1
126,13,1231.87,453.80,35.91,96.70,0.6286,-1,-1,-1
127,11,782.91,456.53,99.17,249.03,0.8168,-1,-1,-1
127,2,682.57,438.33,99.72,324.82,0.8632,-1,-1,-1
127,3,539.87,441.68,159.60,393.94,0.7750,-1,-1,-1
127,13,1229.52,452.95,36.85,98.53,0.5796,-1,-1,-1
128,11,783.55,459.99,97.74,245.23,0.7486,-1,-1,-1
128,2,684.42,438.02,100.35,325.88,0.8485,-1,-1,-1
128,3,546.29,440.97,159.29,394.39,0.7605,-1,-1,-1
129,11,785.58,458.32,98.26,246.29,0.7836,-1,-1,-1
129,2,684.17,438.05,100.78,326.36,0.8504,-1,-1,-1
129,3,547.61,441.92,159.31,392.93,0.8011,-1,-1,-1
130,11,786.92,458.28,98.41,246.65,0.8241,-1,-1,-1
130,2,683.72,437.83,101.36,327.10,0.8484,-1,-1,-1
130,3,548.27,441.16,159.82,391.53,0.7639,-1,-1,-1
131,11,789.14,458.64,98.93,248.04,0.8207,-1,-1,-1
131,2,682.62,437.35,102.20,328.95,0.8573,-1,-1,-1
131,3,555.17,439.89,159.26,391.27,0.6101,-1,-1,-1
132,11,790.83,457.53,99.69,250.10,0.8486,-1,-1,-1
132,2,683.01,436.49,102.67,330.63,0.8773,-1,-1,-1
132,3,567.23,439.59,156.57,392.00,0.5939,-1,-1,-1
133,11,791.94,458.64,99.47,249.82,0.8560,-1,-1,-1
133,2,683.77,435.78,102.81,331.37,0.8654,-1,-1,-1
133,3,575.24,439.76,153.55,392.58,0.7014,-1,-1,-1
134,11,793.33,455.30,100.62,252.92,0.8500,-1,-1,-1
134,2,685.49,434.73,103.21,332.52,0.8695,-1,-1,-1
134,3,578.75,439.94,151.31,393.26,0.6952,-1,-1,-1
135,11,792.23,451.87,102.34,257.23,0.7861,-1,-1,-1
135,2,686.56,433.21,103.39,332.44,0.8706,-1,-1,-1
136,11,792.59,450.99,102.48,258.44,0.7887,-1,-1,-1
136,2,687.37,433.16,103.34,331.44,0.8725,-1,-1,-1
136,3,575.89,438.12,153.77,404.33,0.6906,-1,-1,-1
137,11,794.10,452.22,102.01,258.05,0.8513,-1,-1,-1
137,2,690.54,433.78,102.68,329.21,0.8800,-1,-1,-1
137,3,577.43,438.32,154.34,412.51,0.7581,-1,-1,-1
138,11,797.82,451.68,101.23,258.15,0.8678,-1,-1,-1
138,2,693.69,434.70,103.21,329.05,0.8714,-1,-1,-1
138,3,576.48,438.14,155.27,420.54,0.7649,-1,-1,-1
139,11,801.42,450.22,100.97,260.31,0.8529,-1,-1,-1
139,2,696.30,434.71,103.93,330.12,0.8716,-1,-1,-1
139,3,575.08,437.77,155.50,425.56,0.7025,-1,-1,-1
140,11,802.54,451.28,99.92,263.61,0.7475,-1,-1,-1
140,2,697.68,435.12,104.81,330.28,0.8669,-1,-1,-1
140,3,576.10,437.09,154.56,427.59,0.6408,-1,-1,-1
141,11,807.08,450.81,98.36,263.70,0.6103,-1,-1,-1
141,2,698.53,434.28,106.46,332.28,0.8691,-1,-1,-1
141,3,572.62,436.73,154.34,428.34,0.5871,-1,-1,-1
142,11,810.44,448.60,98.45,267.68,0.8106,-1,-1,-1
142,3,572.90,436.90,152.68,425.01,0.5838,-1,-1,-1
143,11,812.97,448.41,97.33,268.45,0.7976,-1,-1,-1
143,3,570.70,436.80,153.13,426.90,0.6322,-1,-1,-1
143,2,704.93,436.81,108.34,329.63,0.8022,-1,-1,-1
144,11,815.78,450.89,94.94,264.78,0.5990,-1,-1,-1
144,3,568.31,437.60,153.79,428.30,0.6233,-1,-1,-1
145,11,820.16,452.00,92.03,260.10,0.5947,-1,-1,-1
145,3,559.24,437.17,157.81,435.19,0.7030,-1,-1,-1
145,2,707.40,438.56,112.08,331.54,0.7780,-1,-1,-1
146,11,823.21,454.09,89.73,256.46,0.7562,-1,-1,-1
146,3,551.38,435.98,162.45,442.54,0.7441,-1,-1,-1
146,2,708.63,438.34,115.15,333.42,0.8359,-1,-1,-1
147,11,825.89,457.56,87.36,251.62,0.7122,-1,-1,-1
147,3,546.77,436.53,165.76,447.66,0.7617,-1,-1,-1
147,2,709.88,438.60,117.48,335.12,0.8379,-1,-1,-1
148,11,827.35,457.73,87.10,252.39,0.7668,-1,-1,-1
148,3,544.03,436.81,168.62,452.06,0.7375,-1,-1,-1
148,2,711.08,439.70,118.51,333.70,0.8639,-1,-1,-1
149,11,828.35,456.40,87.67,255.33,0.7715,-1,-1,-1
149,3,543.65,437.47,169.32,453.03,0.7694,-1,-1,-1
149,2,712.53,440.23,119.95,335.11,0.8704,-1,-1,-1
150,11,829.35,452.57,89.04,259.76,0.7884,-1,-1,-1
150,3,543.38,436.59,170.94,455.82,0.8035,-1,-1,-1
150,2,713.82,440.20,120.64,335.66,0.8601,-1,-1,-1
151,11,829.85,450.74,89.93,262.34,0.7967,-1,-1,-1
151,3,541.32,437.10,171.07,455.05,0.8243,-1,-1,-1
151,2,715.59,439.76,121.83,338.05,0.8608,-1,-1,-1
151,15,893.05,439.80,78.05,238.77,0.7159,-1,-1,-1
152,11,829.02,447.15,92.43,270.71,0.8149,-1,-1,-1
152,3,540.38,436.82,172.33,456.33,0.7970,-1,-1,-1
152,2,716.01,437.65,122.52,340.78,0.8530,-1,-1,-1
153,11,829.60,446.44,92.57,271.92,0.8307,-1,-1,-1
153,3,533.94,436.02,172.26,456.28,0.8350,-1,-1,-1
153,2,716.58,435.79,123.38,343.11,0.8600,-1,-1,-1
154,11,830.14,448.79,91.90,271.53,0.8113,-1,-1,-1
154,3,529.85,431.78,173.59,460.14,0.8338,-1,-1,-1
154,2,717.89,435.69,123.15,342.61,0.8580,-1,-1,-1
154,13,1194.36,451.94,36.62,96.58,0.6543,-1,-1,-1
155,11,830.65,448.00,92.50,274.94,0.8180,-1,-1,-1
155,3,526.48,431.78,174.47,461.24,0.8344,-1,-1,-1
155,2,719.66,435.70,123.33,342.76,0.8629,-1,-1,-1
155,13,1192.94,452.43,36.86,96.22,0.6655,-1,-1,-1
156,11,831.59,445.56,93.60,279.73,0.8244,-1,-1,-1
156,3,524.35,432.47,173.97,460.20,0.8372,-1,-1,-1
156,2,720.94,434.08,123.51,343.50,0.8578,-1,-1,-1
156,13,1191.53,451.03,36.83,96.44,0.6494,-1,-1,-1
157,11,834.27,444.90,94.04,283.05,0.7788,-1,-1,-1
157,3,522.66,433.34,174.00,459.90,0.8234,-1,-1,-1
157,2,723.19,433.18,123.72,343.28,0.8651,-1,-1,-1
157,13,1190.14,453.56,35.56,94.21,0.5697,-1,-1,-1
158,11,839.05,444.89,93.90,284.73,0.8331,-1,-1,-1
158,3,521.70,431.97,174.41,461.30,0.8440,-1,-1,-1
158,2,728.10,432.41,124.24,342.57,0.8403,-1,-1,-1
159,11,840.96,445.30,93.14,286.00,0.8520,-1,-1,-1
159,3,521.00,431.84,174.37,461.33,0.8679,-1,-1,-1
159,2,732.35,431.83,124.63,341.93,0.8435,-1,-1,-1
160,11,843.13,446.00,92.02,285.41,0.8401,-1,-1,-1
160,3,521.22,430.91,174.08,460.76,0.8479,-1,-1,-1
160,2,735.83,431.20,124.87,342.76,0.8520,-1,-1,-1
161,11,845.87,447.04,90.85,283.06,0.8354,-1,-1,-1
161,3,522.48,430.81,173.33,458.67,0.8366,-1,-1,-1
161,2,738.45,430.57,125.04,343.96,0.8700,-1,-1,-1
162,11,847.78,447.85,90.58,282.89,0.8344,-1,-1,-1
162,3,521.75,431.57,173.83,458.90,0.8131,-1,-1,-1
162,2,740.85,430.74,125.39,346.24,0.8631,-1,-1,-1
162,16,668.64,441.35,83.52,351.39,0.6603,-1,-1,-1
163,11,850.44,448.53,90.43,282.59,0.8402,-1,-1,-1
163,3,523.41,431.49,174.88,460.89,0.8192,-1,-1,-1
163,2,742.82,432.93,124.73,345.34,0.8293,-1,-1,-1
163,16,669.07,441.61,84.72,356.86,0.5817,-1,-1,-1
163,15,919.16,439.89,83.95,257.99,0.6399,-1,-1,-1
164,11,854.05,449.34,91.33,283.11,0.8154,-1,-1,-1
164,3,524.00,430.36,177.08,465.22,0.8126,-1,-1,-1
164,2,745.21,435.22,124.17,344.51,0.8677,-1,-1,-1
164,16,671.12,441.57,85.03,358.56,0.5548,-1,-1,-1
164,15,921.54,439.72,83.89,257.69,0.6327,-1,-1,-1
165,11,859.06,450.18,92.59,282.43,0.7274,-1,-1,-1
165,3,526.69,429.04,178.65,466.91,0.8124,-1,-1,-1
165,2,746.15,435.23,124.01,344.79,0.8812,-1,-1,-1
165,16,674.69,441.77,84.40,354.49,0.7298,-1,-1,-1
165,15,920.72,438.82,85.35,261.25,0.6019,-1,-1,-1
166,11,864.48,453.04,93.76,279.64,0.6706,-1,-1,-1
166,3,527.75,429.19,180.30,468.30,0.8167,-1,-1,-1
166,2,747.05,434.59,124.65,347.81,0.8839,-1,-1,-1
166,16,676.70,441.79,85.22,356.17,0.7669,-1,-1,-1
166,15,925.35,436.97,83.43,256.59,0.5665,-1,-1,-1
167,11,870.43,451.13,97.01,281.15,0.5077,-1,-1,-1
167,3,534.06,431.50,181.23,468.53,0.7834,-1,-1,-1
167,2,747.60,433.51,124.98,350.05,0.8953,-1,-1,-1
167,16,677.15,441.43,85.65,356.10,0.7411,-1,-1,-1
167,15,928.46,436.62,82.77,256.62,0.6596,-1,-1,-1
168,11,872.36,447.15,100.74,285.91,0.6803,-1,-1,-1
168,3,539.58,433.09,183.19,467.60,0.7715,-1,-1,-1
168,2,748.75,433.45,125.23,352.63,0.9001,-1,-1,-1
168,16,676.83,441.63,86.34,357.58,0.7557,-1,-1,-1
168,15,933.02,434.62,80.99,253.77,0.6522,-1,-1,-1
169,11,872.37,445.48,103.16,288.47,0.8466,-1,-1,-1
169,3,543.99,429.99,186.58,469.06,0.7510,-1,-1,-1
169,2,749.55,434.68,124.57,352.67,0.8990,-1,-1,-1
169,16,677.37,441.83,86.78,358.10,0.7593,-1,-1,-1
169,15,937.79,433.21,78.17,247.23,0.5474,-1,-1,-1
170,11,873.76,445.08,104.77,289.90,0.8676,-1,-1,-1
170,3,549.74,429.10,191.94,471.12,0.8291,-1,-1,-1
170,2,751.13,435.22,123.82,353.04,0.9002,-1,-1,-1
170,16,678.09,441.56,86.83,358.05,0.7459,-1,-1,-1
170,15,941.89,433.17,75.19,238.46,0.6027,-1,-1,-1
171,11,874.56,445.04,106.12,291.04,0.8669,-1,-1,-1
171,3,554.28,429.46,196.65,471.11,0.8876,-1,-1,-1
171,2,752.61,435.24,123.13,354.06,0.8922,-1,-1,-1
171,16,678.98,441.50,87.38,359.70,0.7555,-1,-1,-1
171,15,944.64,435.18,76.33,243.30,0.7223,-1,-1,-1
172,11,874.46,445.19,107.03,291.91,0.8746,-1,-1,-1
172,3,555.99,431.88,200.67,470.58,0.8790,-1,-1,-1
172,2,756.37,435.43,121.99,352.53,0.8850,-1,-1,-1
172,16,679.78,442.85,87.02,358.89,0.7210,-1,-1,-1
172,15,948.93,435.53,77.21,246.92,0.7390,-1,-1,-1
173,11,874.28,444.35,107.86,293.66,0.8519,-1,-1,-1
173,3,554.48,431.88,203.65,470.36,0.8928,-1,-1,-1
173,2,759.55,436.06,120.67,349.54,0.8772,-1,-1,-1
173,16,681.61,444.35,86.66,355.88,0.6703,-1,-1,-1
173,15,950.90,434.00,78.59,252.09,0.6771,-1,-1,-1
174,11,875.73,444.07,108.80,294.69,0.8503,-1,-1,-1
174,3,556.05,433.14,205.64,469.60,0.8529,-1,-1,-1
174,2,761.00,437.84,120.71,350.43,0.8838,-1,-1,-1
174,16,684.35,447.34,85.86,352.98,0.5683,-1,-1,-1
174,15,952.40,434.31,78.51,252.96,0.5887,-1,-1,-1
175,11,876.85,443.64,109.82,295.96,0.8353,-1,-1,-1
175,3,559.72,434.40,206.75,468.68,0.8492,-1,-1,-1
175,2,764.58,438.87,120.62,351.69,0.8782,-1,-1,-1
175,15,954.78,433.74,78.84,255.69,0.5686,-1,-1,-1
176,11,878.35,442.07,110.75,297.95,0.8301,-1,-1,-1
176,3,562.85,433.92,208.31,471.57,0.7350,-1,-1,-1
176,2,765.26,440.53,120.69,354.82,0.8712,-1,-1,-1
176,15,959.22,432.78,79.32,257.68,0.6392,-1,-1,-1
176,16,625.96,438.39,115.93,447.41,0.7119,-1,-1,-1
177,11,880.88,442.72,110.64,296.82,0.8298,-1,-1,-1
177,3,567.53,437.88,207.22,470.94,0.7541,-1,-1,-1
177,2,767.24,440.90,120.13,354.36,0.8660,-1,-1,-1
178,11,885.19,444.45,109.49,293.99,0.8141,-1,-1,-1
178,3,568.87,437.30,207.67,472.10,0.8015,-1,-1,-1
178,2,770.03,440.66,119.37,354.96,0.8459,-1,-1,-1
178,16,605.78,436.00,130.38,468.52,0.6167,-1,-1,-1
179,11,888.15,444.45,109.05,294.02,0.8068,-1,-1,-1
179,3,571.83,436.09,208.10,474.84,0.8564,-1,-1,-1
179,2,772.58,439.57,118.42,353.47,0.8513,-1,-1,-1
179,16,601.99,434.87,139.00,473.74,0.6632,-1,-1,-1
179,15,969.41,433.95,82.91,264.32,0.6071,-1,-1,-1
180,11,892.21,445.98,108.26,294.63,0.7714,-1,-1,-1
180,3,574.41,433.05,208.10,477.97,0.8290,-1,-1,-1
180,2,777.03,437.86,119.49,356.22,0.8471,-1,-1,-1
180,15,969.67,435.29,82.73,261.92,0.5667,-1,-1,-1
181,11,895.94,444.70,107.47,296.19,0.8118,-1,-1,-1
181,3,575.85,426.43,209.38,483.69,0.9007,-1,-1,-1
181,2,778.72,436.22,120.10,358.24,0.8499,-1,-1,-1
181,15,973.87,436.18,83.81,264.06,0.6935,-1,-1,-1
182,11,901.92,444.05,106.50,297.77,0.8162,-1,-1,-1
182,3,578.55,424.31,209.17,485.86,0.9091,-1,-1,-1
182,2,779.72,434.83,121.65,363.69,0.8570,-1,-1,-1
182,15,978.09,435.57,85.01,268.03,0.7154,-1,-1,-1
183,11,907.61,444.38,105.24,298.27,0.7855,-1,-1,-1
183,3,580.91,426.30,207.54,485.46,0.7324,-1,-1,-1
183,2,780.72,434.02,122.21,366.42,0.8643,-1,-1,-1
183,15,981.88,436.97,83.54,263.40,0.7320,-1,-1,-1
183,16,607.03,427.98,148.50,484.17,0.6012,-1,-1,-1
184,11,913.57,442.81,103.87,299.32,0.8461,-1,-1,-1
184,3,584.45,427.10,205.60,485.69,0.8338,-1,-1,-1
184,2,781.75,433.13,122.55,368.22,0.8683,-1,-1,-1
184,15,986.17,439.94,79.99,250.42,0.7008,-1,-1,-1
185,11,917.01,442.37,103.09,302.04,0.8462,-1,-1,-1
185,3,589.42,429.67,202.33,482.62,0.8377,-1,-1,-1
185,2,783.11,433.44,122.67,369.72,0.8738,-1,-1,-1
185,15,988.38,441.36,80.54,251.67,0.7125,-1,-1,-1
185,13,1155.51,450.36,38.39,97.82,0.6001,-1,-1,-1
186,11,920.10,443.68,102.29,304.91,0.8508,-1,-1,-1
186,3,592.58,429.04,200.51,482.52,0.8237,-1,-1,-1
186,2,783.66,434.09,122.43,370.27,0.8866,-1,-1,-1
186,15,991.70,442.96,79.03,245.34,0.6483,-1,-1,-1
186,13,1155.01,449.74,40.19,99.08,0.7268,-1,-1,-1
187,11,923.58,443.64,101.82,307.84,0.8326,-1,-1,-1
187,3,596.88,428.76,198.75,482.65,0.8520,-1,-1,-1
187,2,786.09,434.49,121.95,370.40,0.8821,-1,-1,-1
187,15,995.78,443.82,79.94,247.70,0.7653,-1,-1,-1
187,13,1155.07,450.13,41.08,98.03,0.6709,-1,-1,-1
188,11,926.81,442.67,101.36,309.62,0.8090,-1,-1,-1
188,3,599.25,428.79,199.40,488.44,0.8462,-1,-1,-1
188,15,997.98,444.66,79.98,247.66,0.5843,-1,-1,-1
188,13,1155.16,451.57,41.57,96.95,0.6400,-1,-1,-1
189,11,932.99,442.01,102.32,312.02,0.8544,-1,-1,-1
189,3,601.32,428.58,200.50,497.03,0.7611,-1,-1,-1
189,15,1001.06,440.56,81.11,253.00,0.6158,-1,-1,-1
189,13,1154.31,448.19,43.60,101.11,0.6267,-1,-1,-1
189,2,790.82,432.60,122.03,372.60,0.8703,-1,-1,-1
190,11,937.97,442.50,102.87,312.07,0.8244,-1,-1,-1
190,3,605.64,428.65,200.93,505.22,0.6826,-1,-1,-1
190,13,1153.68,448.25,44.13,101.33,0.5513,-1,-1,-1
190,18,569.98,436.46,58.81,174.06,0.6172,-1,-1,-1
190,2,794.76,432.76,122.15,373.82,0.8841,-1,-1,-1
191,11,944.95,443.45,104.13,312.45,0.8170,-1,-1,-1
191,3,609.18,426.47,201.91,513.96,0.7285,-1,-1,-1
191,13,1153.16,446.77,45.42,102.66,0.5362,-1,-1,-1
191,18,569.72,436.84,59.56,176.19,0.6823,-1,-1,-1
191,2,797.55,433.15,121.55,373.69,0.8820,-1,-1,-1
191,16,629.60,430.37,158.99,508.44,0.6883,-1,-1,-1
192,11,948.25,447.97,103.58,307.86,0.8076,-1,-1,-1
192,3,613.92,429.65,199.97,516.83,0.5472,-1,-1,-1
192,13,1152.64,446.54,46.26,102.90,0.5110,-1,-1,-1
192,18,569.80,439.26,59.42,175.49,0.6901,-1,-1,-1
192,2,800.08,432.33,121.63,375.20,0.8824,-1,-1,-1
192,16,630.49,427.54,164.98,521.60,0.7442,-1,-1,-1
193,11,949.93,445.12,105.48,310.64,0.8282,-1,-1,-1
193,18,570.47,440.96,59.16,174.41,0.7070,-1,-1,-1
193,2,801.19,430.69,120.80,374.92,0.8815,-1,-1,-1
193,16,632.11,431.54,164.70,518.06,0.7924,-1,-1,-1
194,11,949.39,443.96,106.24,311.90,0.8131,-1,-1,-1
194,18,570.51,439.33,60.25,177.47,0.7261,-1,-1,-1
194,2,804.06,431.28,120.71,375.14,0.8766,-1,-1,-1
194,16,635.36,427.58,170.73,532.94,0.7793,-1,-1,-1
194,15,1019.50,434.01,89.90,277.55,0.6911,-1,-1,-1
195,11,950.28,444.99,107.72,312.83,0.8192,-1,-1,-1
195,18,570.21,438.09,60.84,178.83,0.7369,-1,-1,-1
195,2,806.80,431.64,120.55,373.87,0.8789,-1,-1,-1
195,16,638.20,424.73,173.38,538.53,0.7177,-1,-1,-1
195,15,1023.99,433.47,90.88,278.57,0.7568,-1,-1,-1
196,11,950.68,445.38,109.01,313.84,0.7608,-1,-1,-1
196,18,571.51,440.67,59.97,175.54,0.7239,-1,-1,-1
196,2,812.62,432.86,121.37,371.63,0.8866,-1,-1,-1
196,16,639.22,424.21,172.16,534.82,0.8107,-1,-1,-1
196,15,1027.95,433.22,92.25,281.94,0.7269,-1,-1,-1
197,11,951.91,445.21,109.22,313.24,0.8411,-1,-1,-1
197,18,571.88,440.10,60.09,175.13,0.7501,-1,-1,-1
197,2,819.82,433.22,124.02,371.18,0.8542,-1,-1,-1
197,16,639.68,422.22,172.95,539.49,0.7758,-1,-1,-1
198,11,956.30,446.73,108.59,312.55,0.8608,-1,-1,-1
198,18,572.77,441.79,59.88,173.40,0.7621,-1,-1,-1
198,2,824.67,433.54,127.24,372.79,0.8846,-1,-1,-1
198,16,642.61,421.76,171.79,537.21,0.7393,-1,-1,-1
199,11,962.66,446.72,108.73,314.62,0.8608,-1,-1,-1
199,18,573.80,444.59,59.24,170.49,0.7675,-1,-1,-1
199,2,829.38,434.15,130.61,373.78,0.8887,-1,-1,-1
199,16,646.77,422.79,172.30,538.47,0.8467,-1,-1,-1
199,3,631.49,422.73,203.56,539.78,0.7152,-1,-1,-1
200,11,968.29,447.22,108.18,314.90,0.8316,-1,-1,-1
200,18,574.16,446.15,59.17,169.18,0.7424,-1,-1,-1
200,2,830.97,435.95,133.30,373.50,0.8859,-1,-1,-1
200,16,651.31,422.82,172.96,540.72,0.8990,-1,-1,-1
200,3,636.39,419.79,201.77,546.91,0.7119,-1,-1,-1
200,15,1042.31,433.93,93.29,284.87,0.6263,-1,-1,-1
201,11,972.68,449.46,106.23,313.04,0.8489,-1,-1,-1
201,18,574.58,444.34,59.97,170.73,0.7396,-1,-1,-1
201,2,832.13,437.09,135.82,374.06,0.8818,-1,-1,-1
201,16,657.81,423.85,172.64,539.34,0.7750,-1,-1,-1
201,3,646.03,418.74,196.50,543.56,0.5656,-1,-1,-1
201,15,1046.19,435.36,93.41,285.45,0.7322,-1,-1,-1
202,11,977.38,450.24,104.81,312.85,0.8633,-1,-1,-1
202,2,831.97,437.47,138.10,375.66,0.8754,-1,-1,-1
203,11,982.07,449.85,104.18,313.39,0.8419,-1,-1,-1
203,2,831.38,437.59,139.80,376.79,0.8592,-1,-1,-1
203,18,575.79,442.42,61.31,172.80,0.8049,-1,-1,-1
203,15,1053.64,433.65,93.49,286.01,0.7738,-1,-1,-1
204,11,986.39,449.09,104.21,315.51,0.8286,-1,-1,-1
204,2,830.90,437.00,141.08,377.03,0.8195,-1,-1,-1
204,18,578.08,447.34,60.41,168.32,0.8208,-1,-1,-1
204,15,1057.55,433.56,92.68,286.19,0.7707,-1,-1,-1
204,3,655.06,425.36,197.96,556.11,0.6484,-1,-1,-1
205,11,990.37,447.84,103.94,316.34,0.8352,-1,-1,-1
205,2,831.31,436.68,142.13,376.58,0.8793,-1,-1,-1
205,18,577.21,446.71,61.31,169.71,0.8418,-1,-1,-1
205,15,1060.98,436.90,90.96,282.52,0.7856,-1,-1,-1
205,3,658.23,426.28,197.23,563.93,0.8269,-1,-1,-1
206,11,995.50,447.71,102.91,315.54,0.8401,-1,-1,-1
206,2,833.08,434.84,143.20,377.48,0.8931,-1,-1,-1
206,18,576.98,446.62,62.03,170.50,0.8201,-1,-1,-1
206,15,1062.58,436.18,91.17,284.93,0.7895,-1,-1,-1
206,3,662.51,426.13,195.30,567.72,0.8580,-1,-1,-1
207,11,1002.48,448.16,102.43,314.75,0.8419,-1,-1,-1
207,2,834.71,435.24,143.40,377.10,0.9019,-1,-1,-1
207,18,580.39,452.48,60.35,164.52,0.8201,-1,-1,-1
207,15,1067.27,435.64,90.12,286.73,0.7437,-1,-1,-1
207,3,666.14,423.63,193.72,571.53,0.8583,-1,-1,-1
208,11,1006.79,449.24,101.30,313.64,0.6757,-1,-1,-1
208,2,835.51,434.18,144.19,379.20,0.9099,-1,-1,-1
208,18,582.23,454.13,60.07,162.80,0.8035,-1,-1,-1
208,15,1068.66,434.61,92.28,300.66,0.6293,-1,-1,-1
208,3,670.22,422.86,191.22,571.78,0.8712,-1,-1,-1
209,11,1017.14,447.18,103.89,316.10,0.6441,-1,-1,-1
209,2,837.48,433.84,144.29,380.37,0.9084,-1,-1,-1
209,18,584.89,456.73,59.63,159.60,0.8237,-1,-1,-1
209,15,1077.08,434.89,86.94,286.40,0.5639,-1,-1,-1
209,3,674.41,418.70,190.11,575.82,0.8689,-1,-1,-1
210,11,1031.46,445.02,109.17,319.23,0.8590,-1,-1,-1
210,2,840.94,432.86,145.15,382.52,0.9090,-1,-1,-1
210,18,587.44,457.41,59.78,158.02,0.8171,-1,-1,-1
210,3,677.54,416.30,188.91,578.27,0.8403,-1,-1,-1
211,11,1038.79,445.53,113.84,319.65,0.8343,-1,-1,-1
211,2,846.91,430.50,146.39,385.23,0.8963,-1,-1,-1
211,18,589.73,455.19,61.10,159.39,0.8243,-1,-1,-1
211,3,679.53,418.28,187.16,576.81,0.8548,-1,-1,-1
212,11,1041.83,446.07,118.85,320.40,0.7978,-1,-1,-1
212,2,852.00,430.13,146.51,385.60,0.8912,-1,-1,-1
212,18,590.50,452.73,62.21,161.05,0.8013,-1,-1,-1
212,3,681.09,415.99,186.44,579.04,0.8720,-1,-1,-1
213,11,1041.48,447.81,122.82,319.49,0.8617,-1,-1,-1
213,2,858.74,430.31,145.78,386.11,0.8924,-1,-1,-1
213,18,591.87,453.79,62.19,159.57,0.7828,-1,-1,-1
213,3,683.10,414.37,185.93,580.10,0.8673,-1,-1,-1
214,11,1039.73,448.84,126.58,319.05,0.8332,-1,-1,-1
214,2,865.52,430.41,144.61,385.87,0.8857,-1,-1,-1
214,18,592.29,452.48,63.24,161.59,0.7502,-1,-1,-1
214,3,684.84,413.53,185.06,580.40,0.8684,-1,-1,-1
215,11,1037.56,447.07,130.66,321.11,0.8596,-1,-1,-1
215,2,870.24,429.76,143.23,386.61,0.8798,-1,-1,-1
215,18,593.59,454.76,62.51,158.46,0.5532,-1,-1,-1
215,3,688.14,412.04,184.72,582.42,0.8641,-1,-1,-1
215,22,509.65,439.71,43.44,120.09,0.6346,-1,-1,-1
216,2,874.03,428.91,141.81,387.48,0.8827,-1,-1,-1
216,18,595.06,457.80,63.09,159.42,0.6833,-1,-1,-1
216,3,691.42,413.95,183.45,580.62,0.7997,-1,-1,-1
216,22,509.66,439.96,43.23,119.51,0.6463,-1,-1,-1
217,2,877.82,428.50,141.58,390.71,0.8667,-1,-1,-1
217,18,596.58,459.74,63.22,158.99,0.7360,-1,-1,-1
217,3,693.16,413.34,183.80,581.45,0.7796,-1,-1,-1
217,22,509.55,440.23,43.12,119.17,0.6435,-1,-1,-1
217,11,1039.65,445.97,134.97,323.98,0.8223,-1,-1,-1
218,2,880.61,427.41,141.36,394.25,0.8875,-1,-1,-1
218,18,598.19,460.87,63.24,158.07,0.7133,-1,-1,-1
218,3,697.99,411.92,184.52,583.43,0.7240,-1,-1,-1
218,22,509.02,441.16,42.84,118.22,0.6436,-1,-1,-1
218,11,1039.12,444.70,137.73,325.37,0.8195,-1,-1,-1
219,2,883.47,426.24,141.27,397.84,0.9102,-1,-1,-1
219,18,596.65,460.87,64.78,162.27,0.7191,-1,-1,-1
219,3,702.54,411.93,184.79,583.31,0.6045,-1,-1,-1
219,22,508.88,440.87,43.18,118.95,0.6574,-1,-1,-1
219,11,1041.87,442.03,140.29,328.71,0.8298,-1,-1,-1
220,2,886.04,426.13,141.43,402.39,0.9123,-1,-1,-1
220,18,596.52,460.50,65.20,163.86,0.7315,-1,-1,-1
220,3,712.04,410.49,185.99,584.28,0.8194,-1,-1,-1
220,22,508.67,440.64,43.37,119.16,0.6908,-1,-1,-1
220,11,1047.20,441.35,140.66,328.67,0.8300,-1,-1,-1
221,2,889.37,425.39,141.41,406.42,0.9124,-1,-1,-1
221,18,597.30,459.03,64.79,163.67,0.7396,-1,-1,-1
221,3,723.98,410.24,189.02,585.18,0.8868,-1,-1,-1
221,22,508.73,440.89,43.68,119.87,0.6549,-1,-1,-1
221,11,1051.44,439.77,140.86,330.79,0.8322,-1,-1,-1
221,15,1140.90,437.02,85.20,293.62,0.6262,-1,-1,-1
222,2,891.90,425.44,140.83,407.93,0.9146,-1,-1,-1
222,18,598.75,459.61,64.04,163.04,0.7361,-1,-1,-1
222,3,731.44,410.24,192.60,585.14,0.8944,-1,-1,-1
222,22,508.54,440.62,44.02,120.75,0.6485,-1,-1,-1
222,11,1058.12,439.42,139.37,331.66,0.8477,-1,-1,-1
222,15,1150.39,434.67,83.63,293.94,0.6203,-1,-1,-1
223,2,894.72,426.85,140.38,409.82,0.9061,-1,-1,-1
223,18,599.32,456.52,65.41,168.33,0.7274,-1,-1,-1
223,3,739.91,408.19,198.23,586.30,0.8818,-1,-1,-1
223,22,508.44,441.69,43.72,119.50,0.6173,-1,-1,-1
223,11,1066.83,438.97,136.71,332.34,0.8254,-1,-1,-1
224,2,895.89,427.81,139.47,410.95,0.9043,-1,-1,-1
224,18,601.51,457.19,64.17,167.03,0.5598,-1,-1,-1
224,3,747.29,406.66,204.99,588.08,0.8837,-1,-1,-1
224,22,508.44,442.51,43.70,118.95,0.6479,-1,-1,-1
224,11,1081.14,439.97,134.65,333.34,0.8045,-1,-1,-1
225,2,898.13,428.41,138.94,412.52,0.8967,-1,-1,-1
225,18,602.55,458.42,63.94,168.00,0.6436,-1,-1,-1
225,3,754.55,408.33,210.88,586.77,0.8628,-1,-1,-1
225,22,508.81,442.62,43.67,118.63,0.6492,-1,-1,-1
225,11,1088.04,440.63,131.55,334.19,0.7789,-1,-1,-1
226,2,901.54,428.59,138.94,413.80,0.8983,-1,-1,-1
226,18,603.46,459.47,63.64,168.86,0.7140,-1,-1,-1
226,3,760.46,405.21,218.84,589.91,0.8904,-1,-1,-1
226,22,508.70,442.57,43.80,118.62,0.6408,-1,-1,-1
226,11,1094.00,439.66,129.66,337.87,0.7794,-1,-1,-1
227,2,904.90,428.29,139.06,414.73,0.8943,-1,-1,-1
227,18,604.73,458.17,63.13,169.65,0.6503,-1,-1,-1
227,3,764.77,405.18,225.74,589.54,0.9029,-1,-1,-1
227,22,508.16,442.08,44.03,119.06,0.5572,-1,-1,-1
227,11,1099.41,438.96,128.39,342.22,0.8374,-1,-1,-1
228,2,906.65,426.63,139.79,417.03,0.8839,-1,-1,-1
228,18,605.61,459.06,62.08,168.56,0.6744,-1,-1,-1
228,3,767.77,407.46,231.50,587.84,0.9044,-1,-1,-1
228,22,507.52,442.65,44.06,118.91,0.5546,-1,-1,-1
228,11,1103.42,439.17,127.83,348.11,0.8461,-1,-1,-1
229,2,907.96,426.11,139.81,417.17,0.8688,-1,-1,-1
229,18,606.22,457.20,62.85,172.90,0.7603,-1,-1,-1
229,3,771.11,409.60,237.19,586.20,0.8942,-1,-1,-1
229,11,1106.58,440.78,125.58,348.19,0.8364,-1,-1,-1
229,15,1197.06,420.51,60.58,197.63,0.6063,-1,-1,-1
230,2,910.90,425.14,140.00,416.85,0.8516,-1,-1,-1
230,18,608.14,457.07,62.94,174.93,0.7680,-1,-1,-1
230,3,773.28,412.57,241.02,582.85,0.8555,-1,-1,-1
230,11,1111.50,442.34,124.32,348.45,0.8129,-1,-1,-1
230,15,1200.59,418.92,61.25,191.23,0.5996,-1,-1,-1
231,2,911.33,424.35,139.58,417.92,0.8366,-1,-1,-1
231,18,610.23,460.74,61.48,171.13,0.7659,-1,-1,-1
231,3,774.10,411.15,245.94,584.87,0.8811,-1,-1,-1
231,11,1123.43,440.26,125.61,350.84,0.8439,-1,-1,-1
231,15,1204.75,419.17,62.00,188.60,0.5602,-1,-1,-1
232,2,911.47,423.85,138.74,418.93,0.8607,-1,-1,-1
232,18,610.90,457.85,62.09,173.13,0.7864,-1,-1,-1
232,3,777.25,411.29,248.92,585.20,0.8496,-1,-1,-1
232,22,507.81,443.38,43.85,118.66,0.6463,-1,-1,-1
233,2,914.03,424.38,138.08,420.34,0.8539,-1,-1,-1
233,18,611.86,455.66,62.75,174.83,0.7804,-1,-1,-1
233,3,780.52,412.18,250.66,584.24,0.8479,-1,-1,-1
233,22,507.90,443.33,43.32,118.10,0.5804,-1,-1,-1
233,11,1135.00,438.82,127.43,353.97,0.8829,-1,-1,-1
234,2,920.88,424.54,137.51,420.73,0.8281,-1,-1,-1
234,18,613.43,455.90,62.46,173.23,0.7710,-1,-1,-1
234,3,785.85,416.69,250.60,580.41,0.7706,-1,-1,-1
234,22,507.91,442.99,43.14,118.27,0.6120,-1,-1,-1
234,11,1136.78,441.35,128.25,354.43,0.8920,-1,-1,-1
235,2,923.97,423.48,137.11,422.13,0.8539,-1,-1,-1
235,18,614.85,455.92,62.53,173.39,0.7370,-1,-1,-1
235,3,791.73,418.38,249.94,578.24,0.8661,-1,-1,-1
235,22,507.99,443.37,42.50,117.61,0.5167,-1,-1,-1
235,11,1139.09,445.12,129.01,353.66,0.8610,-1,-1,-1
236,2,928.09,423.13,135.62,422.23,0.8260,-1,-1,-1
236,18,616.66,456.73,62.06,172.59,0.7443,-1,-1,-1
236,3,792.66,413.05,251.89,583.37,0.7814,-1,-1,-1
236,11,1139.36,445.67,130.78,356.52,0.8759,-1,-1,-1
237,2,932.12,422.25,133.87,421.51,0.6425,-1,-1,-1
237,18,617.16,455.22,62.25,174.09,0.7250,-1,-1,-1
237,3,793.79,415.44,250.68,581.13,0.8437,-1,-1,-1
237,11,1141.79,443.90,132.93,361.14,0.8760,-1,-1,-1
237,24,748.33,432.05,137.75,432.23,0.6803,-1,-1,-1
238,2,937.18,421.33,129.86,411.83,0.6609,-1,-1,-1
238,18,618.29,455.05,62.64,177.52,0.7084,-1,-1,-1
238,3,792.08,411.88,252.10,584.60,0.8545,-1,-1,-1
238,11,1143.98,441.66,134.47,365.13,0.8420,-1,-1,-1
239,18,621.35,456.19,62.01,177.02,0.7202,-1,-1,-1
239,3,791.81,409.27,252.98,588.22,0.8769,-1,-1,-1
239,11,1146.23,440.02,134.19,367.15,0.7733,-1,-1,-1
239,24,726.99,437.01,138.43,432.57,0.6580,-1,-1,-1
240,18,623.56,456.41,61.15,175.95,0.6748,-1,-1,-1
240,3,794.01,411.04,251.74,587.22,0.8910,-1,-1,-1
240,11,1152.72,438.59,133.42,370.53,0.8375,-1,-1,-1
240,24,725.22,437.08,140.02,434.53,0.7639,-1,-1,-1
240,2,946.81,424.38,130.68,420.94,0.6742,-1,-1,-1
241,18,625.91,456.21,61.19,176.35,0.7070,-1,-1,-1
241,3,801.30,414.35,248.82,584.56,0.8766,-1,-1,-1
241,11,1160.57,438.30,131.22,371.22,0.8569,-1,-1,-1
241,24,727.13,435.94,141.06,434.37,0.7580,-1,-1,-1
241,2,951.25,425.68,127.86,418.87,0.7738,-1,-1,-1
242,18,627.35,458.05,60.26,173.18,0.7084,-1,-1,-1
242,3,809.26,420.42,244.32,580.81,0.8685,-1,-1,-1
242,11,1170.05,437.66,128.44,369.00,0.7933,-1,-1,-1
242,24,744.78,437.09,139.93,433.44,0.7370,-1,-1,-1
242,2,953.71,426.29,125.61,416.55,0.6789,-1,-1,-1
243,18,630.04,459.80,59.73,170.73,0.6806,-1,-1,-1
243,3,812.95,409.83,245.82,593.32,0.8358,-1,-1,-1
243,11,1177.42,435.99,126.09,368.39,0.6284,-1,-1,-1
243,24,748.80,437.06,140.07,434.86,0.5834,-1,-1,-1
243,2,962.51,427.07,121.70,411.90,0.5850,-1,-1,-1
244,18,632.90,461.04,60.37,170.64,0.7220,-1,-1,-1
244,3,820.25,401.61,245.86,604.76,0.7499,-1,-1,-1
244,11,1190.57,432.41,126.24,371.63,0.8559,-1,-1,-1
244,24,744.12,437.10,140.62,433.92,0.7229,-1,-1,-1
244,2,968.87,427.59,118.82,411.36,0.5344,-1,-1,-1
245,18,633.77,462.10,60.97,170.52,0.7148,-1,-1,-1
245,3,829.74,397.30,246.13,615.62,0.7691,-1,-1,-1
245,11,1198.65,431.94,125.83,372.79,0.8761,-1,-1,-1
245,24,751.96,437.85,140.28,434.36,0.6988,-1,-1,-1
246,18,634.23,461.18,61.51,170.89,0.7024,-1,-1,-1
246,3,836.55,406.26,242.31,616.96,0.8570,-1,-1,-1
246,11,1203.36,433.75,123.76,370.19,0.8595,-1,-1,-1
246,24,761.23,438.93,139.29,433.72,0.7101,-1,-1,-1
247,18,635.06,458.82,63.13,173.55,0.5938,-1,-1,-1
247,3,844.12,415.57,237.46,616.65,0.8489,-1,-1,-1
247,11,1208.75,433.78,122.73,368.47,0.8370,-1,-1,-1
247,24,768.90,435.76,140.85,438.98,0.6920,-1,-1,-1
248,18,634.67,457.97,63.63,174.05,0.6804,-1,-1,-1
248,3,853.16,418.14,233.66,619.92,0.7759,-1,-1,-1
248,11,1218.63,432.53,124.65,369.76,0.8531,-1,-1,-1
248,24,771.97,433.17,141.95,442.45,0.7115,-1,-1,-1
249,18,635.47,453.99,65.05,178.47,0.6558,-1,-1,-1
249,3,862.57,420.90,229.75,621.37,0.7363,-1,-1,-1
249,11,1227.08,432.85,127.08,369.53,0.6390,-1,-1,-1
249,24,777.34,430.96,143.14,446.35,0.8019,-1,-1,-1
250,18,640.73,450.86,66.59,182.46,0.6911,-1,-1,-1
250,3,880.77,422.13,228.92,621.76,0.7127,-1,-1,-1
250,11,1236.59,431.53,132.69,372.95,0.7142,-1,-1,-1
251,18,646.58,449.59,66.89,182.58,0.7535,-1,-1,-1
251,3,892.34,413.54,230.81,631.25,0.8245,-1,-1,-1
251,11,1242.27,430.01,138.90,375.36,0.9068,-1,-1,-1
251,24,781.95,431.10,143.24,446.47,0.8289,-1,-1,-1
252,18,649.23,447.96,67.44,184.18,0.8121,-1,-1,-1
252,3,900.96,406.59,231.63,638.12,0.8937,-1,-1,-1
252,11,1245.42,426.68,146.19,379.85,0.9134,-1,-1,-1
252,24,781.50,431.84,144.07,446.26,0.8274,-1,-1,-1
253,18,650.99,446.62,67.91,186.15,0.7969,-1,-1,-1
253,3,908.14,404.63,230.46,641.23,0.8991,-1,-1,-1
253,11,1246.41,425.21,152.74,382.75,0.9091,-1,-1,-1
253,24,783.45,433.39,143.64,444.19,0.8401,-1,-1,-1
254,18,653.20,447.13,67.17,185.49,0.8144,-1,-1,-1
254,3,912.11,407.41,226.98,638.55,0.8827,-1,-1,-1
254,11,1243.98,423.47,158.66,386.13,0.9105,-1,-1,-1
254,24,785.20,433.01,143.34,444.28,0.8414,-1,-1,-1
254,25,1835.14,407.69,89.97,373.93,0.6324,-1,-1,-1
255,18,655.69,447.97,66.80,185.26,0.7797,-1,-1,-1
255,3,912.96,406.05,224.19,639.97,0.8796,-1,-1,-1
255,11,1244.11,425.15,163.75,386.39,0.9077,-1,-1,-1
255,24,790.36,431.01,143.45,445.85,0.8044,-1,-1,-1
255,25,1823.52,393.87,93.20,386.42,0.7524,-1,-1,-1
256,18,658.58,449.03,66.92,185.09,0.8001,-1,-1,-1
256,3,916.57,407.20,220.86,637.96,0.8759,-1,-1,-1
256,11,1245.21,427.13,167.95,386.26,0.9197,-1,-1,-1
256,24,796.92,431.63,143.10,448.34,0.8291,-1,-1,-1
256,25,1816.61,395.22,93.51,385.18,0.7344,-1,-1,-1
257,18,660.17,450.81,67.05,184.25,0.7917,-1,-1,-1
257,3,919.60,407.07,217.82,637.14,0.8646,-1,-1,-1
257,11,1247.20,428.55,171.63,386.08,0.9237,-1,-1,-1
257,24,800.66,432.81,144.44,456.94,0.8078,-1,-1,-1
257,25,1816.01,392.37,94.77,388.26,0.8477,-1,-1,-1
258,18,660.77,448.57,69.18,189.75,0.8187,-1,-1,-1
258,3,922.15,401.19,216.29,641.72,0.8465,-1,-1,-1
258,11,1251.32,426.95,174.36,387.28,0.9097,-1,-1,-1
258,24,799.41,432.16,146.38,466.66,0.7281,-1,-1,-1
258,25,1815.08,392.99,95.57,388.67,0.8077,-1,-1,-1
259,18,661.87,449.30,69.22,188.88,0.8071,-1,-1,-1
259,3,922.56,396.26,214.59,645.95,0.7995,-1,-1,-1
259,11,1256.37,427.11,175.16,386.58,0.8703,-1,-1,-1
259,24,800.19,432.34,146.42,471.25,0.7728,-1,-1,-1
259,25,1805.23,397.81,95.85,380.31,0.8591,-1,-1,-1
260,18,663.53,450.84,68.67,186.95,0.7861,-1,-1,-1
260,3,922.49,395.79,211.12,645.96,0.8217,-1,-1,-1
260,11,1262.58,425.57,175.68,387.84,0.8510,-1,-1,-1
260,24,801.00,432.03,146.97,477.35,0.6915,-1,-1,-1
260,25,1787.96,396.45,100.12,380.26,0.8371,-1,-1,-1
261,18,664.11,450.47,69.33,188.69,0.8053,-1,-1,-1
261,3,924.77,398.76,207.14,643.22,0.8406,-1,-1,-1
261,11,1270.81,424.44,174.59,389.07,0.7968,-1,-1,-1
261,24,801.22,432.02,146.81,481.15,0.6552,-1,-1,-1
261,25,1766.24,393.46,107.36,382.19,0.8271,-1,-1,-1
262,18,664.46,450.07,69.73,189.86,0.7902,-1,-1,-1
262,3,926.77,397.54,204.51,644.47,0.8648,-1,-1,-1
262,11,1283.68,423.71,172.86,392.64,0.8427,-1,-1,-1
262,24,806.68,431.37,146.18,484.88,0.8023,-1,-1,-1
262,25,1747.07,407.26,113.36,369.96,0.8787,-1,-1,-1
263,18,665.70,451.36,69.35,188.02,0.7573,-1,-1,-1
263,3,930.39,397.02,201.83,645.01,0.8744,-1,-1,-1
263,11,1296.28,424.64,169.46,391.87,0.8737,-1,-1,-1
263,24,810.11,431.74,144.78,486.33,0.8158,-1,-1,-1
263,25,1733.02,414.73,121.45,362.55,0.8831,-1,-1,-1
264,18,667.47,451.50,69.72,187.95,0.7458,-1,-1,-1
264,3,936.09,399.40,198.91,641.87,0.8649,-1,-1,-1
264,11,1309.42,422.27,166.74,395.43,0.8897,-1,-1,-1
264,24,811.89,431.83,142.70,486.60,0.8009,-1,-1,-1
264,25,1722.50,418.38,130.46,358.83,0.8967,-1,-1,-1
265,18,670.15,451.76,70.06,187.73,0.7585,-1,-1,-1
265,3,940.54,402.02,196.68,639.09,0.8733,-1,-1,-1
265,11,1319.27,421.56,163.48,398.41,0.8909,-1,-1,-1
265,24,814.39,431.87,140.91,487.43,0.7581,-1,-1,-1
265,25,1713.71,423.44,138.14,353.54,0.8962,-1,-1,-1
266,18,673.74,452.52,69.92,186.95,0.7359,-1,-1,-1
266,3,942.34,403.57,194.20,637.29,0.8657,-1,-1,-1
266,11,1326.95,422.27,161.50,403.32,0.8892,-1,-1,-1
266,24,815.63,431.41,139.45,488.77,0.7933,-1,-1,-1
266,25,1701.54,417.60,147.20,357.20,0.8728,-1,-1,-1
267,18,675.67,453.09,69.67,185.62,0.7677,-1,-1,-1
267,3,944.21,404.03,191.96,636.07,0.8636,-1,-1,-1
267,11,1333.13,419.58,160.94,411.27,0.8712,-1,-1,-1
267,24,816.28,430.45,138.02,489.81,0.8500,-1,-1,-1
267,25,1691.37,420.05,150.22,348.65,0.8798,-1,-1,-1
268,18,676.90,453.55,69.28,184.49,0.8128,-1,-1,-1
268,3,944.12,403.99,190.27,636.62,0.7057,-1,-1,-1
268,11,1343.22,419.63,159.72,413.51,0.8686,-1,-1,-1
268,24,818.26,428.94,137.57,491.92,0.7687,-1,-1,-1
268,25,1679.10,418.75,150.59,340.84,0.8729,-1,-1,-1
269,18,677.75,453.25,69.09,184.25,0.7677,-1,-1,-1
269,3,946.96,404.87,188.96,635.29,0.8637,-1,-1,-1
269,11,1356.48,423.21,159.66,412.85,0.9165,-1,-1,-1
269,24,817.68,427.87,137.25,494.06,0.7456,-1,-1,-1
269,25,1665.86,419.68,150.41,337.00,0.8486,-1,-1,-1
270,18,679.10,452.47,69.51,186.20,0.7529,-1,-1,-1
270,3,948.08,405.93,187.37,634.58,0.8454,-1,-1,-1
270,11,1367.14,426.01,160.77,411.16,0.9190,-1,-1,-1
270,24,820.59,427.89,137.14,494.15,0.7634,-1,-1,-1
270,25,1652.62,414.56,150.33,340.37,0.8347,-1,-1,-1
271,18,681.36,451.22,69.79,188.10,0.6064,-1,-1,-1
271,3,948.91,406.94,185.17,633.34,0.8039,-1,-1,-1
271,11,1374.47,424.92,164.22,412.57,0.9206,-1,-1,-1
271,24,822.08,427.79,137.66,495.03,0.7667,-1,-1,-1
271,25,1641.17,415.68,145.68,337.71,0.8205,-1,-1,-1
272,18,682.98,448.25,71.20,193.49,0.6390,-1,-1,-1
272,3,950.52,406.57,182.76,633.23,0.8359,-1,-1,-1
272,11,1377.63,425.23,168.07,414.73,0.9267,-1,-1,-1
272,24,824.49,428.13,137.09,493.97,0.8088,-1,-1,-1
272,25,1625.66,418.05,139.73,334.07,0.7507,-1,-1,-1
273,18,683.98,446.29,71.84,196.42,0.6451,-1,-1,-1
273,3,953.19,405.92,180.65,633.52,0.8438,-1,-1,-1
273,11,1378.67,426.94,172.08,417.79,0.9281,-1,-1,-1
273,24,826.25,426.76,136.83,493.85,0.8181,-1,-1,-1
273,25,1617.87,430.93,129.81,320.17,0.7119,-1,-1,-1
274,18,685.18,446.00,71.42,196.42,0.5925,-1,-1,-1
274,3,954.46,405.45,178.72,634.74,0.8608,-1,-1,-1
274,11,1380.37,425.80,177.73,424.91,0.9282,-1,-1,-1
274,24,828.64,425.73,136.70,493.63,0.8328,-1,-1,-1
274,25,1609.90,439.32,123.40,310.84,0.8552,-1,-1,-1
275,18,691.07,447.53,71.58,195.52,0.6353,-1,-1,-1
275,3,956.09,406.20,176.60,635.23,0.8382,-1,-1,-1
275,11,1382.21,427.98,180.50,425.56,0.9108,-1,-1,-1
275,24,828.95,423.79,136.88,494.54,0.8296,-1,-1,-1
275,25,1594.70,442.36,123.16,308.21,0.8201,-1,-1,-1
276,18,695.61,448.17,70.98,194.34,0.5901,-1,-1,-1
276,3,958.38,404.35,175.29,637.67,0.8510,-1,-1,-1
276,11,1383.99,427.85,182.26,425.96,0.9144,-1,-1,-1
276,24,827.48,423.89,136.52,493.97,0.7777,-1,-1,-1
276,25,1579.72,442.22,125.95,308.57,0.8530,-1,-1,-1
277,3,961.64,403.16,174.06,639.47,0.8323,-1,-1,-1
277,11,1385.68,427.26,183.63,426.74,0.8822,-1,-1,-1
277,24,826.93,422.88,136.15,494.80,0.8223,-1,-1,-1
277,25,1565.18,426.87,135.01,323.97,0.8917,-1,-1,-1
278,3,963.41,401.22,173.66,642.70,0.8473,-1,-1,-1
278,11,1397.66,426.53,185.75,426.75,0.8498,-1,-1,-1
278,24,828.01,422.20,135.70,495.37,0.7828,-1,-1,-1
278,25,1560.10,450.99,130.15,298.36,0.8772,-1,-1,-1
279,3,966.61,400.29,172.64,644.21,0.8490,-1,-1,-1
279,11,1421.27,430.28,178.68,421.98,0.6547,-1,-1,-1
279,24,828.09,421.37,135.44,496.32,0.7819,-1,-1,-1
279,25,1550.42,431.54,141.33,316.76,0.8667,-1,-1,-1
280,3,971.39,402.02,171.98,643.23,0.8463,-1,-1,-1
280,11,1433.47,428.95,175.55,423.30,0.7997,-1,-1,-1
280,25,1558.09,449.61,134.26,298.57,0.6997,-1,-1,-1
281,3,975.54,401.29,172.13,644.43,0.8589,-1,-1,-1
281,11,1437.95,427.42,170.60,423.59,0.8516,-1,-1,-1
281,25,1551.08,428.21,143.41,320.72,0.6051,-1,-1,-1
281,18,716.22,456.13,70.23,188.74,0.6779,-1,-1,-1
281,24,830.96,420.57,136.64,497.75,0.8203,-1,-1,-1
282,3,978.75,402.41,172.05,643.88,0.8315,-1,-1,-1
282,11,1444.57,425.77,166.57,424.18,0.8103,-1,-1,-1
282,25,1541.90,424.24,141.10,319.11,0.5998,-1,-1,-1
282,18,718.57,460.28,69.99,183.36,0.5391,-1,-1,-1
282,24,833.53,419.84,138.08,497.18,0.8411,-1,-1,-1
283,3,982.24,402.28,171.75,643.30,0.8128,-1,-1,-1
283,11,1457.94,429.98,163.96,423.23,0.8572,-1,-1,-1
283,18,720.10,460.24,71.08,183.14,0.6359,-1,-1,-1
283,24,837.35,421.58,140.51,494.90,0.8400,-1,-1,-1
284,3,984.67,400.76,170.64,643.21,0.8060,-1,-1,-1
284,11,1468.93,426.57,163.73,427.63,0.8741,-1,-1,-1
284,18,720.75,459.60,72.47,184.23,0.7283,-1,-1,-1
284,24,840.96,422.39,144.19,494.42,0.8558,-1,-1,-1
285,3,987.17,402.18,169.36,642.26,0.8624,-1,-1,-1
285,11,1477.93,430.81,159.58,421.97,0.8338,-1,-1,-1
285,18,720.30,457.72,74.37,186.24,0.7790,-1,-1,-1
285,24,845.62,423.72,147.74,493.52,0.8718,-1,-1,-1
286,3,989.93,403.53,168.47,642.13,0.8728,-1,-1,-1
286,11,1491.22,432.38,159.19,421.71,0.8979,-1,-1,-1
286,18,720.61,455.57,76.63,188.75,0.8158,-1,-1,-1
286,24,847.00,422.82,152.33,495.11,0.8769,-1,-1,-1
287,3,991.93,404.13,167.91,641.59,0.8652,-1,-1,-1
287,11,1505.48,431.39,161.96,422.46,0.8806,-1,-1,-1
287,18,721.40,455.52,77.46,188.53,0.7896,-1,-1,-1
287,24,846.52,424.71,155.81,494.02,0.8887,-1,-1,-1
288,3,992.76,405.40,166.69,639.95,0.8623,-1,-1,-1
288,11,1518.82,431.96,167.32,424.66,0.9117,-1,-1,-1
288,18,721.86,450.27,79.48,192.88,0.7515,-1,-1,-1
288,24,846.21,424.88,159.35,494.43,0.8884,-1,-1,-1
289,3,996.12,407.00,165.70,638.25,0.8572,-1,-1,-1
289,11,1529.37,437.34,171.99,421.11,0.9314,-1,-1,-1
289,18,725.03,447.66,80.90,196.75,0.7957,-1,-1,-1
289,24,847.30,425.13,161.95,494.35,0.8826,-1,-1,-1
290,3,997.44,405.74,164.88,639.28,0.8689,-1,-1,-1
290,11,1533.40,438.45,180.17,425.21,0.8841,-1,-1,-1
290,18,728.94,448.28,80.76,196.65,0.7702,-1,-1,-1
290,24,847.52,423.17,164.62,496.51,0.8795,-1,-1,-1
291,3,998.85,403.16,164.44,640.67,0.8351,-1,-1,-1
291,11,1535.85,438.84,187.61,426.96,0.7190,-1,-1,-1
291,18,732.49,450.09,80.95,196.99,0.7540,-1,-1,-1
291,24,845.67,422.62,167.30,497.05,0.8844,-1,-1,-1
291,25,1426.89,424.39,134.19,293.86,0.6731,-1,-1,-1
292,3,1000.72,402.76,163.69,639.77,0.7977,-1,-1,-1
292,11,1533.59,439.86,194.02,427.19,0.8627,-1,-1,-1
292,18,736.96,451.39,79.95,196.45,0.7322,-1,-1,-1
292,24,845.07,423.42,169.09,496.25,0.8714,-1,-1,-1
293,3,1003.18,403.11,163.01,639.51,0.8466,-1,-1,-1
293,11,1530.18,437.50,203.78,436.19,0.8129,-1,-1,-1
293,18,739.33,449.61,79.35,197.61,0.7914,-1,-1,-1
293,24,845.35,423.32,170.71,496.68,0.8635,-1,-1,-1
293,25,1403.50,430.19,128.43,279.95,0.7513,-1,-1,-1
294,3,1004.43,401.90,162.91,641.85,0.8731,-1,-1,-1
294,11,1528.07,435.31,212.05,442.67,0.8755,-1,-1,-1
294,18,741.73,451.23,77.32,195.25,0.7719,-1,-1,-1
294,24,846.19,422.25,172.30,498.59,0.8851,-1,-1,-1
294,25,1399.59,429.26,129.98,280.58,0.8325,-1,-1,-1
295,3,1005.07,401.71,162.00,642.24,0.8673,-1,-1,-1
295,11,1526.23,433.21,218.28,445.42,0.8461,-1,-1,-1
295,18,744.39,451.43,77.07,195.73,0.7093,-1,-1,-1
295,24,847.44,420.94,173.30,499.70,0.8655,-1,-1,-1
295,25,1398.53,430.20,132.79,279.85,0.8408,-1,-1,-1
296,3,1006.42,402.43,161.33,641.22,0.8755,-1,-1,-1
296,11,1530.64,431.17,221.39,446.61,0.7766,-1,-1,-1
296,18,749.66,450.73,77.35,196.11,0.7882,-1,-1,-1
296,24,849.60,421.39,173.46,499.68,0.8753,-1,-1,-1
296,25,1397.26,429.33,134.57,281.02,0.8066,-1,-1,-1
297,3,1008.65,403.39,160.46,639.53,0.8725,-1,-1,-1
297,11,1536.89,431.44,222.23,446.66,0.8599,-1,-1,-1
297,18,755.08,449.93,77.48,198.45,0.8466,-1,-1,-1
297,24,851.49,414.70,175.27,506.60,0.8220,-1,-1,-1
297,25,1397.79,433.19,133.17,277.76,0.8072,-1,-1,-1
298,3,1009.69,404.74,159.97,637.66,0.8553,-1,-1,-1
298,11,1544.96,430.38,222.27,447.22,0.8383,-1,-1,-1
298,18,756.00,449.23,77.12,199.05,0.8319,-1,-1,-1
298,24,853.03,417.52,173.80,503.91,0.8303,-1,-1,-1
298,25,1395.19,439.15,128.54,269.43,0.8373,-1,-1,-1
299,3,1011.22,404.48,159.96,636.50,0.8606,-1,-1,-1
299,11,1551.63,426.14,222.94,452.86,0.8494,-1,-1,-1
299,18,759.94,451.30,76.29,198.31,0.8377,-1,-1,-1
299,24,858.34,418.23,173.02,508.41,0.6730,-1,-1,-1
299,25,1389.16,446.36,122.41,260.71,0.8126,-1,-1,-1
300,3,1013.51,404.87,159.44,632.67,0.8103,-1,-1,-1
300,11,1559.29,424.86,220.07,454.10,0.7858,-1,-1,-1
300,18,762.92,451.35,75.74,198.21,0.8486,-1,-1,-1
300,24,863.79,419.84,171.03,511.34,0.8234,-1,-1,-1
300,25,1374.45,429.19,126.48,277.14,0.8737,-1,-1,-1
301,3,1012.51,404.61,159.01,629.86,0.8184,-1,-1,-1
301,11,1582.39,421.58,217.41,458.38,0.8429,-1,-1,-1
301,18,765.79,450.38,75.29,199.27,0.8623,-1,-1,-1
301,24,868.03,420.07,169.91,519.29,0.8227,-1,-1,-1
301,25,1367.60,442.44,116.82,263.78,0.8770,-1,-1,-1
302,3,1011.96,405.49,158.71,625.32,0.8448,-1,-1,-1
302,11,1601.28,417.80,213.72,462.73,0.8808,-1,-1,-1
302,18,769.19,454.50,74.13,196.37,0.8605,-1,-1,-1
302,24,871.17,420.21,168.41,526.29,0.8087,-1,-1,-1
302,25,1360.18,450.88,110.69,256.06,0.8773,-1,-1,-1
303,3,1013.63,404.87,158.70,622.60,0.8408,-1,-1,-1
303,11,1615.36,413.28,213.10,475.66,0.9028,-1,-1,-1
303,18,770.25,454.27,74.34,197.52,0.8554,-1,-1,-1
303,24,869.53,419.56,167.49,531.19,0.7836,-1,-1,-1
303,25,1346.61,430.76,115.90,275.18,0.8695,-1,-1,-1
303,30,-8.80,656.01,133.46,202.36,0.6457,-1,-1,-1
304,3,1016.53,404.28,160.09,622.86,0.8434,-1,-1,-1
304,11,1627.02,411.27,212.13,488.46,0.8855,-1,-1,-1
304,18,772.98,454.01,74.90,198.72,0.8306,-1,-1,-1
304,24,865.85,419.28,166.95,533.24,0.7895,-1,-1,-1
304,25,1335.93,423.09,116.98,282.55,0.8566,-1,-1,-1
304,30,-31.07,583.67,179.72,274.68,0.7235,-1,-1,-1
305,3,1020.98,404.58,162.11,620.88,0.8212,-1,-1,-1
305,11,1637.21,413.66,207.67,493.64,0.8598,-1,-1,-1
305,18,773.81,451.27,76.63,203.41,0.8161,-1,-1,-1
305,24,866.98,418.92,165.53,534.32,0.8071,-1,-1,-1
305,25,1329.47,423.15,115.54,281.73,0.8459,-1,-1,-1
305,30,-48.97,523.52,216.55,335.68,0.6076,-1,-1,-1
306,3,1027.93,405.07,164.76,616.57,0.8397,-1,-1,-1
306,11,1653.38,415.05,205.94,496.66,0.9003,-1,-1,-1
306,18,774.93,448.78,77.70,206.63,0.5233,-1,-1,-1
306,24,868.31,418.55,164.07,534.57,0.8232,-1,-1,-1
306,25,1322.58,432.32,112.77,271.45,0.8353,-1,-1,-1
306,30,-61.88,472.74,244.59,386.70,0.7748,-1,-1,-1
307,3,1032.71,403.28,168.67,615.87,0.8423,-1,-1,-1
307,11,1675.36,421.64,205.84,493.64,0.8035,-1,-1,-1
307,18,777.35,447.86,78.31,208.66,0.8283,-1,-1,-1
307,24,868.57,418.45,162.75,533.91,0.8316,-1,-1,-1
307,25,1318.22,444.37,109.77,257.57,0.8620,-1,-1,-1
307,30,-72.86,424.68,268.15,434.98,0.7308,-1,-1,-1
307,32,1186.01,443.10,39.56,105.39,0.6904,-1,-1,-1
308,3,1036.09,402.55,172.86,614.05,0.8643,-1,-1,-1
308,11,1688.05,418.92,210.87,498.12,0.7680,-1,-1,-1
308,18,779.11,446.83,78.43,209.90,0.8390,-1,-1,-1
308,24,869.72,418.72,161.38,532.92,0.8333,-1,-1,-1
308,25,1309.41,434.86,115.30,265.82,0.8662,-1,-1,-1
308,30,-76.71,397.04,276.82,462.63,0.7607,-1,-1,-1
308,33,1610.19,408.43,123.37,397.71,0.7513,-1,-1,-1
309,3,1038.53,400.74,177.89,614.26,0.8695,-1,-1,-1
309,11,1689.87,416.90,215.97,502.89,0.8977,-1,-1,-1
309,18,783.96,446.35,77.45,209.76,0.8317,-1,-1,-1
309,24,870.05,419.66,160.04,531.25,0.8557,-1,-1,-1
309,25,1302.84,431.64,118.82,269.45,0.8572,-1,-1,-1
309,30,-77.30,381.33,276.94,478.78,0.8705,-1,-1,-1
309,33,1616.36,406.44,126.09,406.11,0.6367,-1,-1,-1
310,3,1040.29,400.52,182.76,613.28,0.8870,-1,-1,-1
310,11,1688.61,417.82,221.22,508.75,0.9241,-1,-1,-1
310,18,788.19,444.80,76.84,211.26,0.8244,-1,-1,-1
310,24,870.62,419.72,159.00,530.96,0.8367,-1,-1,-1
310,25,1297.10,429.10,121.38,271.36,0.8310,-1,-1,-1
310,30,-74.19,374.55,270.75,485.25,0.8874,-1,-1,-1
310,33,1626.21,406.57,126.48,406.64,0.5456,-1,-1,-1
310,32,1190.49,445.46,38.83,103.17,0.6211,-1,-1,-1
311,3,1039.29,402.42,186.98,610.67,0.8895,-1,-1,-1
311,11,1686.10,419.62,226.63,515.56,0.9098,-1,-1,-1
311,18,792.50,444.33,75.91,211.89,0.8350,-1,-1,-1
311,24,870.95,420.02,158.22,530.72,0.8338,-1,-1,-1
311,25,1291.53,430.73,119.82,265.99,0.8432,-1,-1,-1
311,30,-69.70,373.96,259.89,483.87,0.8929,-1,-1,-1
311,33,1634.59,409.44,125.73,403.75,0.5104,-1,-1,-1
311,32,1191.75,447.04,38.22,101.15,0.6250,-1,-1,-1
312,3,1038.76,404.07,190.43,608.43,0.8946,-1,-1,-1
312,11,1685.15,420.55,229.96,518.80,0.8825,-1,-1,-1
312,18,796.32,446.76,74.46,209.44,0.8240,-1,-1,-1
312,24,870.66,419.75,158.15,531.69,0.8512,-1,-1,-1
312,25,1279.96,429.37,118.50,262.35,0.8543,-1,-1,-1
312,30,-62.86,376.34,250.17,483.24,0.9023,-1,-1,-1
312,33,1634.35,411.17,127.06,404.37,0.5686,-1,-1,-1
312,32,1192.17,444.83,39.77,105.21,0.6220,-1,-1,-1
313,3,1037.21,404.04,194.16,608.28,0.8985,-1,-1,-1
313,11,1685.75,421.33,231.69,519.76,0.8843,-1,-1,-1
313,18,799.91,445.95,74.98,210.39,0.8002,-1,-1,-1
313,24,870.04,419.52,158.12,532.31,0.8276,-1,-1,-1
313,25,1270.25,429.59,116.45,259.41,0.8618,-1,-1,-1
313,30,-51.73,378.46,241.57,481.74,0.9289,-1,-1,-1
314,3,1036.06,404.08,197.09,607.52,0.8959,-1,-1,-1
314,11,1689.04,419.85,232.75,522.13,0.8956,-1,-1,-1
314,18,802.30,445.93,75.18,210.52,0.8082,-1,-1,-1
314,24,869.68,418.83,158.33,533.22,0.8232,-1,-1,-1
314,25,1263.61,426.78,114.68,260.99,0.8627,-1,-1,-1
314,30,-37.10,380.94,233.80,479.02,0.9058,-1,-1,-1
315,3,1036.92,402.15,199.77,609.93,0.8870,-1,-1,-1
315,11,1724.53,421.10,223.18,519.82,0.7767,-1,-1,-1
315,18,805.21,444.39,76.11,212.67,0.8006,-1,-1,-1
315,24,869.66,417.90,158.71,533.84,0.8289,-1,-1,-1
315,25,1256.93,426.47,111.97,261.06,0.8513,-1,-1,-1
315,30,-14.32,384.74,227.76,473.84,0.9119,-1,-1,-1
315,32,1192.55,434.91,43.77,116.13,0.6068,-1,-1,-1
316,3,1038.48,403.05,200.27,607.77,0.8958,-1,-1,-1
316,11,1743.87,421.31,214.73,520.83,0.8537,-1,-1,-1
316,18,807.20,444.26,76.98,214.12,0.8019,-1,-1,-1
316,24,868.37,415.55,159.38,536.02,0.8256,-1,-1,-1
316,25,1253.35,427.33,108.35,261.16,0.8474,-1,-1,-1
316,32,1194.42,433.98,44.46,118.06,0.6584,-1,-1,-1
317,3,1039.27,402.47,201.30,608.36,0.8946,-1,-1,-1
317,11,1758.87,423.30,204.81,519.35,0.7719,-1,-1,-1
317,18,805.83,444.22,76.60,214.86,0.7941,-1,-1,-1
317,24,868.97,416.36,159.74,535.34,0.8356,-1,-1,-1
317,25,1248.82,423.44,106.13,263.18,0.8645,-1,-1,-1
317,32,1195.78,434.33,44.19,117.77,0.6210,-1,-1,-1
317,35,497.66,450.23,42.92,111.01,0.6253,-1,-1,-1
317,30,21.88,390.23,227.97,468.19,0.9031,-1,-1,-1
318,3,1040.99,402.56,201.58,607.55,0.8939,-1,-1,-1
318,11,1768.99,421.24,195.18,517.52,0.5697,-1,-1,-1
318,18,806.86,444.46,76.12,214.47,0.7790,-1,-1,-1
318,24,869.29,418.34,160.26,535.57,0.7712,-1,-1,-1
318,25,1245.71,427.33,102.24,258.66,0.8784,-1,-1,-1
318,32,1199.29,436.43,43.09,113.80,0.6293,-1,-1,-1
318,35,497.01,451.44,42.41,109.69,0.6513,-1,-1,-1
318,30,35.88,396.44,229.58,461.80,0.9212,-1,-1,-1
319,3,1042.82,402.87,201.65,606.55,0.8951,-1,-1,-1
319,11,1778.94,418.21,186.42,518.91,0.7188,-1,-1,-1
319,18,811.43,444.79,75.48,213.96,0.7877,-1,-1,-1
319,24,868.65,419.20,160.83,535.74,0.8196,-1,-1,-1
319,25,1240.00,427.58,101.43,258.67,0.8646,-1,-1,-1
319,32,1202.21,438.36,42.29,110.64,0.6498,-1,-1,-1
319,35,496.15,453.27,41.80,108.11,0.6355,-1,-1,-1
319,30,41.73,397.63,234.10,460.93,0.9212,-1,-1,-1
320,3,1044.64,403.53,201.38,605.86,0.8878,-1,-1,-1
320,11,1787.83,416.48,178.18,522.14,0.8196,-1,-1,-1
320,18,814.85,445.34,75.14,213.58,0.7364,-1,-1,-1
320,24,868.71,419.36,161.64,535.85,0.8424,-1,-1,-1
320,25,1234.70,433.23,100.07,252.86,0.8364,-1,-1,-1
320,35,495.25,450.92,42.50,110.08,0.6050,-1,-1,-1
320,30,46.30,400.30,237.56,457.44,0.9195,-1,-1,-1
321,3,1045.90,403.14,201.37,606.25,0.8906,-1,-1,-1
321,11,1799.16,419.63,167.56,519.43,0.8008,-1,-1,-1
321,18,816.92,447.29,73.86,211.33,0.7499,-1,-1,-1
321,24,869.92,417.82,161.86,535.83,0.6539,-1,-1,-1
321,25,1234.27,434.94,99.53,250.21,0.8551,-1,-1,-1
321,35,493.80,449.11,42.93,111.51,0.5624,-1,-1,-1
321,30,48.00,401.39,241.61,455.75,0.9178,-1,-1,-1
322,3,1048.13,405.42,201.30,606.41,0.8323,-1,-1,-1
322,11,1811.07,425.63,155.92,513.66,0.8001,-1,-1,-1
322,18,819.16,448.35,73.33,210.44,0.7621,-1,-1,-1
322,24,870.14,416.63,162.06,536.33,0.8842,-1,-1,-1
322,25,1233.68,439.41,98.29,244.84,0.7730,-1,-1,-1
322,35,492.25,447.74,43.43,112.90,0.6034,-1,-1,-1
322,30,51.94,402.82,243.36,448.55,0.9093,-1,-1,-1
322,36,1436.91,434.06,44.56,115.59,0.6533,-1,-1,-1
323,3,1049.61,404.34,201.37,607.92,0.8871,-1,-1,-1
323,11,1823.39,454.96,138.36,483.10,0.7055,-1,-1,-1
323,18,821.55,451.36,72.44,207.26,0.6970,-1,-1,-1
323,24,872.16,416.14,162.41,536.56,0.8953,-1,-1,-1
323,25,1231.37,440.31,97.95,243.09,0.8399,-1,-1,-1
323,35,491.86,447.20,43.49,113.13,0.6447,-1,-1,-1
323,30,53.64,404.59,246.64,444.63,0.9176,-1,-1,-1
323,33,1738.13,393.24,140.90,448.02,0.7661,-1,-1,-1
324,3,1051.27,400.98,201.53,611.02,0.8908,-1,-1,-1
324,18,822.80,454.80,71.55,203.66,0.6431,-1,-1,-1
324,24,873.47,416.39,162.49,536.02,0.8830,-1,-1,-1
324,25,1224.94,438.76,99.21,245.41,0.8263,-1,-1,-1
324,35,491.08,447.53,43.37,112.86,0.6398,-1,-1,-1
324,30,56.32,405.77,248.68,439.99,0.9269,-1,-1,-1
324,33,1748.96,395.02,141.68,451.44,0.6399,-1,-1,-1
325,3,1052.82,398.69,201.42,613.32,0.8915,-1,-1,-1
325,24,874.43,416.18,162.54,536.04,0.8935,-1,-1,-1
325,25,1220.35,442.40,98.05,241.64,0.7770,-1,-1,-1
325,35,490.57,448.50,42.95,111.77,0.6145,-1,-1,-1
325,30,59.79,405.20,251.65,439.67,0.9279,-1,-1,-1
325,33,1760.32,392.34,146.68,465.05,0.5744,-1,-1,-1
325,36,1448.74,437.96,42.83,110.44,0.6211,-1,-1,-1
326,3,1053.83,397.63,201.06,614.79,0.9041,-1,-1,-1
326,24,875.16,416.41,162.43,535.80,0.8911,-1,-1,-1
326,25,1214.98,451.59,93.95,230.16,0.5599,-1,-1,-1
326,35,489.76,447.58,43.41,112.98,0.5754,-1,-1,-1
326,30,67.23,405.12,251.50,436.87,0.9169,-1,-1,-1
326,33,1767.50,392.16,147.26,463.86,0.6081,-1,-1,-1
326,36,1451.54,439.79,42.51,108.99,0.5058,-1,-1,-1
327,3,1053.81,397.35,201.00,618.25,0.8953,-1,-1,-1
327,24,876.58,416.54,161.95,535.54,0.8396,-1,-1,-1
327,35,488.99,447.45,43.32,112.94,0.6290,-1,-1,-1
327,30,77.10,393.87,253.71,443.40,0.8864,-1,-1,-1
327,33,1769.74,391.66,149.62,469.29,0.6704,-1,-1,-1
327,36,1453.47,442.69,42.01,106.11,0.6403,-1,-1,-1
328,3,1054.08,397.52,200.57,620.26,0.8868,-1,-1,-1
328,24,877.83,416.91,161.60,535.60,0.8601,-1,-1,-1
328,30,91.38,393.47,247.48,436.74,0.9266,-1,-1,-1
328,33,1768.78,388.32,154.67,486.09,0.6201,-1,-1,-1
328,36,1455.28,441.84,42.24,106.49,0.6364,-1,-1,-1
328,11,1772.02,391.44,156.48,549.12,0.7154,-1,-1,-1
329,3,1054.96,396.96,199.74,619.87,0.9152,-1,-1,-1
329,24,878.05,416.07,161.80,537.22,0.8305,-1,-1,-1
329,30,105.23,393.11,240.59,431.92,0.9014,-1,-1,-1
329,33,1763.77,390.34,165.68,527.11,0.5452,-1,-1,-1
329,36,1457.21,440.86,41.84,105.72,0.6450,-1,-1,-1
329,11,1766.96,390.71,156.55,550.06,0.5096,-1,-1,-1
330,3,1055.17,395.63,199.35,620.84,0.9224,-1,-1,-1
330,24,875.75,417.43,162.30,535.80,0.8472,-1,-1,-1
330,30,120.56,396.89,231.24,426.02,0.8767,-1,-1,-1
330,33,1766.22,391.44,161.63,516.34,0.5537,-1,-1,-1
330,36,1459.02,440.25,41.40,105.10,0.5616,-1,-1,-1
330,11,1766.21,391.38,155.00,544.68,0.5216,-1,-1,-1
331,3,1056.31,395.27,198.98,621.02,0.9216,-1,-1,-1
331,24,876.08,419.34,162.25,533.59,0.8321,-1,-1,-1
331,30,136.73,394.32,224.59,428.32,0.8577,-1,-1,-1
331,36,1461.85,439.84,41.39,106.13,0.6203,-1,-1,-1
331,11,1772.91,390.96,141.41,488.06,0.7620,-1,-1,-1
332,3,1057.39,396.21,198.60,621.07,0.9168,-1,-1,-1
332,24,877.18,419.70,163.16,532.63,0.6693,-1,-1,-1
332,30,158.37,393.42,216.25,428.96,0.8680,-1,-1,-1
332,36,1465.99,439.98,41.04,105.92,0.7326,-1,-1,-1
332,11,1775.64,391.46,136.53,464.11,0.7963,-1,-1,-1
333,3,1058.82,397.65,197.95,619.39,0.9107,-1,-1,-1
333,24,876.02,418.44,165.14,534.64,0.8392,-1,-1,-1
333,30,178.22,395.75,207.75,426.44,0.8490,-1,-1,-1
333,36,1469.46,440.67,40.14,104.26,0.7212,-1,-1,-1
333,11,1776.10,392.08,136.03,456.66,0.7604,-1,-1,-1
334,3,1059.55,397.75,197.62,619.61,0.9214,-1,-1,-1
334,24,875.94,417.90,166.43,534.70,0.8357,-1,-1,-1
334,30,194.35,399.19,201.30,423.82,0.8233,-1,-1,-1
334,36,1471.09,439.90,40.98,107.12,0.5080,-1,-1,-1
334,11,1777.78,390.92,137.34,458.78,0.5128,-1,-1,-1
335,3,1059.84,397.76,196.85,618.55,0.9254,-1,-1,-1
335,24,877.44,417.07,167.66,535.10,0.8229,-1,-1,-1
335,30,199.20,414.07,194.26,408.24,0.7942,-1,-1,-1
335,36,1473.44,438.39,40.97,107.45,0.6038,-1,-1,-1
335,38,5.14,466.73,129.66,318.06,0.7293,-1,-1,-1
336,3,1059.60,397.83,196.53,618.46,0.9248,-1,-1,-1
336,24,876.16,417.56,168.44,534.89,0.8677,-1,-1,-1
336,30,212.21,410.13,193.51,410.02,0.7509,-1,-1,-1
336,36,1474.67,437.09,40.88,108.06,0.5298,-1,-1,-1
336,38,3.61,448.98,137.95,338.12,0.8454,-1,-1,-1
337,3,1060.66,398.39,196.42,618.20,0.9202,-1,-1,-1
337,24,875.82,417.64,169.05,534.59,0.8502,-1,-1,-1
337,30,227.20,423.87,188.18,396.78,0.8046,-1,-1,-1
337,36,1475.90,435.50,41.53,110.16,0.6488,-1,-1,-1
337,38,4.02,441.49,140.95,344.89,0.8705,-1,-1,-1
338,3,1061.67,398.01,196.58,618.25,0.9203,-1,-1,-1
338,24,877.75,417.93,169.92,535.07,0.6387,-1,-1,-1
338,30,246.41,434.77,185.04,386.17,0.8108,-1,-1,-1
338,36,1478.45,435.44,41.37,109.54,0.7275,-1,-1,-1
338,38,5.04,443.07,140.50,342.82,0.8725,-1,-1,-1
339,3,1061.71,397.58,196.34,618.44,0.9283,-1,-1,-1
339,24,875.93,417.52,170.73,536.31,0.8176,-1,-1,-1
339,30,249.70,413.48,196.16,408.16,0.8627,-1,-1,-1
339,36,1481.30,436.39,41.22,108.79,0.5465,-1,-1,-1
339,38,5.09,442.09,141.17,343.33,0.8951,-1,-1,-1
340,3,1062.81,398.73,195.89,616.86,0.9267,-1,-1,-1
340,24,876.78,417.42,170.72,536.34,0.8413,-1,-1,-1
340,30,252.08,409.28,200.33,412.69,0.8302,-1,-1,-1
340,38,3.88,439.02,142.94,346.74,0.8936,-1,-1,-1
341,3,1064.11,401.14,195.20,614.48,0.9252,-1,-1,-1
341,24,877.76,416.98,170.81,536.82,0.8275,-1,-1,-1
341,30,256.37,425.50,195.53,396.94,0.8925,-1,-1,-1
341,38,3.89,438.16,143.47,346.80,0.8975,-1,-1,-1
342,3,1066.51,400.58,195.66,614.79,0.9179,-1,-1,-1
342,24,879.98,418.21,170.99,536.62,0.7956,-1,-1,-1
342,30,258.09,433.16,194.50,388.47,0.8994,-1,-1,-1
342,38,4.39,438.30,143.74,345.89,0.8932,-1,-1,-1
343,3,1066.07,400.98,195.50,614.41,0.9210,-1,-1,-1
343,24,882.25,417.31,171.11,537.05,0.5766,-1,-1,-1
343,30,257.97,435.30,195.32,385.19,0.9047,-1,-1,-1
343,38,3.17,435.33,147.07,353.48,0.8539,-1,-1,-1
344,3,1066.68,400.53,195.78,615.17,0.9200,-1,-1,-1
344,24,883.95,416.90,171.10,537.15,0.8613,-1,-1,-1
344,30,255.19,421.17,202.56,397.53,0.8977,-1,-1,-1
344,38,6.54,436.36,145.83,351.53,0.8475,-1,-1,-1
345,3,1068.36,401.45,195.81,613.84,0.9198,-1,-1,-1
345,24,883.09,418.67,170.54,537.08,0.7481,-1,-1,-1
345,30,254.61,412.79,206.27,404.32,0.9203,-1,-1,-1
345,38,8.81,434.48,146.69,354.39,0.8770,-1,-1,-1
346,3,1068.50,401.39,196.06,614.09,0.9175,-1,-1,-1
346,24,884.73,419.39,170.83,537.97,0.8448,-1,-1,-1
346,30,257.59,404.05,208.61,411.50,0.9166,-1,-1,-1
346,38,22.41,435.31,143.48,350.84,0.8810,-1,-1,-1
347,3,1069.89,402.70,196.13,612.95,0.9125,-1,-1,-1
347,24,886.81,419.81,170.87,538.30,0.8620,-1,-1,-1
347,30,263.41,399.27,208.55,416.38,0.8984,-1,-1,-1
347,38,38.33,437.70,139.87,346.11,0.8743,-1,-1,-1
348,3,1070.21,401.11,197.04,614.48,0.9120,-1,-1,-1
348,24,887.92,419.85,169.52,536.87,0.7424,-1,-1,-1
348,30,274.40,399.66,204.62,415.17,0.8783,-1,-1,-1
348,38,47.99,436.83,139.55,347.81,0.7855,-1,-1,-1
349,3,1070.74,402.28,197.25,613.46,0.9136,-1,-1,-1
349,24,891.78,417.04,169.03,537.81,0.8508,-1,-1,-1
349,30,285.66,398.40,197.15,408.38,0.8460,-1,-1,-1
349,38,53.85,435.49,140.03,349.02,0.5920,-1,-1,-1
350,3,1070.30,401.02,197.90,614.16,0.9128,-1,-1,-1
350,24,894.82,416.24,168.81,537.70,0.6037,-1,-1,-1
350,30,295.89,391.76,192.83,411.32,0.8245,-1,-1,-1
350,38,69.26,435.76,139.61,347.63,0.8641,-1,-1,-1
351,3,1069.13,402.03,198.17,615.04,0.8926,-1,-1,-1
351,24,895.21,417.94,168.23,536.28,0.8334,-1,-1,-1
351,30,309.23,391.73,184.21,407.72,0.8582,-1,-1,-1
351,38,81.40,436.27,142.50,346.58,0.8760,-1,-1,-1
352,3,1068.99,402.43,198.45,615.07,0.9017,-1,-1,-1
352,24,897.23,417.26,167.85,535.53,0.8136,-1,-1,-1
352,30,324.54,396.17,175.51,403.01,0.8542,-1,-1,-1
352,38,91.49,438.08,145.97,343.80,0.9002,-1,-1,-1
353,3,1068.20,400.47,198.91,615.57,0.7969,-1,-1,-1
353,24,897.70,416.51,167.49,535.46,0.8529,-1,-1,-1
353,30,341.65,410.89,163.73,387.89,0.6261,-1,-1,-1
353,38,101.84,436.61,152.08,345.68,0.9102,-1,-1,-1
353,39,3.09,503.56,63.97,352.74,0.7150,-1,-1,-1
354,3,1068.08,398.64,199.57,616.80,0.9138,-1,-1,-1
354,24,899.78,416.54,167.52,535.08,0.8223,-1,-1,-1
354,30,341.53,402.69,164.70,396.62,0.6624,-1,-1,-1
354,38,108.58,436.60,157.33,345.56,0.8932,-1,-1,-1
354,39,7.50,499.93,64.55,354.04,0.7763,-1,-1,-1
355,3,1067.80,399.16,199.23,615.60,0.9172,-1,-1,-1
355,24,899.39,418.02,166.89,532.74,0.8392,-1,-1,-1
355,30,359.63,400.48,160.43,396.87,0.6277,-1,-1,-1
355,38,112.18,438.37,160.14,339.94,0.9002,-1,-1,-1
355,39,18.70,478.20,69.08,372.53,0.8097,-1,-1,-1
356,3,1067.53,400.18,199.10,615.10,0.8970,-1,-1,-1
356,24,900.59,418.41,165.05,528.60,0.8250,-1,-1,-1
356,30,354.72,398.29,161.67,398.71,0.6853,-1,-1,-1
356,38,117.77,437.58,161.91,336.22,0.8664,-1,-1,-1
356,39,33.93,454.67,76.19,395.29,0.8509,-1,-1,-1
357,3,1068.58,399.70,200.00,616.69,0.8928,-1,-1,-1
357,24,900.55,418.42,164.04,526.68,0.8458,-1,-1,-1
357,30,380.95,401.06,160.32,395.75,0.6251,-1,-1,-1
357,38,124.59,438.32,161.93,331.53,0.8625,-1,-1,-1
357,39,46.52,444.85,83.16,407.56,0.8661,-1,-1,-1
358,3,1069.22,399.66,200.54,617.31,0.8932,-1,-1,-1
358,24,900.56,416.86,163.95,528.38,0.8124,-1,-1,-1
358,30,396.25,400.41,161.76,395.83,0.7627,-1,-1,-1
358,38,132.25,441.59,160.90,327.71,0.8570,-1,-1,-1
358,39,56.13,442.58,90.06,410.37,0.8920,-1,-1,-1
358,25,1043.72,427.49,82.54,218.98,0.6390,-1,-1,-1
359,3,1070.01,398.83,201.23,618.38,0.8941,-1,-1,-1
359,24,903.16,415.42,163.38,529.96,0.5683,-1,-1,-1
359,30,406.21,404.39,162.62,392.18,0.8237,-1,-1,-1
359,38,137.92,440.92,160.94,327.96,0.8723,-1,-1,-1
359,39,58.26,441.40,97.45,412.10,0.8979,-1,-1,-1
360,3,1070.85,399.97,201.64,617.69,0.8976,-1,-1,-1
360,30,412.51,410.44,163.15,385.70,0.8152,-1,-1,-1
360,38,145.41,440.67,158.54,324.61,0.8379,-1,-1,-1
360,39,58.87,441.76,105.15,411.80,0.9140,-1,-1,-1
361,3,1071.91,401.26,202.03,616.36,0.8960,-1,-1,-1
361,30,414.86,405.67,168.90,391.13,0.8701,-1,-1,-1
361,38,155.33,437.92,156.62,326.80,0.8238,-1,-1,-1
361,39,57.75,440.67,113.46,413.00,0.9171,-1,-1,-1
361,24,910.12,415.70,161.16,526.65,0.7771,-1,-1,-1
362,3,1072.84,402.46,202.27,615.04,0.9054,-1,-1,-1
362,30,414.97,405.03,172.63,392.59,0.8666,-1,-1,-1
362,38,159.89,437.43,154.08,327.84,0.7531,-1,-1,-1
362,39,56.89,439.82,122.16,412.97,0.9077,-1,-1,-1
362,24,911.45,414.88,160.25,525.64,0.8455,-1,-1,-1
363,3,1072.98,402.40,202.85,614.75,0.8947,-1,-1,-1
363,30,413.61,406.07,175.30,391.30,0.8628,-1,-1,-1
363,38,165.85,439.28,149.88,326.38,0.8154,-1,-1,-1
363,39,53.63,440.74,130.07,411.04,0.9037,-1,-1,-1
363,24,917.62,416.79,158.08,519.02,0.8498,-1,-1,-1
364,3,1073.03,402.54,203.53,614.56,0.8943,-1,-1,-1
364,30,412.78,408.85,176.84,388.78,0.8800,-1,-1,-1
364,38,175.63,442.95,143.63,322.09,0.7795,-1,-1,-1
364,39,49.96,440.40,137.94,409.98,0.9124,-1,-1,-1
364,24,917.78,416.34,157.58,517.13,0.8645,-1,-1,-1
365,3,1072.60,403.14,203.87,613.60,0.8961,-1,-1,-1
365,30,410.97,408.91,179.06,388.21,0.9008,-1,-1,-1
365,38,184.26,442.27,139.87,322.58,0.7377,-1,-1,-1
365,39,46.81,437.29,146.63,412.87,0.8988,-1,-1,-1
365,24,918.83,416.62,157.54,516.47,0.8651,-1,-1,-1
366,3,1071.91,401.52,204.97,615.43,0.8941,-1,-1,-1
366,30,410.96,407.13,180.38,386.77,0.8993,-1,-1,-1
366,38,192.82,440.14,136.98,324.52,0.8114,-1,-1,-1
366,39,44.93,436.66,153.29,411.62,0.9067,-1,-1,-1
366,24,919.61,416.04,158.11,517.61,0.8741,-1,-1,-1
367,3,1072.45,401.59,205.61,615.18,0.8718,-1,-1,-1
367,30,409.50,405.86,181.34,385.62,0.9048,-1,-1,-1
367,38,204.90,440.46,133.89,323.48,0.8049,-1,-1,-1
367,39,54.03,439.87,154.02,400.12,0.8606,-1,-1,-1
367,24,920.97,413.83,158.67,520.26,0.8838,-1,-1,-1
368,3,1074.21,399.90,207.35,616.87,0.8609,-1,-1,-1
368,30,407.56,400.27,183.12,387.56,0.9079,-1,-1,-1
368,38,218.17,437.96,133.77,326.13,0.8203,-1,-1,-1
368,39,65.19,439.35,153.33,391.27,0.8868,-1,-1,-1
368,24,922.56,413.61,158.03,519.88,0.8940,-1,-1,-1
369,3,1075.25,399.33,208.80,617.75,0.8393,-1,-1,-1
369,30,409.26,398.79,183.37,388.37,0.9139,-1,-1,-1
369,38,232.89,437.64,134.96,327.34,0.8789,-1,-1,-1
369,39,80.87,436.49,152.42,390.02,0.8604,-1,-1,-1
369,24,925.11,415.11,157.21,517.62,0.9005,-1,-1,-1
370,3,1075.02,397.42,210.34,619.54,0.8717,-1,-1,-1
370,30,413.62,405.16,180.78,383.75,0.8810,-1,-1,-1
370,38,245.75,435.52,137.72,329.36,0.8854,-1,-1,-1
370,39,96.85,436.92,148.76,386.92,0.8718,-1,-1,-1
370,24,928.11,414.40,157.28,517.92,0.8900,-1,-1,-1
371,3,1073.08,396.74,210.74,619.92,0.8095,-1,-1,-1
371,30,420.72,405.05,179.11,383.85,0.9018,-1,-1,-1
371,38,253.66,436.61,139.72,327.81,0.8691,-1,-1,-1
371,39,115.36,440.58,144.30,380.98,0.8717,-1,-1,-1
371,24,930.49,412.99,157.98,520.81,0.8805,-1,-1,-1
372,3,1073.70,397.18,211.26,619.25,0.8857,-1,-1,-1
372,30,433.17,422.12,167.10,360.56,0.8779,-1,-1,-1
372,38,257.60,439.73,140.92,323.63,0.8536,-1,-1,-1
372,39,125.84,439.96,142.66,381.99,0.8549,-1,-1,-1
372,24,932.69,411.52,157.96,521.81,0.8771,-1,-1,-1
373,3,1074.28,396.87,211.95,618.74,0.9009,-1,-1,-1
373,30,444.86,407.38,168.76,369.99,0.8562,-1,-1,-1
373,38,264.53,437.64,140.98,319.18,0.8244,-1,-1,-1
373,39,144.60,438.40,143.24,382.04,0.8693,-1,-1,-1
373,24,934.90,411.82,157.64,521.69,0.8752,-1,-1,-1
374,3,1074.24,398.01,212.36,617.68,0.8790,-1,-1,-1
374,30,457.27,403.48,165.96,369.80,0.8368,-1,-1,-1
374,38,273.27,438.51,139.39,311.92,0.8269,-1,-1,-1
374,39,155.98,436.97,143.81,381.74,0.8165,-1,-1,-1
374,24,937.40,411.50,157.52,522.35,0.8574,-1,-1,-1
375,3,1074.47,399.34,212.68,616.14,0.8683,-1,-1,-1
375,30,470.53,407.33,161.43,363.88,0.8152,-1,-1,-1
375,38,282.33,445.55,136.14,302.17,0.7623,-1,-1,-1
375,39,170.08,434.99,147.42,382.56,0.8047,-1,-1,-1
375,24,939.08,413.44,156.62,520.83,0.8635,-1,-1,-1
375,40,2.91,488.44,53.25,326.21,0.7034,-1,-1,-1
376,3,1075.03,399.65,213.36,615.31,0.8788,-1,-1,-1
376,30,477.36,404.12,160.39,365.37,0.5362,-1,-1,-1
376,38,283.17,440.87,139.01,307.12,0.7749,-1,-1,-1
376,24,939.92,413.64,155.95,521.18,0.8582,-1,-1,-1
376,40,8.17,482.68,54.32,330.38,0.8339,-1,-1,-1
377,3,1076.26,400.35,214.47,614.78,0.8790,-1,-1,-1
377,30,481.44,400.30,160.59,368.85,0.8365,-1,-1,-1
377,38,286.32,441.42,139.63,307.65,0.7415,-1,-1,-1
377,24,941.71,412.34,156.45,523.09,0.8488,-1,-1,-1
377,40,19.84,450.12,60.58,360.65,0.8410,-1,-1,-1
377,39,184.16,442.50,151.49,375.08,0.8608,-1,-1,-1
378,3,1075.82,399.10,215.80,616.28,0.8529,-1,-1,-1
378,38,291.16,440.75,139.54,309.28,0.7334,-1,-1,-1
378,24,944.47,412.45,156.12,522.43,0.8556,-1,-1,-1
378,40,33.91,432.43,66.22,377.04,0.8846,-1,-1,-1
378,39,185.14,443.06,157.33,373.83,0.8587,-1,-1,-1
379,3,1074.23,397.03,216.85,617.78,0.8921,-1,-1,-1
379,38,301.53,441.82,136.22,307.94,0.7617,-1,-1,-1
379,24,945.57,412.70,155.89,522.02,0.8627,-1,-1,-1
379,40,37.35,427.16,69.98,379.01,0.8856,-1,-1,-1
379,39,184.47,442.89,163.11,373.66,0.8708,-1,-1,-1
379,30,499.34,399.44,161.95,370.02,0.8131,-1,-1,-1
380,3,1073.73,395.40,217.72,619.27,0.8885,-1,-1,-1
380,38,308.42,445.80,131.60,305.57,0.6861,-1,-1,-1
380,24,946.88,409.70,156.48,523.74,0.8670,-1,-1,-1
380,40,44.52,428.27,74.61,376.97,0.8459,-1,-1,-1
380,39,187.21,445.14,167.55,370.20,0.9093,-1,-1,-1
380,30,513.61,399.40,161.23,370.02,0.6095,-1,-1,-1
381,3,1072.32,393.74,218.20,621.22,0.8657,-1,-1,-1
381,24,949.33,409.48,156.56,523.69,0.8474,-1,-1,-1
381,40,47.84,434.08,79.42,371.55,0.7920,-1,-1,-1
381,39,185.86,444.33,172.09,367.35,0.9204,-1,-1,-1
381,30,521.05,401.12,157.68,368.73,0.6489,-1,-1,-1
382,3,1074.81,396.52,217.86,618.72,0.8774,-1,-1,-1
382,24,951.69,412.92,156.29,521.79,0.8341,-1,-1,-1
382,40,48.91,436.16,85.41,369.01,0.8787,-1,-1,-1
382,39,187.09,444.47,175.65,365.81,0.8964,-1,-1,-1
382,30,527.74,403.28,154.96,366.05,0.7187,-1,-1,-1
382,38,320.00,442.82,128.26,306.36,0.7667,-1,-1,-1
383,3,1075.07,396.98,218.13,618.50,0.8877,-1,-1,-1
383,24,954.76,409.43,156.80,525.44,0.6209,-1,-1,-1
383,40,51.08,436.34,92.85,368.62,0.9209,-1,-1,-1
383,30,529.71,407.82,153.83,361.82,0.7634,-1,-1,-1
383,38,332.17,443.30,124.28,302.80,0.5794,-1,-1,-1
384,3,1075.11,396.81,218.50,618.79,0.8899,-1,-1,-1
384,24,956.76,406.79,156.56,528.69,0.5273,-1,-1,-1
384,40,51.16,435.09,101.08,370.20,0.9310,-1,-1,-1
384,30,532.14,406.25,154.92,363.50,0.8070,-1,-1,-1
384,38,347.94,455.87,116.51,288.96,0.6339,-1,-1,-1
384,39,199.46,440.07,178.47,370.32,0.8749,-1,-1,-1
385,3,1074.92,396.75,218.71,618.92,0.8564,-1,-1,-1
385,24,959.68,407.71,154.89,528.13,0.7381,-1,-1,-1
385,40,51.01,434.59,109.80,371.71,0.9201,-1,-1,-1
385,30,536.04,407.36,154.43,362.31,0.8280,-1,-1,-1
385,38,352.73,447.39,117.72,296.31,0.6699,-1,-1,-1
385,39,208.21,436.22,176.87,368.63,0.8846,-1,-1,-1
386,3,1074.69,397.03,218.78,619.09,0.8028,-1,-1,-1
386,24,960.19,406.67,154.64,528.95,0.7259,-1,-1,-1
386,40,47.69,433.56,118.39,374.39,0.9099,-1,-1,-1
386,30,540.54,406.96,154.36,362.25,0.8842,-1,-1,-1
386,38,363.93,440.69,120.51,303.52,0.8017,-1,-1,-1
386,39,219.94,436.93,172.11,364.86,0.8636,-1,-1,-1
386,41,731.05,471.48,48.39,129.80,0.6647,-1,-1,-1
387,3,1074.33,397.20,218.86,619.16,0.8398,-1,-1,-1
387,24,963.25,405.76,153.30,530.12,0.7051,-1,-1,-1
387,40,44.98,432.72,125.44,373.51,0.9097,-1,-1,-1
387,30,542.51,407.69,153.42,360.66,0.8770,-1,-1,-1
387,38,375.57,440.30,123.64,304.37,0.8650,-1,-1,-1
387,39,231.12,434.11,168.00,365.71,0.7157,-1,-1,-1
387,41,731.31,471.79,48.28,129.56,0.6758,-1,-1,-1
388,3,1072.57,396.63,222.63,619.65,0.8170,-1,-1,-1
388,24,964.82,407.43,150.97,528.24,0.6949,-1,-1,-1
388,40,46.62,431.40,131.17,373.58,0.8940,-1,-1,-1
388,30,544.89,408.73,151.18,356.57,0.8662,-1,-1,-1
388,38,382.45,440.87,127.36,304.73,0.8373,-1,-1,-1
388,39,246.71,436.45,159.78,361.48,0.8030,-1,-1,-1
388,41,731.05,470.89,48.96,131.59,0.6422,-1,-1,-1
389,3,1080.86,396.40,228.72,619.67,0.7716,-1,-1,-1
389,24,964.82,406.68,148.76,528.42,0.7424,-1,-1,-1
389,40,49.29,425.29,136.16,374.95,0.8746,-1,-1,-1
389,30,547.34,410.55,148.75,352.14,0.8600,-1,-1,-1
389,38,384.50,441.19,131.52,304.09,0.8445,-1,-1,-1
389,39,260.02,436.23,154.03,361.35,0.7540,-1,-1,-1
389,41,731.42,473.65,47.70,128.11,0.6470,-1,-1,-1
390,3,1086.60,396.41,234.94,620.08,0.8172,-1,-1,-1
390,24,966.58,405.50,146.63,530.04,0.7513,-1,-1,-1
390,40,54.25,428.57,137.68,369.20,0.8618,-1,-1,-1
390,30,551.59,411.95,146.46,348.50,0.8555,-1,-1,-1
390,38,388.03,441.58,135.02,302.89,0.8300,-1,-1,-1
390,39,272.24,439.27,147.32,356.98,0.5067,-1,-1,-1
390,41,731.10,476.24,47.52,127.50,0.5703,-1,-1,-1
391,3,1085.83,396.47,241.17,619.85,0.8181,-1,-1,-1
391,24,967.96,405.09,144.06,530.87,0.7604,-1,-1,-1
391,40,57.71,429.01,140.65,369.19,0.8287,-1,-1,-1
391,30,555.59,414.02,144.94,347.63,0.8561,-1,-1,-1
391,38,392.13,441.97,136.70,299.98,0.7917,-1,-1,-1
391,39,281.85,438.09,144.06,360.26,0.6346,-1,-1,-1
391,41,729.49,473.74,48.68,130.44,0.5420,-1,-1,-1
392,3,1082.95,397.16,246.66,619.78,0.8299,-1,-1,-1
392,24,969.96,405.65,141.94,531.04,0.7774,-1,-1,-1
392,40,64.49,431.31,140.68,364.51,0.8510,-1,-1,-1
392,30,560.04,411.10,144.93,352.59,0.8386,-1,-1,-1
392,38,398.94,441.09,137.12,298.26,0.7369,-1,-1,-1
392,39,295.60,436.60,142.85,362.54,0.7589,-1,-1,-1
392,41,728.65,470.58,49.72,133.25,0.5614,-1,-1,-1
393,3,1079.87,397.69,252.16,619.74,0.8520,-1,-1,-1
393,24,970.61,406.50,139.62,529.98,0.7480,-1,-1,-1
393,40,79.64,430.99,140.04,364.61,0.7407,-1,-1,-1
393,30,567.89,414.79,138.53,341.54,0.8480,-1,-1,-1
393,38,404.19,441.08,136.21,295.33,0.8088,-1,-1,-1
393,39,309.47,440.27,142.86,359.78,0.8837,-1,-1,-1
393,41,728.56,469.76,49.88,133.61,0.7031,-1,-1,-1
394,3,1067.31,397.78,253.05,619.68,0.7781,-1,-1,-1
394,24,972.61,408.46,136.81,527.68,0.7617,-1,-1,-1
394,40,78.91,428.98,143.35,367.42,0.8469,-1,-1,-1
394,30,572.61,412.45,135.85,340.66,0.8331,-1,-1,-1
394,38,411.19,442.95,134.56,291.79,0.7884,-1,-1,-1
394,39,315.15,442.75,143.69,358.76,0.8351,-1,-1,-1
394,41,728.43,475.23,48.60,129.44,0.7803,-1,-1,-1
395,3,1061.36,396.69,254.04,621.00,0.7913,-1,-1,-1
395,24,974.50,409.77,134.32,526.21,0.7217,-1,-1,-1
395,40,81.47,430.00,145.16,366.73,0.8527,-1,-1,-1
395,30,577.22,413.25,133.04,338.61,0.8451,-1,-1,-1
395,38,417.46,442.42,133.47,292.22,0.7788,-1,-1,-1
395,39,318.42,443.25,145.52,359.09,0.8232,-1,-1,-1
395,41,726.87,473.32,50.02,133.09,0.7813,-1,-1,-1
396,3,1069.66,396.99,257.12,621.36,0.8240,-1,-1,-1
396,24,974.48,411.50,132.21,523.22,0.6087,-1,-1,-1
396,40,94.78,439.96,141.24,356.30,0.7147,-1,-1,-1
396,30,584.57,422.79,126.83,324.74,0.8063,-1,-1,-1
396,38,425.95,445.08,129.31,288.19,0.7002,-1,-1,-1
396,39,321.73,441.58,148.33,359.20,0.8346,-1,-1,-1
396,41,724.19,466.72,53.26,141.86,0.7006,-1,-1,-1
397,3,1061.47,397.47,255.83,621.08,0.8550,-1,-1,-1
397,24,974.66,412.54,130.85,522.73,0.7170,-1,-1,-1
397,40,116.50,436.34,140.32,360.16,0.7695,-1,-1,-1
397,30,589.57,419.13,126.49,326.12,0.7956,-1,-1,-1
397,38,438.54,466.30,116.62,264.50,0.6797,-1,-1,-1
397,39,322.05,437.48,152.08,362.25,0.8497,-1,-1,-1
397,41,722.39,463.87,54.02,143.75,0.6851,-1,-1,-1
398,3,1059.19,398.04,254.48,621.18,0.8923,-1,-1,-1
398,24,973.98,413.64,129.66,521.40,0.7539,-1,-1,-1
398,40,129.23,436.20,138.90,359.67,0.8542,-1,-1,-1
398,30,597.02,424.29,123.46,318.14,0.8241,-1,-1,-1
398,38,437.41,446.76,122.42,284.88,0.7370,-1,-1,-1
398,39,325.31,439.32,153.36,358.06,0.8745,-1,-1,-1
398,41,721.13,461.29,54.95,146.28,0.5986,-1,-1,-1
399,3,1059.37,399.18,252.75,619.98,0.8946,-1,-1,-1
399,24,974.62,414.70,128.64,520.04,0.7631,-1,-1,-1
399,40,141.77,433.95,141.73,360.64,0.8462,-1,-1,-1
399,30,606.04,429.60,121.23,310.64,0.8021,-1,-1,-1
399,38,445.00,440.80,120.44,289.68,0.6251,-1,-1,-1
399,39,326.66,438.97,155.51,357.83,0.8816,-1,-1,-1
399,41,720.91,464.32,53.91,143.16,0.5303,-1,-1,-1
400,3,1060.30,399.24,251.45,620.38,0.9018,-1,-1,-1
400,24,975.00,414.92,127.73,519.53,0.7612,-1,-1,-1
400,40,152.43,433.98,144.97,359.19,0.8561,-1,-1,-1
400,30,610.92,426.41,123.77,314.39,0.7962,-1,-1,-1
400,38,453.20,440.06,116.62,289.13,0.7880,-1,-1,-1
400,39,326.29,436.22,158.45,359.58,0.8919,-1,-1,-1
401,3,1061.38,398.65,250.33,621.27,0.8957,-1,-1,-1
401,24,975.35,414.71,127.06,519.62,0.7528,-1,-1,-1
401,40,154.53,433.71,148.28,360.22,0.8825,-1,-1,-1
401,30,617.94,424.21,127.04,316.23,0.8372,-1,-1,-1
401,38,463.33,442.54,113.01,288.23,0.7809,-1,-1,-1
401,39,329.22,437.21,158.27,356.25,0.8612,-1,-1,-1
402,3,1062.41,398.37,248.79,621.85,0.8864,-1,-1,-1
402,24,975.55,415.52,126.28,519.42,0.7572,-1,-1,-1
402,40,156.27,435.33,149.77,357.78,0.8693,-1,-1,-1
402,30,624.53,415.25,132.98,325.98,0.8561,-1,-1,-1
402,38,473.30,451.77,106.84,276.73,0.7788,-1,-1,-1
402,39,336.84,441.10,155.43,350.31,0.8723,-1,-1,-1
402,44,907.53,438.35,62.47,169.40,0.6157,-1,-1,-1
403,3,1064.66,398.64,246.65,621.41,0.8886,-1,-1,-1
403,24,974.38,415.26,126.09,519.57,0.7073,-1,-1,-1
403,40,159.88,439.09,152.09,353.97,0.8876,-1,-1,-1
403,30,628.53,409.85,138.14,333.38,0.8780,-1,-1,-1
403,38,483.97,448.48,107.76,280.79,0.7129,-1,-1,-1
403,39,345.19,446.39,149.90,338.93,0.8110,-1,-1,-1
404,3,1066.55,398.86,245.06,622.08,0.8807,-1,-1,-1
404,24,972.85,415.96,125.93,518.83,0.6865,-1,-1,-1
404,40,164.00,438.45,154.71,353.32,0.8881,-1,-1,-1
404,30,634.62,407.85,141.57,336.08,0.8515,-1,-1,-1
404,38,495.43,445.03,110.20,283.16,0.7715,-1,-1,-1
404,39,351.74,443.23,148.99,339.83,0.7982,-1,-1,-1
404,44,896.29,449.77,58.37,159.01,0.6299,-1,-1,-1
405,3,1064.09,399.89,241.61,621.15,0.8836,-1,-1,-1
405,24,972.35,416.69,125.85,518.22,0.6779,-1,-1,-1
405,40,165.76,437.36,156.10,351.61,0.9056,-1,-1,-1
405,30,640.20,413.46,142.20,331.52,0.8389,-1,-1,-1
405,38,502.77,447.55,110.98,280.16,0.7837,-1,-1,-1
405,39,362.57,440.78,145.01,337.96,0.7940,-1,-1,-1
406,3,1062.21,398.40,239.18,622.73,0.8840,-1,-1,-1
406,24,970.27,416.63,126.24,518.22,0.6408,-1,-1,-1
406,40,167.85,436.34,157.03,351.43,0.8350,-1,-1,-1
406,30,645.14,421.68,141.28,322.92,0.8402,-1,-1,-1
406,38,506.59,450.59,111.16,276.75,0.7819,-1,-1,-1
406,39,376.74,438.43,140.12,336.47,0.8017,-1,-1,-1
407,3,1060.29,396.80,236.41,623.91,0.8869,-1,-1,-1
407,24,967.58,417.15,126.90,518.06,0.6727,-1,-1,-1
407,40,174.51,433.60,158.48,354.76,0.8828,-1,-1,-1
407,30,645.50,417.04,144.88,327.52,0.8676,-1,-1,-1
407,38,506.83,446.04,116.01,283.39,0.7972,-1,-1,-1
407,39,388.62,438.06,135.16,334.51,0.7521,-1,-1,-1
408,3,1058.23,396.92,233.03,623.58,0.8864,-1,-1,-1
408,24,968.21,416.90,127.22,518.46,0.6502,-1,-1,-1
408,40,183.83,435.13,155.30,349.85,0.8617,-1,-1,-1
408,30,648.36,419.59,144.74,324.81,0.8884,-1,-1,-1
408,38,513.17,446.33,117.57,281.36,0.8004,-1,-1,-1
408,39,396.29,437.51,131.54,333.71,0.6909,-1,-1,-1
409,3,1058.18,398.53,229.58,621.99,0.8816,-1,-1,-1
409,24,969.12,417.12,127.82,519.09,0.6565,-1,-1,-1
409,40,196.70,436.73,148.26,337.67,0.8299,-1,-1,-1
409,30,649.30,418.08,146.00,325.65,0.8948,-1,-1,-1
409,38,511.94,442.07,121.18,284.72,0.8281,-1,-1,-1
409,39,397.92,437.54,129.78,332.70,0.7477,-1,-1,-1
410,3,1056.42,399.13,226.43,621.48,0.8891,-1,-1,-1
410,24,967.89,418.72,128.00,517.13,0.7425,-1,-1,-1
410,40,211.69,434.41,144.93,336.96,0.8057,-1,-1,-1
410,30,649.25,412.29,148.98,331.40,0.8907,-1,-1,-1
410,38,516.91,440.11,121.12,283.18,0.8210,-1,-1,-1
410,39,410.11,438.50,128.39,331.64,0.7306,-1,-1,-1
411,3,1053.84,399.67,223.12,621.86,0.8938,-1,-1,-1
411,24,966.15,419.24,128.83,516.36,0.7635,-1,-1,-1
411,40,230.62,431.09,140.41,337.06,0.6340,-1,-1,-1
411,30,650.27,415.60,147.47,326.04,0.8849,-1,-1,-1
411,38,522.02,440.50,120.28,281.96,0.7868,-1,-1,-1
411,39,423.10,438.41,128.77,330.01,0.6054,-1,-1,-1
412,3,1054.73,400.92,219.00,618.59,0.9053,-1,-1,-1
412,24,967.10,419.78,129.34,516.25,0.7271,-1,-1,-1
412,40,244.41,429.16,137.26,339.34,0.8139,-1,-1,-1
412,30,648.54,408.10,151.07,333.43,0.8853,-1,-1,-1
412,38,526.97,438.84,119.72,283.56,0.7500,-1,-1,-1
412,39,425.66,437.96,131.60,329.72,0.7100,-1,-1,-1
412,45,431.51,435.60,136.43,333.42,0.6013,-1,-1,-1
413,3,1056.11,401.49,215.91,617.54,0.9037,-1,-1,-1
413,24,965.42,418.63,130.63,516.52,0.7796,-1,-1,-1
413,40,253.82,427.96,135.65,342.37,0.8360,-1,-1,-1
413,30,649.47,408.84,150.82,331.97,0.8736,-1,-1,-1
413,38,539.56,437.01,117.07,283.09,0.7090,-1,-1,-1
414,3,1055.14,402.68,213.49,616.56,0.9054,-1,-1,-1
414,24,967.07,419.14,131.07,515.63,0.6611,-1,-1,-1
414,40,260.81,425.89,134.90,346.50,0.8038,-1,-1,-1
414,30,654.23,420.60,145.65,320.07,0.8695,-1,-1,-1
414,38,547.45,438.09,114.56,282.29,0.7171,-1,-1,-1
414,39,447.07,437.76,134.66,329.43,0.7932,-1,-1,-1
415,3,1055.45,405.84,210.81,613.61,0.8997,-1,-1,-1
415,24,967.63,419.02,131.12,515.63,0.7357,-1,-1,-1
415,40,272.67,432.00,131.01,339.47,0.7768,-1,-1,-1
415,30,657.81,425.79,143.54,315.58,0.8589,-1,-1,-1
415,38,550.03,436.20,113.66,284.75,0.6700,-1,-1,-1
415,39,448.18,439.08,137.39,328.20,0.8204,-1,-1,-1
416,3,1055.88,409.71,208.55,609.75,0.9017,-1,-1,-1
416,24,967.51,418.37,131.04,515.85,0.7734,-1,-1,-1
416,40,281.43,435.68,127.76,334.47,0.8348,-1,-1,-1
416,30,665.07,431.87,139.00,307.50,0.8573,-1,-1,-1
416,38,557.08,434.62,111.55,286.38,0.7839,-1,-1,-1
416,39,447.42,440.79,139.59,326.91,0.8508,-1,-1,-1
417,3,1057.22,409.41,207.71,609.87,0.8836,-1,-1,-1
417,24,967.36,416.63,131.08,517.44,0.8229,-1,-1,-1
417,40,291.96,440.89,125.51,326.24,0.7247,-1,-1,-1
417,30,669.96,425.60,138.51,310.37,0.8656,-1,-1,-1
417,38,564.12,435.25,109.81,284.11,0.7285,-1,-1,-1
417,39,448.42,448.97,139.23,319.12,0.8539,-1,-1,-1
417,44,863.21,442.23,58.98,164.76,0.6710,-1,-1,-1
418,3,1056.51,406.74,207.86,612.15,0.8543,-1,-1,-1
418,24,968.79,416.09,130.86,518.68,0.7953,-1,-1,-1
418,40,297.85,440.53,127.89,327.32,0.7938,-1,-1,-1
418,30,673.21,413.19,140.33,319.89,0.8289,-1,-1,-1
418,38,575.26,435.23,108.07,282.66,0.7880,-1,-1,-1
418,39,447.14,445.72,141.48,321.30,0.8671,-1,-1,-1
418,44,861.70,445.01,55.82,159.83,0.5837,-1,-1,-1
419,3,1056.68,408.67,207.24,610.08,0.6402,-1,-1,-1
419,24,969.22,417.41,129.95,517.59,0.8084,-1,-1,-1
419,40,303.51,439.87,131.58,328.69,0.7592,-1,-1,-1
419,30,678.85,406.70,140.20,324.68,0.8618,-1,-1,-1
419,38,580.89,436.30,105.87,280.60,0.8108,-1,-1,-1
419,39,448.20,440.17,143.91,324.50,0.7946,-1,-1,-1
419,44,860.20,443.05,54.76,160.85,0.5795,-1,-1,-1
420,3,1058.21,410.08,207.82,608.77,0.8642,-1,-1,-1
420,24,968.17,415.27,129.50,519.90,0.6686,-1,-1,-1
420,40,306.99,443.27,133.08,325.18,0.8302,-1,-1,-1
420,30,684.68,405.41,137.90,324.79,0.8550,-1,-1,-1
420,38,583.76,436.93,105.27,280.19,0.8134,-1,-1,-1
420,39,450.26,438.71,145.28,327.20,0.8112,-1,-1,-1
421,3,1056.71,409.83,208.34,608.17,0.8537,-1,-1,-1
421,24,967.16,414.85,128.93,520.76,0.5717,-1,-1,-1
421,40,307.10,440.13,137.41,327.94,0.8425,-1,-1,-1
421,30,688.20,416.44,130.70,312.60,0.8040,-1,-1,-1
421,38,590.69,439.16,105.42,278.29,0.8078,-1,-1,-1
421,39,448.50,437.18,145.31,327.03,0.7971,-1,-1,-1
422,3,1051.99,406.36,209.96,612.15,0.8543,-1,-1,-1
422,40,312.88,440.40,141.75,326.57,0.8672,-1,-1,-1
422,30,694.81,432.28,121.97,295.11,0.7322,-1,-1,-1
422,38,599.27,440.57,106.23,276.96,0.8051,-1,-1,-1
422,39,453.86,436.03,143.89,327.24,0.7919,-1,-1,-1
423,3,1050.55,402.52,212.23,617.87,0.8536,-1,-1,-1
423,40,313.67,439.06,146.42,326.87,0.8671,-1,-1,-1
423,30,702.82,437.08,119.26,292.53,0.6792,-1,-1,-1
423,38,609.27,443.15,106.74,273.14,0.8004,-1,-1,-1
423,39,461.85,436.34,139.41,321.78,0.7968,-1,-1,-1
424,3,1050.30,398.25,214.50,624.37,0.6369,-1,-1,-1
424,40,316.78,437.87,148.72,326.42,0.8659,-1,-1,-1
424,30,705.01,432.26,119.82,297.99,0.7467,-1,-1,-1
424,38,617.37,443.28,109.20,272.67,0.8012,-1,-1,-1
424,39,468.81,435.87,135.96,318.67,0.8058,-1,-1,-1
425,40,321.61,438.67,149.48,324.79,0.8479,-1,-1,-1
425,30,710.25,422.21,122.46,306.42,0.8199,-1,-1,-1
425,38,621.71,452.25,108.15,263.15,0.7741,-1,-1,-1
425,39,478.56,437.49,131.87,315.90,0.7592,-1,-1,-1
425,44,848.44,448.42,51.41,152.64,0.6096,-1,-1,-1
426,40,325.89,435.40,151.21,328.84,0.8322,-1,-1,-1
426,30,711.68,413.23,124.85,314.66,0.8181,-1,-1,-1
426,38,622.42,451.61,111.05,264.05,0.7813,-1,-1,-1
426,39,496.06,438.20,127.65,313.86,0.7427,-1,-1,-1
426,44,845.93,446.68,51.02,154.38,0.6213,-1,-1,-1
427,40,332.12,433.75,150.06,326.72,0.8302,-1,-1,-1
427,30,714.73,410.31,124.72,317.93,0.8120,-1,-1,-1
427,38,620.78,453.48,112.50,262.32,0.7960,-1,-1,-1
427,39,503.45,438.18,124.73,314.36,0.7471,-1,-1,-1
428,40,342.18,435.06,145.45,319.75,0.8051,-1,-1,-1
428,30,720.63,417.48,121.53,310.81,0.7960,-1,-1,-1
428,38,616.89,448.21,116.08,267.03,0.7778,-1,-1,-1
428,39,500.70,437.19,124.85,317.30,0.7282,-1,-1,-1
428,24,972.84,433.29,121.19,489.46,0.6122,-1,-1,-1
429,40,356.50,435.96,140.36,315.17,0.8132,-1,-1,-1
429,30,727.15,431.16,116.37,296.52,0.7798,-1,-1,-1
429,38,620.16,442.30,117.88,272.31,0.7960,-1,-1,-1
429,39,516.00,439.86,121.74,314.58,0.6202,-1,-1,-1
430,40,365.10,438.74,134.59,308.81,0.8181,-1,-1,-1
430,30,730.16,432.00,116.66,295.66,0.7347,-1,-1,-1
430,38,629.56,441.82,116.16,272.11,0.6745,-1,-1,-1
430,39,531.78,440.36,121.28,314.42,0.5909,-1,-1,-1
430,24,974.69,443.03,119.24,481.26,0.6156,-1,-1,-1
431,40,372.97,439.91,130.23,304.79,0.8107,-1,-1,-1
431,30,730.90,434.12,116.77,294.24,0.7377,-1,-1,-1
431,38,636.22,441.57,113.62,270.50,0.5336,-1,-1,-1
431,39,542.83,442.64,121.07,311.87,0.7135,-1,-1,-1
431,24,975.75,440.46,119.95,483.74,0.6017,-1,-1,-1
432,40,377.22,441.54,128.75,306.22,0.7869,-1,-1,-1
432,30,730.50,427.58,118.76,298.82,0.6384,-1,-1,-1
432,39,549.95,441.70,123.46,314.05,0.7606,-1,-1,-1
432,24,977.08,444.92,119.77,482.12,0.6110,-1,-1,-1
432,49,1520.49,304.09,382.17,713.66,0.8173,-1,-1,-1
432,3,1178.80,407.20,137.07,395.98,0.6389,-1,-1,-1
433,40,385.03,442.68,126.71,305.32,0.7641,-1,-1,-1
433,30,733.22,429.78,117.90,296.00,0.6677,-1,-1,-1
433,39,553.54,442.05,125.97,314.14,0.7934,-1,-1,-1
433,24,979.35,430.78,123.70,496.75,0.6276,-1,-1,-1
433,49,1497.46,305.68,383.13,712.02,0.7171,-1,-1,-1
433,3,1191.75,409.35,135.90,386.99,0.7157,-1,-1,-1
434,40,392.59,442.64,125.25,305.48,0.7595,-1,-1,-1
434,30,735.22,421.60,121.22,305.56,0.6948,-1,-1,-1
434,39,555.09,442.67,127.33,313.24,0.8382,-1,-1,-1
434,24,984.67,423.56,127.68,512.02,0.7463,-1,-1,-1
434,49,1461.98,304.58,384.34,708.27,0.7259,-1,-1,-1
434,3,1200.21,407.42,121.12,337.47,0.5031,-1,-1,-1
435,30,739.48,424.86,118.82,301.17,0.7868,-1,-1,-1
435,39,555.34,442.47,129.75,315.40,0.8220,-1,-1,-1
435,24,989.55,419.18,124.75,493.57,0.8034,-1,-1,-1
435,3,1204.75,405.27,112.67,307.21,0.6473,-1,-1,-1
436,30,744.97,425.45,116.36,297.94,0.7341,-1,-1,-1
436,39,554.53,442.00,131.54,314.68,0.8323,-1,-1,-1
436,24,1002.46,419.02,110.65,419.69,0.7337,-1,-1,-1
436,3,1195.13,408.03,133.75,368.65,0.6612,-1,-1,-1
436,51,1086.82,411.31,169.06,412.24,0.6714,-1,-1,-1
436,40,405.05,439.23,125.02,307.52,0.6516,-1,-1,-1
436,49,1347.76,311.65,382.40,698.73,0.8270,-1,-1,-1
437,39,554.90,441.54,133.46,315.28,0.8345,-1,-1,-1
437,24,1009.58,420.86,109.44,401.88,0.7989,-1,-1,-1
437,3,1207.13,406.52,120.90,325.76,0.5502,-1,-1,-1
437,51,1086.12,404.68,177.40,433.51,0.7447,-1,-1,-1
437,40,412.55,441.76,124.26,306.94,0.8250,-1,-1,-1
437,49,1264.95,319.91,386.05,695.23,0.8317,-1,-1,-1
438,39,554.94,441.42,133.98,312.73,0.8378,-1,-1,-1
438,24,1011.67,422.80,112.81,404.90,0.8031,-1,-1,-1
438,51,1085.58,395.23,185.34,455.01,0.8801,-1,-1,-1
438,40,417.68,437.35,125.40,311.40,0.8644,-1,-1,-1
438,49,1213.28,326.40,387.58,695.53,0.6951,-1,-1,-1
438,30,756.50,414.51,116.62,306.05,0.6521,-1,-1,-1
439,39,556.04,441.18,134.63,311.61,0.8403,-1,-1,-1
439,24,1009.65,421.56,118.95,418.66,0.8074,-1,-1,-1
439,40,423.55,441.29,123.09,305.13,0.8421,-1,-1,-1
439,49,1160.03,336.04,387.77,695.19,0.7849,-1,-1,-1
439,30,763.95,429.41,108.88,289.31,0.6313,-1,-1,-1
440,39,556.26,441.38,135.43,311.28,0.8435,-1,-1,-1
440,40,427.75,439.67,122.49,304.10,0.8075,-1,-1,-1
440,49,1106.17,350.39,379.02,678.38,0.7697,-1,-1,-1
440,30,767.41,438.11,103.71,279.00,0.6763,-1,-1,-1
441,39,556.68,440.02,136.86,312.58,0.8440,-1,-1,-1
441,40,433.03,439.14,121.03,301.92,0.7791,-1,-1,-1
441,49,1045.64,358.79,374.59,671.37,0.7549,-1,-1,-1
441,30,768.73,434.74,102.06,278.69,0.6581,-1,-1,-1
441,38,704.78,448.66,108.89,263.21,0.6316,-1,-1,-1
442,39,561.82,439.48,135.87,310.60,0.8492,-1,-1,-1
442,40,435.80,437.61,121.62,306.84,0.7781,-1,-1,-1
442,49,996.23,365.40,365.73,657.69,0.7945,-1,-1,-1
442,30,770.92,429.67,101.96,281.48,0.6534,-1,-1,-1
442,38,711.99,449.36,110.14,263.53,0.5741,-1,-1,-1
442,3,1314.07,431.18,124.05,322.11,0.7802,-1,-1,-1
443,39,566.88,438.95,134.88,309.25,0.8568,-1,-1,-1
443,40,443.20,440.24,117.97,301.18,0.7762,-1,-1,-1
443,49,949.81,364.83,360.85,651.25,0.8492,-1,-1,-1
443,30,775.68,427.15,100.94,284.10,0.6642,-1,-1,-1
443,38,713.64,446.41,111.53,265.68,0.6034,-1,-1,-1
443,3,1324.08,433.25,127.78,324.27,0.7932,-1,-1,-1
443,51,1207.68,431.27,161.65,403.55,0.7177,-1,-1,-1
444,39,574.04,439.52,131.86,305.85,0.8153,-1,-1,-1
444,40,452.83,440.12,115.05,297.83,0.8110,-1,-1,-1
444,49,903.38,363.55,357.47,649.62,0.8397,-1,-1,-1
444,30,780.71,428.85,98.74,282.34,0.5709,-1,-1,-1
444,38,717.25,443.69,114.51,266.99,0.6830,-1,-1,-1
444,3,1326.69,433.25,130.93,328.85,0.7600,-1,-1,-1
444,51,1215.40,432.15,160.74,409.78,0.5209,-1,-1,-1
445,39,578.79,439.92,129.52,304.49,0.8090,-1,-1,-1
445,40,461.69,438.15,113.32,295.64,0.7887,-1,-1,-1
445,49,863.67,356.78,356.72,651.59,0.7663,-1,-1,-1
445,38,711.68,447.73,111.16,260.97,0.5452,-1,-1,-1
445,3,1331.59,433.14,130.92,327.95,0.7943,-1,-1,-1
446,39,588.51,438.91,126.61,305.05,0.7378,-1,-1,-1
446,40,467.61,436.54,111.51,291.66,0.5871,-1,-1,-1
446,49,828.91,347.80,352.59,649.56,0.7741,-1,-1,-1
446,38,712.93,451.88,108.78,255.52,0.5335,-1,-1,-1
446,3,1335.89,432.33,130.53,328.88,0.7693,-1,-1,-1
446,30,786.85,427.20,97.82,284.24,0.6153,-1,-1,-1
446,51,1133.88,423.83,230.34,599.67,0.7539,-1,-1,-1
447,39,595.19,436.31,124.70,306.61,0.7351,-1,-1,-1
447,40,472.60,433.65,111.19,292.35,0.7536,-1,-1,-1
447,49,790.19,338.24,351.74,651.13,0.7571,-1,-1,-1
447,3,1340.50,430.41,129.72,330.30,0.7342,-1,-1,-1
447,51,1121.09,418.29,242.99,644.11,0.7920,-1,-1,-1
448,39,595.64,435.95,123.98,307.60,0.6886,-1,-1,-1
448,40,481.68,435.39,105.78,279.15,0.6929,-1,-1,-1
448,49,756.27,335.72,347.12,645.24,0.7911,-1,-1,-1
448,3,1343.29,424.17,130.87,337.68,0.8131,-1,-1,-1
448,51,1120.01,419.01,244.72,659.36,0.7982,-1,-1,-1
449,39,612.74,436.14,119.83,305.63,0.6906,-1,-1,-1
449,40,484.29,437.53,106.04,280.10,0.8029,-1,-1,-1
449,49,723.33,334.22,344.37,641.94,0.7331,-1,-1,-1
449,3,1345.71,422.86,129.86,339.15,0.8275,-1,-1,-1
449,51,1120.27,424.73,239.39,657.87,0.5748,-1,-1,-1
449,24,1033.11,418.39,150.62,529.22,0.8082,-1,-1,-1
450,39,622.45,435.34,114.76,301.26,0.7637,-1,-1,-1
450,40,486.45,435.56,108.30,286.26,0.7854,-1,-1,-1
450,49,690.66,336.84,340.18,635.04,0.7338,-1,-1,-1
450,3,1350.06,421.18,129.28,340.20,0.8366,-1,-1,-1
450,51,1130.27,421.10,238.35,658.81,0.8403,-1,-1,-1
450,24,1036.44,416.03,152.81,536.98,0.7069,-1,-1,-1
451,39,630.63,438.15,110.82,298.87,0.7216,-1,-1,-1
451,40,493.92,433.91,111.50,290.55,0.7015,-1,-1,-1
451,49,655.06,341.08,339.72,636.27,0.7369,-1,-1,-1
451,3,1350.97,418.96,130.92,343.99,0.8000,-1,-1,-1
451,51,1139.35,419.41,242.01,660.69,0.8608,-1,-1,-1
451,24,1039.67,415.54,153.90,540.03,0.7966,-1,-1,-1
452,40,497.82,433.32,113.73,290.77,0.7800,-1,-1,-1
452,49,629.29,349.02,334.46,630.46,0.6994,-1,-1,-1
452,3,1357.76,418.12,131.00,345.35,0.8534,-1,-1,-1
452,51,1126.59,415.78,251.24,665.92,0.7365,-1,-1,-1
452,24,1042.55,416.36,154.51,540.23,0.7326,-1,-1,-1
453,40,502.45,435.54,113.74,286.48,0.7678,-1,-1,-1
453,49,586.40,359.37,350.85,661.75,0.6114,-1,-1,-1
453,3,1364.28,419.33,130.07,344.95,0.8827,-1,-1,-1
453,51,1156.34,414.53,252.88,658.02,0.8606,-1,-1,-1
453,24,1045.96,415.07,154.86,541.42,0.7096,-1,-1,-1
454,40,504.49,436.96,111.62,282.60,0.8209,-1,-1,-1
454,49,549.63,368.21,350.25,656.40,0.6919,-1,-1,-1
454,3,1369.09,420.34,130.17,346.33,0.8870,-1,-1,-1
454,51,1166.20,410.60,260.12,664.51,0.8601,-1,-1,-1
454,24,1048.93,414.56,155.24,542.04,0.7912,-1,-1,-1
455,40,508.25,448.26,103.99,266.69,0.7184,-1,-1,-1
455,49,512.94,382.57,343.95,637.35,0.6686,-1,-1,-1
455,3,1373.56,421.44,130.16,346.54,0.8942,-1,-1,-1
455,51,1169.19,418.28,262.73,660.49,0.7938,-1,-1,-1
455,24,1056.56,415.10,158.74,545.15,0.7675,-1,-1,-1
456,49,471.37,390.85,354.36,653.06,0.7396,-1,-1,-1
456,3,1377.50,420.65,132.07,351.38,0.8905,-1,-1,-1
456,51,1171.05,422.00,266.35,658.41,0.8195,-1,-1,-1
456,24,1060.73,416.76,160.33,544.62,0.7354,-1,-1,-1
456,30,801.09,417.61,100.35,291.55,0.6467,-1,-1,-1
457,49,427.78,394.22,349.97,638.94,0.7518,-1,-1,-1
457,3,1381.00,420.88,134.03,355.87,0.8992,-1,-1,-1
457,51,1163.54,413.73,271.62,666.79,0.8779,-1,-1,-1
457,24,1063.68,418.18,161.24,546.48,0.6641,-1,-1,-1
457,30,802.78,414.71,100.85,294.47,0.6588,-1,-1,-1
458,49,388.43,393.94,364.53,661.22,0.8004,-1,-1,-1
458,3,1387.53,421.64,135.14,359.29,0.8818,-1,-1,-1
458,51,1165.21,413.91,274.96,666.26,0.8996,-1,-1,-1
458,24,1068.64,418.81,160.06,543.47,0.7651,-1,-1,-1
458,30,807.06,415.65,99.27,292.93,0.7509,-1,-1,-1
458,39,677.41,441.14,104.77,290.63,0.6104,-1,-1,-1
459,49,351.38,389.07,375.65,678.29,0.8568,-1,-1,-1
459,3,1396.74,423.04,137.17,360.77,0.8812,-1,-1,-1
459,51,1170.64,415.49,278.67,663.83,0.8949,-1,-1,-1
459,24,1074.63,416.91,159.83,545.44,0.8312,-1,-1,-1
459,30,812.27,419.05,96.07,288.06,0.5886,-1,-1,-1
459,39,685.13,442.93,105.94,289.67,0.5379,-1,-1,-1
460,49,315.98,384.25,382.03,685.90,0.7371,-1,-1,-1
460,3,1407.08,424.44,139.97,361.67,0.8459,-1,-1,-1
460,51,1169.37,409.60,283.92,669.49,0.8827,-1,-1,-1
460,24,1082.51,417.47,159.51,547.48,0.8264,-1,-1,-1
460,30,818.33,422.49,93.68,282.24,0.5891,-1,-1,-1
460,39,682.07,440.23,111.09,294.60,0.7736,-1,-1,-1
461,49,283.55,377.07,388.50,695.80,0.8222,-1,-1,-1
461,3,1412.94,426.58,142.43,362.11,0.8932,-1,-1,-1
461,51,1169.92,407.72,287.18,670.38,0.9111,-1,-1,-1
461,24,1091.57,417.00,159.79,551.70,0.7520,-1,-1,-1
461,30,819.35,416.79,95.95,286.41,0.6135,-1,-1,-1
461,39,673.44,439.59,116.96,297.46,0.8354,-1,-1,-1
462,49,253.37,370.63,393.08,702.98,0.7890,-1,-1,-1
462,3,1416.00,428.80,144.68,362.78,0.8846,-1,-1,-1
462,51,1169.33,404.42,291.02,673.51,0.9107,-1,-1,-1
462,24,1098.45,415.50,160.00,554.74,0.7491,-1,-1,-1
462,30,815.96,412.88,98.48,291.25,0.6766,-1,-1,-1
462,39,674.19,440.17,118.46,296.96,0.7992,-1,-1,-1
462,40,555.41,435.22,104.82,276.14,0.6069,-1,-1,-1
463,49,238.33,363.08,394.99,710.08,0.8127,-1,-1,-1
463,3,1417.56,430.25,147.83,364.66,0.8903,-1,-1,-1
463,51,1170.00,401.63,293.74,676.32,0.8454,-1,-1,-1
463,24,1102.38,411.56,160.28,558.55,0.7473,-1,-1,-1
463,30,814.84,411.01,100.76,292.90,0.6641,-1,-1,-1
463,39,675.77,439.87,117.90,295.71,0.7973,-1,-1,-1
463,40,560.79,433.13,103.65,276.56,0.7585,-1,-1,-1
464,49,216.19,358.57,396.41,714.49,0.8590,-1,-1,-1
464,3,1420.68,427.47,151.07,370.18,0.9097,-1,-1,-1
464,51,1172.42,400.25,294.40,676.78,0.8443,-1,-1,-1
464,24,1105.82,406.58,162.39,565.03,0.8091,-1,-1,-1
464,30,815.98,411.40,102.77,293.32,0.7190,-1,-1,-1
464,39,680.12,439.63,115.91,292.22,0.7901,-1,-1,-1
464,40,567.69,431.83,101.39,274.68,0.6303,-1,-1,-1
465,49,195.38,360.91,394.35,709.50,0.8264,-1,-1,-1
465,3,1424.67,425.42,152.99,374.88,0.8951,-1,-1,-1
465,51,1178.68,400.65,294.00,677.85,0.8733,-1,-1,-1
465,24,1110.54,411.51,160.21,557.48,0.7546,-1,-1,-1
465,30,820.44,412.35,102.80,292.75,0.7271,-1,-1,-1
465,39,685.06,439.39,115.03,291.50,0.7282,-1,-1,-1
465,40,567.27,430.44,102.30,276.12,0.5710,-1,-1,-1
466,49,163.44,366.52,392.55,703.92,0.7757,-1,-1,-1
466,3,1432.14,425.58,152.21,376.58,0.8786,-1,-1,-1
466,51,1187.34,401.24,291.29,677.02,0.8520,-1,-1,-1
466,24,1112.30,418.42,159.13,551.22,0.7864,-1,-1,-1
466,30,823.60,409.55,104.12,296.47,0.7741,-1,-1,-1
466,39,700.48,439.08,113.94,290.23,0.7229,-1,-1,-1
466,40,566.48,429.90,103.33,277.47,0.7733,-1,-1,-1
467,49,137.38,369.82,392.51,701.39,0.8827,-1,-1,-1
467,3,1439.50,423.03,151.37,379.91,0.8738,-1,-1,-1
467,51,1202.75,400.73,285.33,670.63,0.7765,-1,-1,-1
467,24,1116.97,422.68,160.32,549.72,0.7487,-1,-1,-1
467,30,825.55,407.26,104.43,299.46,0.7742,-1,-1,-1
467,39,711.66,439.59,111.96,290.91,0.7851,-1,-1,-1
467,40,570.10,427.93,102.72,278.53,0.8108,-1,-1,-1
468,49,115.22,372.83,391.36,700.40,0.8638,-1,-1,-1
468,3,1450.66,419.71,150.44,383.40,0.8921,-1,-1,-1
468,51,1222.16,401.68,280.08,667.82,0.6552,-1,-1,-1
468,24,1120.35,422.89,164.22,558.45,0.8304,-1,-1,-1
468,30,827.19,405.66,103.98,300.42,0.7753,-1,-1,-1
468,39,710.28,438.77,111.76,292.12,0.5934,-1,-1,-1
468,40,572.66,432.37,100.16,272.49,0.8301,-1,-1,-1
469,49,81.63,380.23,385.59,689.05,0.7680,-1,-1,-1
469,3,1458.75,415.57,149.21,387.70,0.8734,-1,-1,-1
469,51,1235.96,401.10,278.03,671.34,0.8518,-1,-1,-1
469,24,1120.88,421.70,166.32,564.84,0.8220,-1,-1,-1
469,30,829.16,406.63,102.55,299.15,0.7903,-1,-1,-1
469,39,710.94,437.36,112.23,294.03,0.7177,-1,-1,-1
469,40,575.87,434.69,98.61,269.25,0.8185,-1,-1,-1
470,49,56.71,387.49,382.43,680.80,0.8249,-1,-1,-1
470,3,1467.57,412.85,147.29,389.99,0.8974,-1,-1,-1
470,51,1250.60,403.77,273.90,670.52,0.7096,-1,-1,-1
470,30,829.56,408.48,101.20,297.92,0.7868,-1,-1,-1
470,39,717.37,436.31,113.21,294.55,0.6959,-1,-1,-1
470,40,579.34,437.71,97.52,267.83,0.8256,-1,-1,-1
471,49,34.05,395.57,381.81,672.82,0.8604,-1,-1,-1
471,3,1475.16,410.39,145.30,392.49,0.8873,-1,-1,-1
471,51,1262.06,404.14,267.80,669.25,0.6494,-1,-1,-1
471,30,832.29,413.48,98.80,292.36,0.7653,-1,-1,-1
471,39,727.09,435.92,115.35,296.50,0.6966,-1,-1,-1
471,40,582.41,445.54,95.53,262.45,0.8117,-1,-1,-1
471,24,1129.24,421.82,171.21,581.14,0.7154,-1,-1,-1
472,49,9.06,401.47,380.45,667.62,0.8075,-1,-1,-1
472,3,1481.84,409.46,143.67,395.05,0.8876,-1,-1,-1
472,51,1263.11,400.32,262.84,670.27,0.6977,-1,-1,-1
472,30,833.53,413.35,97.89,291.64,0.7571,-1,-1,-1
472,39,738.12,437.02,115.01,294.65,0.7294,-1,-1,-1
472,40,585.59,446.02,95.42,261.71,0.8346,-1,-1,-1
472,24,1133.00,420.87,171.97,585.35,0.8039,-1,-1,-1
473,49,-3.14,403.41,381.31,667.29,0.6668,-1,-1,-1
473,3,1489.32,410.51,140.56,392.22,0.8800,-1,-1,-1
473,51,1288.45,398.95,258.53,672.47,0.6693,-1,-1,-1
473,30,834.79,414.34,97.23,291.93,0.7147,-1,-1,-1
473,39,742.56,438.29,114.39,292.26,0.7578,-1,-1,-1
473,40,588.20,441.58,97.03,266.01,0.8156,-1,-1,-1
473,24,1137.07,421.71,172.00,586.67,0.8404,-1,-1,-1
474,49,-22.50,401.77,379.42,671.28,0.6499,-1,-1,-1
474,3,1496.37,410.80,138.78,391.10,0.8649,-1,-1,-1
474,51,1302.95,398.30,253.96,672.93,0.7253,-1,-1,-1
474,30,834.07,413.74,96.49,291.48,0.6974,-1,-1,-1
474,39,742.84,439.12,114.79,290.84,0.7746,-1,-1,-1
474,40,590.60,439.79,97.70,267.51,0.8221,-1,-1,-1
474,24,1141.71,421.78,171.64,587.81,0.8520,-1,-1,-1
475,49,-28.54,399.78,376.78,673.82,0.7633,-1,-1,-1
475,3,1504.70,411.63,138.06,390.97,0.8605,-1,-1,-1
475,51,1308.88,398.64,250.31,673.46,0.7537,-1,-1,-1
475,30,839.96,414.64,94.69,288.79,0.5523,-1,-1,-1
475,39,743.21,437.12,116.33,293.56,0.7733,-1,-1,-1
475,40,593.03,441.08,97.48,266.13,0.8256,-1,-1,-1
475,24,1145.97,421.95,171.44,588.33,0.8769,-1,-1,-1
476,49,-45.29,395.59,368.29,675.22,0.5484,-1,-1,-1
476,3,1518.39,413.27,140.17,391.81,0.8516,-1,-1,-1
476,30,839.48,415.98,92.18,287.24,0.6858,-1,-1,-1
476,39,743.86,437.17,117.00,294.23,0.7885,-1,-1,-1
476,40,597.67,443.74,96.78,262.15,0.8464,-1,-1,-1
476,24,1148.68,421.31,171.22,588.85,0.8735,-1,-1,-1
477,49,-44.08,391.24,364.01,680.28,0.8214,-1,-1,-1
477,3,1528.16,411.71,145.49,398.22,0.8906,-1,-1,-1
477,30,840.54,416.95,89.98,285.07,0.6950,-1,-1,-1
477,39,744.23,438.70,116.62,293.22,0.7677,-1,-1,-1
477,40,602.39,443.81,96.71,260.78,0.8185,-1,-1,-1
477,24,1151.84,420.96,171.49,589.28,0.8775,-1,-1,-1
478,49,-48.62,384.67,358.02,685.93,0.5597,-1,-1,-1
478,3,1539.39,409.32,150.35,401.24,0.9011,-1,-1,-1
478,30,841.64,416.09,88.58,285.56,0.6178,-1,-1,-1
478,39,744.26,438.54,116.83,294.26,0.6886,-1,-1,-1
478,40,611.05,444.53,95.16,258.03,0.7737,-1,-1,-1
478,24,1156.59,421.02,171.35,589.25,0.8788,-1,-1,-1
478,51,1324.61,395.44,242.79,665.85,0.7110,-1,-1,-1
479,49,-51.52,382.52,349.08,687.21,0.7737,-1,-1,-1
479,3,1549.70,410.68,155.92,403.66,0.9166,-1,-1,-1
479,30,843.57,416.00,86.62,284.59,0.6708,-1,-1,-1
479,39,749.16,439.80,115.28,292.99,0.5439,-1,-1,-1
479,24,1160.75,421.55,171.13,589.37,0.8842,-1,-1,-1
479,51,1331.89,396.89,242.24,671.73,0.8307,-1,-1,-1
480,3,1556.22,413.88,161.63,407.82,0.9071,-1,-1,-1
480,30,845.36,414.40,85.47,285.49,0.7481,-1,-1,-1
480,39,755.48,436.80,114.04,293.92,0.6420,-1,-1,-1
480,24,1163.56,416.20,171.45,593.91,0.7429,-1,-1,-1
480,51,1340.69,401.07,241.45,671.41,0.8799,-1,-1,-1
480,40,616.67,438.72,95.72,261.61,0.6390,-1,-1,-1
481,3,1561.87,419.15,165.01,405.79,0.8793,-1,-1,-1
481,30,847.15,414.75,83.98,285.19,0.7472,-1,-1,-1
481,39,764.96,439.59,109.73,287.01,0.6943,-1,-1,-1
481,24,1169.33,417.43,170.59,593.53,0.8262,-1,-1,-1
481,51,1348.57,396.68,244.92,678.29,0.8902,-1,-1,-1
481,54,899.29,440.50,105.92,242.12,0.7649,-1,-1,-1
481,40,623.86,435.38,96.15,264.12,0.7418,-1,-1,-1
481,49,-57.39,406.88,325.48,664.24,0.7635,-1,-1,-1
482,3,1566.16,419.38,169.45,408.24,0.8832,-1,-1,-1
482,30,849.23,414.87,82.37,283.82,0.7390,-1,-1,-1
482,39,773.06,439.30,106.68,283.72,0.6288,-1,-1,-1
482,24,1170.89,412.75,170.85,598.76,0.6055,-1,-1,-1
482,51,1357.67,394.44,247.18,680.78,0.9080,-1,-1,-1
482,54,902.20,443.46,104.40,238.66,0.7850,-1,-1,-1
482,40,628.08,433.93,95.95,266.22,0.7003,-1,-1,-1
482,49,-49.23,454.77,292.53,616.62,0.7292,-1,-1,-1
483,3,1567.64,418.83,172.94,412.17,0.8922,-1,-1,-1
483,30,849.16,416.27,80.96,283.75,0.7031,-1,-1,-1
483,39,780.69,438.90,105.19,285.95,0.6980,-1,-1,-1
483,24,1176.46,411.59,169.97,599.19,0.7576,-1,-1,-1
483,51,1365.03,392.75,249.40,681.75,0.8712,-1,-1,-1
483,54,904.27,445.20,103.43,236.83,0.7713,-1,-1,-1
483,40,630.36,433.00,95.89,265.04,0.7403,-1,-1,-1
483,49,-42.51,501.56,262.37,570.31,0.7346,-1,-1,-1
484,3,1571.33,416.96,176.45,418.72,0.8876,-1,-1,-1
484,30,852.99,425.75,77.04,274.32,0.7528,-1,-1,-1
484,39,785.26,438.18,104.14,289.48,0.7464,-1,-1,-1
484,24,1183.76,414.47,168.41,596.79,0.8157,-1,-1,-1
484,51,1369.63,392.27,252.21,682.72,0.9126,-1,-1,-1
484,54,905.78,444.03,104.15,239.28,0.7107,-1,-1,-1
484,40,634.47,433.98,95.97,263.46,0.7633,-1,-1,-1
485,3,1577.72,414.74,178.23,423.59,0.8920,-1,-1,-1
485,30,854.29,424.33,75.15,273.22,0.6318,-1,-1,-1
485,39,790.39,437.38,102.38,288.82,0.7346,-1,-1,-1
485,24,1190.59,417.68,167.21,594.08,0.8340,-1,-1,-1
485,51,1372.02,394.02,254.10,680.28,0.9046,-1,-1,-1
485,40,637.89,433.59,97.59,262.75,0.7637,-1,-1,-1
486,3,1583.96,414.97,178.33,425.00,0.8919,-1,-1,-1
486,39,796.82,437.47,102.09,288.59,0.6470,-1,-1,-1
486,24,1196.42,418.15,166.63,593.28,0.8392,-1,-1,-1
486,51,1372.97,395.04,256.75,678.79,0.8889,-1,-1,-1
486,40,641.64,433.62,100.00,262.93,0.8089,-1,-1,-1
486,49,-38.41,566.66,189.33,431.03,0.6461,-1,-1,-1
486,54,906.93,441.55,103.74,239.50,0.7574,-1,-1,-1
487,3,1588.96,417.84,176.00,421.93,0.8645,-1,-1,-1
487,39,799.21,437.59,100.48,286.18,0.5647,-1,-1,-1
487,24,1204.84,417.47,168.28,594.27,0.8289,-1,-1,-1
487,51,1372.27,395.75,259.25,678.02,0.8948,-1,-1,-1
487,40,644.71,433.75,102.46,262.19,0.7655,-1,-1,-1
487,54,910.56,441.42,103.12,239.82,0.7338,-1,-1,-1
488,3,1594.40,419.77,174.02,420.07,0.8639,-1,-1,-1
488,39,808.33,438.57,103.56,287.64,0.5610,-1,-1,-1
488,24,1208.97,418.35,169.33,592.71,0.8379,-1,-1,-1
488,51,1374.25,398.94,261.36,674.65,0.8676,-1,-1,-1
488,40,646.57,433.44,104.61,262.03,0.7683,-1,-1,-1
488,54,914.71,446.83,100.21,234.63,0.5857,-1,-1,-1
488,49,-32.37,645.18,132.88,320.94,0.6049,-1,-1,-1
489,3,1599.21,414.18,174.67,426.95,0.8598,-1,-1,-1
489,24,1211.33,418.99,170.53,592.01,0.8518,-1,-1,-1
489,51,1374.28,394.68,265.32,677.84,0.8516,-1,-1,-1
489,40,649.68,435.18,105.98,260.55,0.7938,-1,-1,-1
489,54,916.64,440.49,101.97,241.09,0.6347,-1,-1,-1
490,3,1604.35,412.16,174.01,431.84,0.8536,-1,-1,-1
490,24,1212.72,418.63,172.23,592.49,0.8487,-1,-1,-1
490,51,1369.32,395.06,264.45,675.72,0.7944,-1,-1,-1
490,40,650.59,435.50,108.09,261.67,0.8585,-1,-1,-1
490,54,922.83,439.37,100.43,241.42,0.5993,-1,-1,-1
491,3,1603.65,409.87,170.16,433.12,0.8184,-1,-1,-1
491,24,1213.31,418.83,173.64,592.66,0.8658,-1,-1,-1
491,51,1366.57,397.13,262.34,671.20,0.6752,-1,-1,-1
491,40,652.10,435.60,109.96,263.22,0.8539,-1,-1,-1
491,54,930.61,436.58,98.91,243.14,0.6166,-1,-1,-1
492,3,1611.62,409.13,167.29,437.92,0.7919,-1,-1,-1
492,24,1214.73,418.41,175.77,593.19,0.8590,-1,-1,-1
492,40,652.83,435.74,111.83,264.54,0.8329,-1,-1,-1
492,54,939.22,436.37,97.01,243.20,0.7022,-1,-1,-1
492,39,824.77,444.01,105.89,281.72,0.7649,-1,-1,-1
493,3,1619.74,409.56,165.11,440.16,0.7193,-1,-1,-1
493,24,1215.13,420.79,177.01,590.89,0.8654,-1,-1,-1
493,40,655.96,438.75,111.33,262.11,0.7403,-1,-1,-1
493,54,945.32,437.12,95.37,243.09,0.7789,-1,-1,-1
493,39,825.33,444.78,109.39,280.24,0.7627,-1,-1,-1
494,3,1627.17,410.18,153.25,412.31,0.7680,-1,-1,-1
494,24,1218.76,421.83,179.18,589.02,0.8717,-1,-1,-1
494,40,657.89,439.87,111.33,260.90,0.8471,-1,-1,-1
494,54,948.05,439.15,93.60,241.64,0.7424,-1,-1,-1
494,39,825.50,445.63,113.09,280.29,0.7882,-1,-1,-1
494,51,1353.83,409.62,191.66,510.00,0.6387,-1,-1,-1
495,3,1634.93,406.23,163.24,440.31,0.7893,-1,-1,-1
495,24,1221.93,421.82,182.22,589.33,0.8521,-1,-1,-1
495,40,657.74,439.05,112.40,261.70,0.8528,-1,-1,-1
495,54,955.65,439.60,93.49,241.73,0.6743,-1,-1,-1
495,39,828.19,444.02,115.80,281.78,0.7489,-1,-1,-1
495,51,1353.10,410.83,179.57,496.86,0.5459,-1,-1,-1
496,3,1648.82,405.52,156.08,412.87,0.5799,-1,-1,-1
496,24,1223.83,420.24,185.91,591.26,0.8679,-1,-1,-1
496,40,658.27,438.12,112.97,263.31,0.8576,-1,-1,-1
496,54,963.91,439.45,94.88,242.54,0.7729,-1,-1,-1
496,39,829.54,442.09,118.78,285.09,0.7660,-1,-1,-1
496,51,1350.49,414.53,183.37,529.18,0.6872,-1,-1,-1
497,3,1640.55,405.82,169.42,454.88,0.8696,-1,-1,-1
497,24,1225.98,419.74,189.31,591.37,0.8983,-1,-1,-1
497,40,660.95,434.99,113.56,267.46,0.8509,-1,-1,-1
497,54,970.01,441.55,95.67,240.04,0.8026,-1,-1,-1
497,39,832.13,443.26,119.63,285.36,0.8057,-1,-1,-1
497,51,1369.14,419.66,162.92,479.75,0.7463,-1,-1,-1
498,3,1644.27,409.03,171.54,464.96,0.8147,-1,-1,-1
498,24,1228.16,417.49,192.80,593.63,0.8905,-1,-1,-1
498,40,664.25,433.07,112.91,269.97,0.8484,-1,-1,-1
498,54,974.73,440.62,97.68,241.17,0.8056,-1,-1,-1
498,39,836.42,443.98,118.82,283.71,0.7657,-1,-1,-1
498,51,1372.10,415.61,168.85,510.35,0.6590,-1,-1,-1
498,60,1405.40,376.76,291.85,694.51,0.7064,-1,-1,-1
499,3,1661.35,408.44,175.70,469.29,0.8933,-1,-1,-1
499,24,1230.76,414.97,195.22,596.48,0.8877,-1,-1,-1
499,40,667.82,435.49,110.15,266.79,0.8365,-1,-1,-1
499,54,979.27,440.89,100.14,242.31,0.7792,-1,-1,-1
499,39,845.67,443.47,117.34,284.46,0.7889,-1,-1,-1
499,51,1375.90,410.48,170.63,526.52,0.6363,-1,-1,-1
499,60,1413.27,377.87,291.13,693.88,0.7374,-1,-1,-1
500,3,1672.71,412.91,179.31,471.85,0.8844,-1,-1,-1
500,24,1235.01,415.85,196.06,596.04,0.8399,-1,-1,-1
500,40,669.86,434.15,109.15,268.08,0.8296,-1,-1,-1
500,54,979.98,443.25,101.21,240.34,0.7924,-1,-1,-1
500,39,849.53,440.54,116.26,284.96,0.7231,-1,-1,-1
500,51,1382.04,410.88,170.86,534.34,0.7141,-1,-1,-1
500,60,1432.00,380.14,285.54,682.59,0.6696,-1,-1,-1
500,61,234.32,481.46,111.29,221.89,0.7499,-1,-1,-1
501,3,1689.11,415.39,184.16,474.19,0.8907,-1,-1,-1
501,24,1243.52,415.49,197.20,598.50,0.8266,-1,-1,-1
501,40,674.01,433.65,107.37,268.04,0.7927,-1,-1,-1
501,54,979.58,451.20,99.96,232.31,0.8151,-1,-1,-1
501,39,852.49,438.62,115.73,286.22,0.7522,-1,-1,-1
501,60,1470.27,377.42,248.56,595.54,0.5805,-1,-1,-1
501,61,225.41,480.93,111.36,222.19,0.6808,-1,-1,-1
502,3,1698.86,414.03,188.22,477.26,0.9131,-1,-1,-1
502,24,1252.69,417.26,196.32,596.41,0.8566,-1,-1,-1
502,40,681.01,434.92,104.31,266.27,0.7638,-1,-1,-1
502,54,979.36,451.42,101.09,231.87,0.8081,-1,-1,-1
502,39,856.13,439.10,115.16,286.60,0.7111,-1,-1,-1
502,60,1473.32,379.04,272.62,659.28,0.6486,-1,-1,-1
502,61,218.34,483.63,111.05,221.70,0.6973,-1,-1,-1
502,51,1382.47,409.32,174.18,550.45,0.7181,-1,-1,-1
503,3,1704.81,412.98,192.62,483.09,0.9027,-1,-1,-1
503,24,1265.29,416.99,195.59,601.15,0.8256,-1,-1,-1
503,40,683.52,434.08,103.21,267.24,0.7808,-1,-1,-1
503,54,981.61,447.85,102.83,235.43,0.7643,-1,-1,-1
503,39,861.19,439.32,114.73,287.27,0.7581,-1,-1,-1
503,60,1480.00,376.15,277.49,679.71,0.7940,-1,-1,-1
503,61,207.14,484.44,115.86,231.72,0.6644,-1,-1,-1
503,51,1383.92,410.32,174.48,554.85,0.6125,-1,-1,-1
504,3,1709.96,412.33,197.99,493.26,0.8735,-1,-1,-1
504,24,1277.69,416.70,193.55,604.14,0.7687,-1,-1,-1
504,40,686.20,434.56,101.63,266.72,0.7798,-1,-1,-1
504,54,984.97,445.88,102.77,238.08,0.6934,-1,-1,-1
504,39,869.97,440.14,113.00,285.30,0.5818,-1,-1,-1
504,60,1489.35,373.04,278.59,691.08,0.8048,-1,-1,-1
504,61,191.52,482.17,117.99,236.24,0.7344,-1,-1,-1
504,51,1389.28,410.80,173.08,554.17,0.6950,-1,-1,-1
505,3,1715.10,410.47,200.87,499.57,0.8550,-1,-1,-1
505,24,1287.49,412.94,192.93,611.49,0.8157,-1,-1,-1
505,40,688.90,435.86,100.40,265.72,0.8496,-1,-1,-1
505,54,993.51,454.59,97.59,228.96,0.7615,-1,-1,-1
505,39,883.29,442.02,111.78,280.61,0.6607,-1,-1,-1
505,60,1497.50,372.60,278.13,698.60,0.8556,-1,-1,-1
505,61,178.04,481.83,119.49,239.97,0.7399,-1,-1,-1
505,51,1400.07,421.68,167.93,542.80,0.6530,-1,-1,-1
506,3,1721.11,405.75,202.92,506.47,0.9050,-1,-1,-1
506,24,1294.53,413.15,192.94,621.23,0.7058,-1,-1,-1
506,40,694.35,435.00,99.68,266.52,0.8061,-1,-1,-1
506,54,1002.69,461.12,92.94,221.89,0.7537,-1,-1,-1
506,39,897.09,450.31,109.82,273.16,0.6869,-1,-1,-1
506,60,1502.43,372.20,275.35,701.27,0.8208,-1,-1,-1
506,61,164.85,483.50,118.58,238.82,0.7445,-1,-1,-1
506,51,1417.21,422.98,161.73,535.97,0.7033,-1,-1,-1
506,30,865.14,413.89,76.92,286.96,0.6647,-1,-1,-1
507,3,1727.75,402.58,202.39,510.03,0.9084,-1,-1,-1
507,24,1299.96,414.13,192.09,628.58,0.7856,-1,-1,-1
507,40,700.03,434.85,99.22,265.96,0.8100,-1,-1,-1
507,39,904.50,452.48,109.56,269.63,0.7746,-1,-1,-1
507,60,1507.60,374.16,271.35,700.77,0.8069,-1,-1,-1
507,61,150.12,482.08,120.12,242.35,0.7785,-1,-1,-1
507,51,1426.93,419.74,158.76,540.53,0.6944,-1,-1,-1
507,30,865.97,414.26,75.44,286.82,0.7105,-1,-1,-1
508,3,1732.16,399.71,200.94,513.24,0.8822,-1,-1,-1
508,40,709.19,436.17,97.52,263.50,0.7984,-1,-1,-1
508,39,909.68,452.32,112.12,269.90,0.7822,-1,-1,-1
508,60,1511.99,374.19,268.37,700.37,0.8077,-1,-1,-1
508,61,138.30,482.34,120.27,242.23,0.7613,-1,-1,-1
508,51,1435.65,415.32,154.28,538.05,0.7513,-1,-1,-1
508,30,867.63,414.78,74.35,284.57,0.6835,-1,-1,-1
509,3,1738.94,397.81,197.55,513.31,0.8556,-1,-1,-1
509,40,714.80,439.33,96.54,260.33,0.6544,-1,-1,-1
509,39,910.43,446.29,117.15,277.44,0.8070,-1,-1,-1
509,60,1515.42,374.56,264.31,698.09,0.7535,-1,-1,-1
509,61,125.28,479.00,122.45,247.06,0.7504,-1,-1,-1
509,51,1442.16,409.41,156.24,559.59,0.7318,-1,-1,-1
509,30,869.07,419.75,71.99,278.94,0.6155,-1,-1,-1
510,3,1750.12,394.60,190.09,505.28,0.8783,-1,-1,-1
510,40,720.15,438.37,98.88,261.11,0.7708,-1,-1,-1
510,39,910.10,444.29,120.12,280.65,0.8001,-1,-1,-1
510,60,1532.95,379.21,261.70,695.05,0.6078,-1,-1,-1
510,61,110.05,476.83,122.45,246.30,0.7156,-1,-1,-1
510,51,1451.79,406.80,156.26,572.53,0.6745,-1,-1,-1
510,30,870.23,416.31,72.01,281.95,0.6368,-1,-1,-1
510,24,1334.20,414.36,199.28,641.20,0.8687,-1,-1,-1
511,3,1757.37,392.77,185.85,506.78,0.8512,-1,-1,-1
511,40,721.67,439.37,100.35,260.28,0.8067,-1,-1,-1
511,39,913.38,444.38,123.41,281.34,0.8009,-1,-1,-1
511,60,1546.81,375.31,264.75,698.52,0.7472,-1,-1,-1
511,61,97.87,476.07,124.50,250.30,0.5872,-1,-1,-1
511,51,1457.83,407.46,151.89,568.60,0.6674,-1,-1,-1
511,24,1340.11,415.22,204.33,644.07,0.8896,-1,-1,-1
512,3,1763.03,394.00,181.16,507.15,0.8394,-1,-1,-1
512,40,723.42,437.85,101.83,261.35,0.8259,-1,-1,-1
512,39,913.03,442.49,126.99,283.92,0.8075,-1,-1,-1
512,60,1542.11,375.34,261.61,696.51,0.6673,-1,-1,-1
512,51,1463.18,410.75,145.51,553.07,0.7305,-1,-1,-1
512,24,1340.90,418.42,208.27,643.28,0.8946,-1,-1,-1
512,54,1031.72,449.23,94.64,230.11,0.6645,-1,-1,-1
513,3,1772.67,389.82,176.70,512.80,0.7240,-1,-1,-1
513,40,725.72,437.46,103.48,261.61,0.8219,-1,-1,-1
513,39,912.69,441.72,129.83,284.87,0.8078,-1,-1,-1
513,51,1468.19,413.48,142.69,551.80,0.7492,-1,-1,-1
513,24,1340.90,421.65,212.80,644.11,0.8906,-1,-1,-1
513,54,1037.20,444.36,95.57,233.84,0.6977,-1,-1,-1
513,61,69.35,476.20,129.95,259.21,0.6760,-1,-1,-1
514,3,1778.76,387.95,171.73,516.55,0.8477,-1,-1,-1
514,40,727.34,439.81,102.99,257.61,0.8368,-1,-1,-1
514,39,913.54,442.42,131.42,283.26,0.7453,-1,-1,-1
514,51,1475.34,416.22,137.20,538.08,0.6668,-1,-1,-1
514,24,1340.05,421.82,217.26,645.76,0.8826,-1,-1,-1
514,54,1042.25,442.71,95.98,234.47,0.6858,-1,-1,-1
514,61,55.86,476.32,130.00,256.22,0.7069,-1,-1,-1
515,3,1787.52,385.26,165.74,519.92,0.7958,-1,-1,-1
515,40,729.25,438.95,103.50,257.16,0.8303,-1,-1,-1
515,39,914.58,442.77,133.33,282.20,0.7832,-1,-1,-1
515,51,1483.30,416.48,133.91,528.20,0.5751,-1,-1,-1
515,24,1339.38,420.29,221.49,647.87,0.8863,-1,-1,-1
515,54,1047.93,447.08,94.99,229.16,0.6652,-1,-1,-1
515,61,43.60,476.91,132.22,257.80,0.7638,-1,-1,-1
515,60,1562.77,372.49,260.80,694.74,0.6115,-1,-1,-1
516,3,1793.02,384.77,161.04,527.31,0.7959,-1,-1,-1
516,40,732.10,436.48,104.44,258.59,0.8281,-1,-1,-1
516,39,915.94,440.73,135.03,282.02,0.7722,-1,-1,-1
516,24,1339.46,420.96,224.73,646.91,0.8757,-1,-1,-1
516,54,1050.41,447.43,93.98,226.61,0.6284,-1,-1,-1
516,61,28.81,477.91,134.24,258.88,0.7620,-1,-1,-1
516,63,692.31,449.50,37.99,126.56,0.6568,-1,-1,-1
516,60,1573.10,374.09,262.96,695.43,0.6408,-1,-1,-1
517,3,1803.07,385.08,150.74,516.70,0.7797,-1,-1,-1
517,40,735.49,438.60,103.66,255.74,0.8164,-1,-1,-1
517,39,917.02,439.76,136.07,282.45,0.7654,-1,-1,-1
517,24,1340.75,422.25,227.95,645.32,0.8563,-1,-1,-1
517,61,21.02,487.90,130.60,248.54,0.6824,-1,-1,-1
517,63,688.95,449.65,37.95,126.27,0.6095,-1,-1,-1
517,30,884.48,423.86,74.25,281.79,0.6623,-1,-1,-1
518,3,1810.48,386.09,142.60,512.26,0.7535,-1,-1,-1
518,40,738.02,434.10,104.69,259.43,0.8586,-1,-1,-1
518,39,918.46,437.78,137.69,284.89,0.7304,-1,-1,-1
518,24,1343.31,420.84,232.04,646.83,0.8545,-1,-1,-1
518,61,9.05,482.25,136.16,256.88,0.7422,-1,-1,-1
518,63,686.14,449.47,37.89,125.90,0.5381,-1,-1,-1
518,30,882.92,418.55,76.25,287.21,0.6359,-1,-1,-1
518,54,1057.00,468.45,88.60,207.99,0.6248,-1,-1,-1
519,40,741.01,432.99,104.53,259.83,0.8533,-1,-1,-1
519,39,921.23,439.43,136.29,281.26,0.6317,-1,-1,-1
519,24,1344.99,420.62,235.18,647.14,0.7670,-1,-1,-1
519,61,3.23,487.59,135.19,252.48,0.6451,-1,-1,-1
519,63,683.12,448.65,38.09,125.85,0.6547,-1,-1,-1
519,30,883.35,428.24,73.72,274.04,0.7328,-1,-1,-1
519,54,1056.55,465.88,91.16,211.31,0.5934,-1,-1,-1
519,60,1601.24,377.20,269.23,692.71,0.6622,-1,-1,-1
520,40,744.21,431.30,103.61,259.78,0.8186,-1,-1,-1
520,24,1345.39,418.35,237.95,649.83,0.8180,-1,-1,-1
520,61,-2.06,482.46,141.07,263.25,0.5842,-1,-1,-1
520,63,682.66,448.77,37.80,124.06,0.6819,-1,-1,-1
520,30,884.22,434.52,72.33,265.85,0.7764,-1,-1,-1
520,54,1055.50,463.81,93.24,213.87,0.6903,-1,-1,-1
520,60,1599.95,378.49,273.42,692.29,0.5122,-1,-1,-1
520,3,1830.26,394.20,126.11,483.84,0.6021,-1,-1,-1
521,40,748.52,431.92,102.19,259.61,0.7850,-1,-1,-1
521,24,1345.59,417.94,239.13,649.73,0.8569,-1,-1,-1
521,61,-8.62,481.00,141.01,266.02,0.5353,-1,-1,-1
521,63,681.50,450.34,37.70,123.15,0.6255,-1,-1,-1
521,30,884.95,433.76,73.49,266.64,0.7493,-1,-1,-1
521,54,1053.23,447.35,99.83,230.29,0.6236,-1,-1,-1
521,60,1606.25,377.74,280.20,691.56,0.6760,-1,-1,-1
521,39,938.77,443.42,132.41,276.27,0.6064,-1,-1,-1
522,40,755.58,432.86,98.66,255.58,0.8126,-1,-1,-1
522,24,1349.91,415.02,241.61,653.17,0.8472,-1,-1,-1
522,61,-16.97,478.55,140.82,272.69,0.5735,-1,-1,-1
522,63,680.16,449.16,38.47,124.81,0.6909,-1,-1,-1
522,30,884.62,433.73,74.90,266.79,0.7475,-1,-1,-1
522,54,1053.64,444.62,100.51,233.00,0.7344,-1,-1,-1
522,60,1632.92,377.65,254.74,610.47,0.6192,-1,-1,-1
522,39,946.23,441.34,131.69,277.55,0.7249,-1,-1,-1
523,40,758.88,432.84,97.89,255.98,0.5170,-1,-1,-1
523,24,1354.69,412.88,242.39,655.02,0.8112,-1,-1,-1
523,63,678.45,448.80,39.07,125.74,0.6901,-1,-1,-1
523,30,885.74,424.14,78.78,276.84,0.7431,-1,-1,-1
523,54,1056.02,451.29,97.82,226.37,0.7046,-1,-1,-1
523,60,1615.16,375.77,282.70,665.95,0.6805,-1,-1,-1
523,39,946.70,440.31,130.87,280.22,0.7615,-1,-1,-1
524,40,762.96,430.94,97.71,258.02,0.8384,-1,-1,-1
524,24,1362.93,411.78,241.43,654.38,0.7874,-1,-1,-1
524,63,677.34,449.29,38.91,123.98,0.7032,-1,-1,-1
524,30,886.94,420.57,81.51,281.78,0.7416,-1,-1,-1
524,54,1059.19,453.62,96.46,224.00,0.7162,-1,-1,-1
524,60,1609.58,373.66,294.68,685.17,0.8367,-1,-1,-1
524,39,955.43,442.22,126.47,276.77,0.6790,-1,-1,-1
525,40,764.77,430.55,97.52,258.73,0.8543,-1,-1,-1
525,24,1374.26,411.92,239.45,655.17,0.7999,-1,-1,-1
525,63,676.35,451.63,38.30,120.68,0.6871,-1,-1,-1
525,30,890.64,414.33,84.40,289.48,0.7260,-1,-1,-1
525,54,1062.10,459.31,94.83,219.31,0.7310,-1,-1,-1
525,60,1606.47,369.24,302.82,697.74,0.7452,-1,-1,-1
525,39,960.27,444.41,123.20,275.74,0.6726,-1,-1,-1
525,51,1547.96,412.34,148.09,572.58,0.6319,-1,-1,-1
526,40,767.29,434.56,95.95,254.23,0.8362,-1,-1,-1
526,24,1388.01,411.63,236.53,655.43,0.7691,-1,-1,-1
526,63,675.80,452.48,38.04,118.22,0.6595,-1,-1,-1
526,30,894.75,410.98,85.76,295.33,0.7304,-1,-1,-1
526,54,1066.05,462.85,93.50,215.02,0.6772,-1,-1,-1
526,60,1605.38,361.66,308.56,707.74,0.8457,-1,-1,-1
526,39,968.01,445.79,119.74,277.37,0.6761,-1,-1,-1
526,51,1552.60,410.93,151.46,581.08,0.6130,-1,-1,-1
527,40,773.86,436.27,96.62,252.90,0.7898,-1,-1,-1
527,24,1404.48,412.33,232.34,655.21,0.8150,-1,-1,-1
527,63,673.42,453.51,38.64,117.47,0.5732,-1,-1,-1
527,30,898.20,408.08,86.18,298.64,0.7858,-1,-1,-1
527,54,1070.37,459.25,94.93,217.74,0.7038,-1,-1,-1
527,60,1604.53,363.14,309.74,706.92,0.7225,-1,-1,-1
527,39,975.26,448.38,115.65,276.03,0.7433,-1,-1,-1
527,51,1562.50,410.90,152.12,583.65,0.7537,-1,-1,-1
528,40,781.69,438.11,95.82,249.68,0.7182,-1,-1,-1
528,24,1416.49,412.88,227.89,655.21,0.7765,-1,-1,-1
528,63,673.00,454.75,38.71,115.26,0.6433,-1,-1,-1
528,30,902.17,410.58,84.97,296.56,0.7429,-1,-1,-1
528,54,1073.08,453.74,96.06,222.39,0.7194,-1,-1,-1
528,60,1608.65,380.36,305.04,691.25,0.7460,-1,-1,-1
528,39,980.20,447.48,114.01,279.44,0.7211,-1,-1,-1
528,51,1572.42,412.03,153.87,584.80,0.7388,-1,-1,-1
529,40,789.98,437.63,99.21,250.73,0.7405,-1,-1,-1
529,24,1424.53,412.71,223.64,655.50,0.8399,-1,-1,-1
529,30,907.58,408.05,84.02,298.18,0.8021,-1,-1,-1
529,54,1076.14,450.56,94.72,224.19,0.5994,-1,-1,-1
529,60,1661.29,381.61,264.34,604.45,0.5677,-1,-1,-1
529,39,987.32,445.21,112.43,280.33,0.6612,-1,-1,-1
529,51,1580.25,412.45,156.02,588.90,0.7790,-1,-1,-1
530,40,794.13,436.69,100.81,250.90,0.8003,-1,-1,-1
530,24,1430.79,411.94,219.80,656.52,0.8374,-1,-1,-1
530,30,911.75,405.53,83.25,300.01,0.8276,-1,-1,-1
530,54,1080.60,447.53,93.48,227.40,0.6539,-1,-1,-1
530,60,1576.19,402.70,255.87,605.55,0.6064,-1,-1,-1
530,39,993.56,440.79,111.10,280.96,0.7757,-1,-1,-1
530,51,1582.07,412.23,158.44,594.19,0.7309,-1,-1,-1
530,63,669.62,454.16,39.62,116.09,0.6667,-1,-1,-1
531,40,793.11,435.68,102.64,251.88,0.8269,-1,-1,-1
531,24,1438.24,411.47,216.90,655.67,0.8500,-1,-1,-1
531,30,915.18,405.03,82.25,300.23,0.8197,-1,-1,-1
531,54,1084.16,445.97,92.65,230.35,0.5918,-1,-1,-1
531,39,1001.88,444.98,108.34,275.11,0.7050,-1,-1,-1
531,51,1586.24,414.21,159.63,597.02,0.6997,-1,-1,-1
531,63,668.90,453.63,39.66,115.39,0.6753,-1,-1,-1
532,40,795.08,435.93,104.05,251.85,0.8368,-1,-1,-1
532,24,1447.94,410.88,216.19,656.04,0.8420,-1,-1,-1
532,30,919.66,404.90,81.12,298.83,0.7670,-1,-1,-1
532,39,1007.36,444.70,108.39,275.40,0.8285,-1,-1,-1
532,51,1589.54,413.11,161.45,604.56,0.6641,-1,-1,-1
532,63,666.21,451.95,40.55,117.30,0.6996,-1,-1,-1
532,60,1619.86,374.07,286.89,684.16,0.8224,-1,-1,-1
533,40,797.61,436.69,104.54,250.80,0.8402,-1,-1,-1
533,24,1452.40,411.62,215.84,655.73,0.8839,-1,-1,-1
533,30,922.74,404.59,80.93,298.08,0.7959,-1,-1,-1
533,39,1007.90,445.34,108.67,274.04,0.7791,-1,-1,-1
533,51,1596.03,409.47,165.28,617.01,0.5345,-1,-1,-1
533,63,663.80,451.63,40.94,118.53,0.6844,-1,-1,-1
533,60,1637.37,367.67,291.15,704.47,0.8514,-1,-1,-1
533,54,1087.45,444.23,91.27,233.73,0.6655,-1,-1,-1
534,40,804.05,437.12,105.15,249.20,0.8359,-1,-1,-1
534,24,1454.67,410.96,215.91,656.54,0.9039,-1,-1,-1
534,30,924.89,405.65,81.46,298.59,0.8009,-1,-1,-1
534,39,1011.94,448.91,109.16,271.93,0.7935,-1,-1,-1
534,63,662.44,451.14,40.91,118.46,0.7365,-1,-1,-1
534,60,1677.57,364.33,265.59,659.27,0.6855,-1,-1,-1
534,54,1088.78,443.58,90.08,235.28,0.6315,-1,-1,-1
535,40,806.03,438.00,106.61,248.13,0.8327,-1,-1,-1
535,24,1457.75,412.57,215.79,655.66,0.8323,-1,-1,-1
535,30,928.63,422.87,78.75,281.96,0.7865,-1,-1,-1
535,39,1013.34,443.47,113.52,279.35,0.7814,-1,-1,-1
535,63,661.19,450.67,41.22,119.05,0.7599,-1,-1,-1
535,60,1681.89,365.72,270.97,691.74,0.6383,-1,-1,-1
535,51,1613.17,411.87,167.60,615.31,0.8498,-1,-1,-1
536,40,807.12,437.22,107.82,248.14,0.8064,-1,-1,-1
536,24,1459.15,413.53,215.75,654.31,0.8917,-1,-1,-1
536,30,928.31,429.31,79.31,275.56,0.7719,-1,-1,-1
536,39,1016.02,447.47,114.47,276.09,0.7878,-1,-1,-1
536,63,660.37,450.79,41.20,118.59,0.6794,-1,-1,-1
536,60,1696.44,365.51,266.22,705.29,0.8684,-1,-1,-1
537,40,808.34,437.19,108.80,248.40,0.8257,-1,-1,-1
537,24,1466.11,414.10,216.85,651.83,0.8584,-1,-1,-1
537,30,929.11,435.91,79.74,268.59,0.7755,-1,-1,-1
537,39,1018.07,454.27,114.29,269.50,0.7516,-1,-1,-1
537,63,659.54,451.02,41.23,118.01,0.7285,-1,-1,-1
537,60,1710.94,367.20,257.21,709.80,0.8646,-1,-1,-1
538,40,808.46,436.11,109.51,248.00,0.8266,-1,-1,-1
538,24,1467.53,413.72,218.24,651.87,0.8710,-1,-1,-1
538,30,927.70,430.49,83.58,274.78,0.7787,-1,-1,-1
538,39,1018.33,449.30,117.11,273.60,0.7766,-1,-1,-1
538,63,658.49,451.96,41.34,117.09,0.7013,-1,-1,-1
538,60,1721.07,368.13,247.76,712.49,0.8557,-1,-1,-1
539,40,809.59,435.19,110.76,249.99,0.8180,-1,-1,-1
539,24,1469.74,413.21,219.97,652.88,0.8760,-1,-1,-1
539,30,927.27,425.39,86.93,280.30,0.7754,-1,-1,-1
539,39,1017.64,442.27,120.76,280.41,0.7675,-1,-1,-1
539,63,656.66,453.10,41.32,116.05,0.6980,-1,-1,-1
539,60,1731.94,380.89,233.59,698.52,0.8002,-1,-1,-1
540,40,812.99,434.48,110.42,249.57,0.7990,-1,-1,-1
540,24,1472.38,414.07,221.20,653.51,0.8674,-1,-1,-1
540,30,928.62,425.80,89.02,280.83,0.7607,-1,-1,-1
540,39,1021.36,440.73,122.19,283.40,0.6504,-1,-1,-1
540,63,654.24,454.26,40.72,114.18,0.7372,-1,-1,-1
540,60,1742.40,401.06,217.92,675.75,0.8279,-1,-1,-1
541,40,815.24,433.59,111.07,251.00,0.7769,-1,-1,-1
541,24,1477.05,412.29,223.93,657.98,0.8499,-1,-1,-1
541,30,932.37,421.40,93.24,285.51,0.7230,-1,-1,-1
541,39,1022.53,437.51,123.71,287.31,0.6395,-1,-1,-1
541,63,653.34,455.27,40.54,113.49,0.6620,-1,-1,-1
541,60,1748.26,393.17,212.03,683.57,0.8397,-1,-1,-1
541,51,1650.58,406.81,171.60,618.12,0.7676,-1,-1,-1
542,40,819.31,435.50,110.17,249.30,0.7703,-1,-1,-1
542,24,1489.89,410.77,228.14,659.32,0.8363,-1,-1,-1
542,30,932.02,416.41,97.31,291.73,0.7553,-1,-1,-1
542,39,1025.45,435.45,123.59,288.09,0.5782,-1,-1,-1
542,63,653.31,455.91,40.71,113.78,0.6839,-1,-1,-1
542,60,1756.93,389.94,204.01,685.85,0.7717,-1,-1,-1
542,51,1653.08,404.62,174.20,616.06,0.5054,-1,-1,-1
543,40,822.97,434.69,109.65,249.56,0.7432,-1,-1,-1
543,24,1501.20,410.03,231.89,658.36,0.7297,-1,-1,-1
543,30,931.67,422.64,97.15,283.81,0.7525,-1,-1,-1
543,63,653.63,456.39,40.80,113.86,0.7154,-1,-1,-1
543,60,1765.55,386.77,195.91,688.25,0.6508,-1,-1,-1
544,40,828.79,435.72,107.54,247.84,0.7586,-1,-1,-1
544,24,1533.27,408.13,242.19,657.64,0.6115,-1,-1,-1
544,30,934.05,433.34,96.66,272.09,0.7410,-1,-1,-1
544,63,653.49,456.13,40.89,113.81,0.7368,-1,-1,-1
544,60,1772.34,386.30,187.62,688.17,0.5762,-1,-1,-1
545,40,836.84,435.45,105.18,246.46,0.7432,-1,-1,-1
545,24,1549.06,407.20,249.83,658.17,0.5362,-1,-1,-1
545,30,937.27,435.32,99.36,270.83,0.6683,-1,-1,-1
545,63,654.03,454.43,41.43,114.42,0.7514,-1,-1,-1
546,40,847.34,433.68,102.43,246.88,0.7986,-1,-1,-1
546,24,1560.29,405.90,255.15,658.14,0.5192,-1,-1,-1
546,30,940.08,435.95,101.06,269.11,0.7074,-1,-1,-1
546,63,653.93,454.52,41.30,113.42,0.7413,-1,-1,-1
547,40,854.45,435.77,98.47,244.09,0.7410,-1,-1,-1
547,24,1537.65,406.20,249.69,657.80,0.6901,-1,-1,-1
547,30,942.58,433.63,103.83,271.89,0.6719,-1,-1,-1
547,63,653.22,454.55,40.99,112.36,0.7359,-1,-1,-1
547,51,1670.76,404.22,176.12,614.52,0.6695,-1,-1,-1
547,60,1793.87,476.86,156.79,601.04,0.6514,-1,-1,-1
548,40,859.11,435.90,95.22,241.91,0.6472,-1,-1,-1
548,24,1529.26,407.16,245.42,661.73,0.7855,-1,-1,-1
548,63,651.73,454.75,40.01,110.23,0.7225,-1,-1,-1
548,51,1673.76,406.46,178.54,612.32,0.7017,-1,-1,-1
548,60,1798.68,463.26,152.10,612.67,0.5438,-1,-1,-1
549,24,1530.04,407.24,240.05,659.91,0.8182,-1,-1,-1
549,63,650.59,454.95,39.52,108.95,0.7628,-1,-1,-1
549,51,1681.52,406.54,180.72,613.38,0.7438,-1,-1,-1
549,30,947.78,426.39,106.22,277.37,0.6416,-1,-1,-1
550,24,1535.03,407.57,235.11,657.54,0.8300,-1,-1,-1
550,63,650.48,455.27,39.22,108.40,0.7682,-1,-1,-1
550,51,1689.04,405.48,183.11,616.53,0.7999,-1,-1,-1
550,30,954.41,420.45,107.79,281.92,0.7320,-1,-1,-1
550,40,868.79,436.35,93.89,243.64,0.7723,-1,-1,-1
551,24,1540.97,408.19,232.90,660.44,0.8235,-1,-1,-1
551,63,650.04,455.91,38.88,107.51,0.7409,-1,-1,-1
551,51,1695.91,404.33,183.62,614.59,0.7725,-1,-1,-1
551,30,958.31,413.92,108.54,287.13,0.7201,-1,-1,-1
551,40,870.73,434.73,93.25,246.97,0.7951,-1,-1,-1
552,24,1547.50,408.09,232.27,665.33,0.9048,-1,-1,-1
552,63,649.55,456.06,39.19,107.81,0.7004,-1,-1,-1
552,51,1700.99,404.48,183.85,612.96,0.8147,-1,-1,-1
552,30,964.81,415.28,105.12,283.86,0.6579,-1,-1,-1
552,40,875.76,433.04,92.60,250.34,0.7963,-1,-1,-1
552,64,714.18,448.62,31.12,97.06,0.6715,-1,-1,-1
553,24,1553.41,409.34,230.69,665.04,0.8623,-1,-1,-1
553,63,648.73,455.23,39.76,108.70,0.7132,-1,-1,-1
553,30,973.78,417.68,100.67,278.06,0.7497,-1,-1,-1
553,40,881.14,432.99,91.72,250.01,0.8137,-1,-1,-1
553,64,715.64,448.32,31.08,96.84,0.6458,-1,-1,-1
554,24,1572.43,410.27,234.51,662.63,0.6941,-1,-1,-1
554,63,647.07,454.27,40.17,108.86,0.6634,-1,-1,-1
554,30,977.72,413.56,101.68,286.09,0.7166,-1,-1,-1
554,40,884.89,432.12,91.64,250.84,0.8101,-1,-1,-1
554,64,715.63,448.09,30.91,96.14,0.6978,-1,-1,-1
555,24,1571.68,409.71,236.54,663.07,0.7053,-1,-1,-1
555,63,645.91,455.44,40.00,107.75,0.6904,-1,-1,-1
555,30,983.29,411.04,100.58,288.58,0.6880,-1,-1,-1
555,40,886.26,432.17,91.27,250.84,0.7956,-1,-1,-1
555,64,715.28,447.73,31.00,96.20,0.7084,-1,-1,-1
556,24,1573.40,407.61,239.17,662.84,0.6758,-1,-1,-1
556,63,644.58,456.12,40.30,108.01,0.7134,-1,-1,-1
556,30,990.69,411.07,99.33,288.60,0.7552,-1,-1,-1
556,40,886.96,433.24,90.78,249.87,0.8414,-1,-1,-1
556,64,715.28,448.21,31.27,96.76,0.7007,-1,-1,-1
556,65,583.97,450.80,31.81,87.80,0.6639,-1,-1,-1
557,24,1570.55,407.57,240.69,662.39,0.7832,-1,-1,-1
557,63,643.82,456.76,40.44,108.08,0.7318,-1,-1,-1
557,30,991.87,419.86,95.82,277.55,0.6941,-1,-1,-1
557,40,889.72,434.73,90.40,249.04,0.8324,-1,-1,-1
557,64,714.88,448.37,31.92,98.23,0.7208,-1,-1,-1
557,65,583.96,451.34,31.60,87.18,0.6169,-1,-1,-1
557,39,1087.76,439.64,121.73,283.93,0.7395,-1,-1,-1
558,24,1580.39,406.11,247.07,665.03,0.8711,-1,-1,-1
558,63,643.89,459.22,39.47,105.09,0.6882,-1,-1,-1
558,30,991.29,430.48,93.85,266.56,0.7370,-1,-1,-1
558,40,890.52,435.23,90.18,248.66,0.8196,-1,-1,-1
558,64,714.26,447.60,32.65,99.62,0.7278,-1,-1,-1
558,65,584.46,452.91,31.08,85.65,0.6637,-1,-1,-1
558,39,1090.49,438.60,121.33,285.10,0.8114,-1,-1,-1
559,24,1581.71,405.36,252.03,665.92,0.8670,-1,-1,-1
559,63,644.30,460.91,38.71,102.77,0.6740,-1,-1,-1
559,30,994.01,431.17,94.96,266.19,0.6773,-1,-1,-1
559,40,891.60,436.74,89.86,247.23,0.8173,-1,-1,-1
559,64,714.19,447.16,32.94,99.59,0.7378,-1,-1,-1
559,65,584.96,454.09,30.62,84.26,0.6592,-1,-1,-1
559,39,1092.22,435.81,121.89,286.95,0.8048,-1,-1,-1
560,24,1585.38,403.15,258.02,668.19,0.9023,-1,-1,-1
560,63,643.57,460.11,38.44,102.51,0.7081,-1,-1,-1
560,30,1002.86,424.36,97.96,271.19,0.7373,-1,-1,-1
560,40,892.10,435.53,90.36,247.54,0.8198,-1,-1,-1
560,64,714.70,447.59,32.93,98.92,0.7432,-1,-1,-1
560,65,585.37,454.73,30.37,83.43,0.6015,-1,-1,-1
560,39,1095.88,435.86,121.05,286.34,0.7471,-1,-1,-1
561,24,1583.36,403.09,260.60,667.75,0.8067,-1,-1,-1
561,63,642.02,458.02,38.79,104.38,0.6822,-1,-1,-1
561,30,1007.99,425.14,99.16,270.22,0.7542,-1,-1,-1
561,40,899.40,435.61,89.74,246.79,0.7513,-1,-1,-1
561,64,714.48,448.35,33.24,98.86,0.7260,-1,-1,-1
561,65,585.70,453.65,30.66,84.02,0.5384,-1,-1,-1
561,39,1099.57,438.23,118.17,281.51,0.7427,-1,-1,-1
562,24,1589.37,401.94,265.06,668.70,0.8612,-1,-1,-1
562,63,641.88,457.89,38.43,104.18,0.6418,-1,-1,-1
562,30,1008.72,419.98,102.06,275.28,0.7429,-1,-1,-1
562,40,906.31,435.36,88.70,245.75,0.7766,-1,-1,-1
562,64,714.89,448.80,33.27,98.15,0.6749,-1,-1,-1
562,65,585.48,452.88,31.24,85.44,0.5591,-1,-1,-1
562,39,1104.14,438.35,116.80,279.86,0.7881,-1,-1,-1
563,24,1597.19,401.77,269.95,668.10,0.8631,-1,-1,-1
563,63,640.88,457.61,38.00,104.04,0.6616,-1,-1,-1
563,30,1009.38,418.99,103.91,276.45,0.7413,-1,-1,-1
563,40,909.55,434.96,88.74,247.41,0.7855,-1,-1,-1
563,64,716.38,449.04,33.51,97.90,0.6275,-1,-1,-1
563,39,1108.46,439.67,114.51,275.78,0.7567,-1,-1,-1
564,24,1606.30,400.40,275.97,668.74,0.8579,-1,-1,-1
564,63,640.77,456.58,38.14,105.31,0.6055,-1,-1,-1
564,30,1012.20,425.03,102.55,269.01,0.7165,-1,-1,-1
564,40,912.55,432.93,88.53,248.23,0.6868,-1,-1,-1
564,64,716.78,448.72,33.81,98.16,0.6014,-1,-1,-1
564,39,1111.72,435.77,114.72,277.13,0.7511,-1,-1,-1
565,24,1602.75,400.78,277.09,668.54,0.7493,-1,-1,-1
565,63,641.07,456.20,37.95,105.46,0.6585,-1,-1,-1
565,30,1013.21,430.65,102.55,263.98,0.6833,-1,-1,-1
565,40,917.35,433.50,86.54,244.53,0.7261,-1,-1,-1
565,64,716.88,448.55,33.98,97.88,0.6241,-1,-1,-1
565,39,1115.07,433.47,114.76,278.40,0.7035,-1,-1,-1
565,51,1757.61,394.73,185.95,659.43,0.7515,-1,-1,-1
566,24,1613.64,399.78,280.12,670.86,0.8271,-1,-1,-1
566,63,640.51,454.56,38.33,107.39,0.6512,-1,-1,-1
566,30,1013.79,432.23,103.99,263.56,0.7373,-1,-1,-1
566,40,926.46,433.22,85.42,240.66,0.6813,-1,-1,-1
566,64,717.90,448.83,34.03,97.41,0.6424,-1,-1,-1
566,39,1119.27,437.52,113.68,276.93,0.5648,-1,-1,-1
567,24,1627.11,398.85,280.75,671.70,0.8927,-1,-1,-1
567,63,639.94,453.99,38.09,107.94,0.5998,-1,-1,-1
567,30,1015.07,436.67,104.80,260.45,0.7712,-1,-1,-1
567,40,931.70,431.61,85.24,240.17,0.6639,-1,-1,-1
567,64,718.58,448.29,34.46,98.28,0.6160,-1,-1,-1
567,39,1121.41,433.65,114.56,280.18,0.6836,-1,-1,-1
568,24,1639.09,399.60,278.80,671.41,0.8865,-1,-1,-1
568,63,639.48,455.24,36.98,106.13,0.6162,-1,-1,-1
568,30,1017.07,430.86,110.86,268.48,0.7667,-1,-1,-1
568,40,938.41,431.48,84.55,240.99,0.6648,-1,-1,-1
568,64,719.28,447.66,35.02,99.41,0.6122,-1,-1,-1
568,39,1125.25,432.66,113.70,279.72,0.7092,-1,-1,-1
569,24,1641.40,400.33,274.86,672.40,0.8851,-1,-1,-1
569,63,639.73,455.46,36.49,105.46,0.6943,-1,-1,-1
569,30,1018.76,432.35,113.30,267.94,0.7925,-1,-1,-1
569,40,942.30,433.94,83.02,238.42,0.7558,-1,-1,-1
569,64,719.46,447.56,35.38,99.92,0.6149,-1,-1,-1
569,39,1131.10,432.66,113.25,278.38,0.6221,-1,-1,-1
570,24,1646.90,401.75,270.61,670.46,0.8550,-1,-1,-1
570,63,638.16,455.22,36.08,105.29,0.6767,-1,-1,-1
570,30,1018.14,434.15,115.33,267.29,0.7770,-1,-1,-1
570,40,944.82,434.58,82.86,238.62,0.7486,-1,-1,-1
570,64,718.83,446.28,36.30,101.90,0.6912,-1,-1,-1
570,39,1138.23,432.90,114.89,280.75,0.7512,-1,-1,-1
571,24,1657.04,401.12,269.44,671.85,0.8908,-1,-1,-1
571,63,637.97,456.23,35.61,104.43,0.6357,-1,-1,-1
571,30,1017.73,428.51,118.54,271.91,0.7620,-1,-1,-1
571,40,946.96,435.24,83.10,240.11,0.7321,-1,-1,-1
571,64,718.38,444.39,37.18,103.45,0.7461,-1,-1,-1
571,39,1148.01,431.11,117.17,282.73,0.6785,-1,-1,-1
572,24,1663.19,401.86,266.92,670.41,0.8933,-1,-1,-1
572,63,636.70,456.46,35.23,103.70,0.6904,-1,-1,-1
572,30,1018.28,431.11,118.64,269.59,0.7564,-1,-1,-1
572,40,948.26,435.59,82.87,239.69,0.7270,-1,-1,-1
572,64,718.08,443.05,38.20,105.57,0.7915,-1,-1,-1
572,39,1152.68,431.02,119.20,284.07,0.8261,-1,-1,-1
573,24,1666.93,401.98,264.43,669.21,0.9136,-1,-1,-1
573,63,636.05,456.58,34.83,102.87,0.7465,-1,-1,-1
573,30,1019.58,430.89,118.29,267.22,0.6738,-1,-1,-1
573,40,949.28,434.84,84.54,241.50,0.6914,-1,-1,-1
573,64,718.44,443.61,38.41,105.42,0.7207,-1,-1,-1
573,39,1158.44,433.79,120.12,281.46,0.7875,-1,-1,-1
574,24,1668.23,399.87,263.79,672.95,0.9129,-1,-1,-1
574,63,635.58,457.03,34.28,101.60,0.7269,-1,-1,-1
574,30,1026.16,431.45,116.63,265.14,0.5976,-1,-1,-1
574,40,957.16,435.00,88.16,247.13,0.6975,-1,-1,-1
574,64,718.44,443.27,38.96,106.70,0.5501,-1,-1,-1
574,39,1161.01,435.82,121.51,279.70,0.7973,-1,-1,-1
575,24,1669.20,398.84,262.46,674.59,0.9113,-1,-1,-1
575,63,634.82,456.11,34.42,102.47,0.7541,-1,-1,-1
575,30,1029.03,427.97,116.87,268.28,0.5902,-1,-1,-1
575,40,961.10,435.32,89.31,246.48,0.6491,-1,-1,-1
575,64,718.28,443.35,39.12,106.80,0.6618,-1,-1,-1
575,39,1162.49,437.69,122.80,278.34,0.7665,-1,-1,-1
576,24,1669.38,398.65,260.97,674.97,0.9056,-1,-1,-1
576,63,634.28,455.44,34.30,102.58,0.6944,-1,-1,-1
576,30,1032.64,427.56,115.48,268.23,0.6696,-1,-1,-1
576,40,963.83,435.36,91.19,246.26,0.6552,-1,-1,-1
576,64,718.64,444.15,39.12,106.66,0.6813,-1,-1,-1
576,39,1164.44,438.09,123.99,277.50,0.7620,-1,-1,-1
577,24,1669.55,399.30,259.47,674.77,0.9100,-1,-1,-1
577,63,633.64,453.14,35.28,105.47,0.7231,-1,-1,-1
577,30,1037.30,427.66,112.92,266.99,0.7121,-1,-1,-1
577,40,966.34,435.54,92.93,245.50,0.6946,-1,-1,-1
577,64,718.82,445.24,38.94,106.19,0.6643,-1,-1,-1
577,39,1163.52,437.31,125.96,278.50,0.7774,-1,-1,-1
578,24,1668.94,398.99,258.69,675.79,0.9055,-1,-1,-1
578,63,632.94,450.61,35.70,107.51,0.8312,-1,-1,-1
578,30,1040.93,429.46,109.64,263.44,0.6573,-1,-1,-1
578,40,964.20,439.41,90.18,235.97,0.7286,-1,-1,-1
578,64,718.92,445.28,39.14,106.34,0.7608,-1,-1,-1
578,39,1162.32,436.06,126.91,278.93,0.7535,-1,-1,-1
579,24,1669.15,400.12,257.42,675.18,0.8987,-1,-1,-1
579,63,632.16,448.97,35.92,108.99,0.7973,-1,-1,-1
579,30,1044.85,430.44,107.95,264.90,0.7016,-1,-1,-1
579,40,964.83,440.46,89.86,232.17,0.8165,-1,-1,-1
579,64,719.20,445.61,39.05,105.92,0.7217,-1,-1,-1
579,39,1161.58,436.92,126.33,276.72,0.6390,-1,-1,-1
580,24,1669.89,401.23,256.24,674.84,0.9072,-1,-1,-1
580,63,632.21,449.37,36.01,108.53,0.7655,-1,-1,-1
580,30,1047.23,435.04,105.12,261.65,0.7649,-1,-1,-1
580,40,964.03,438.05,91.83,235.05,0.8327,-1,-1,-1
580,64,719.36,445.48,39.23,106.52,0.6619,-1,-1,-1
580,39,1162.45,440.71,125.75,273.41,0.7344,-1,-1,-1
581,24,1669.73,402.86,255.06,673.56,0.9074,-1,-1,-1
581,63,632.75,452.87,35.17,104.93,0.7301,-1,-1,-1
581,30,1051.62,438.43,103.48,259.89,0.8135,-1,-1,-1
581,40,963.58,436.03,93.30,236.43,0.8372,-1,-1,-1
581,64,719.54,445.73,38.88,105.88,0.5426,-1,-1,-1
581,39,1163.85,440.38,126.69,274.00,0.6798,-1,-1,-1
582,24,1669.77,403.35,254.54,674.09,0.9087,-1,-1,-1
582,63,632.74,453.79,34.74,103.54,0.6703,-1,-1,-1
582,30,1057.21,436.63,102.67,261.86,0.7631,-1,-1,-1
582,40,964.73,436.33,94.91,235.87,0.8105,-1,-1,-1
582,39,1177.26,439.58,124.68,274.29,0.7761,-1,-1,-1
583,24,1669.59,400.67,254.84,677.06,0.9073,-1,-1,-1
583,63,632.62,454.47,34.55,102.64,0.6007,-1,-1,-1
583,30,1064.53,433.16,100.86,263.58,0.7668,-1,-1,-1
583,40,968.49,436.78,95.77,235.04,0.7781,-1,-1,-1
583,39,1185.32,440.14,122.30,273.46,0.8051,-1,-1,-1
584,24,1669.83,396.16,255.29,681.07,0.9063,-1,-1,-1
584,63,632.06,455.11,34.47,102.09,0.5384,-1,-1,-1
584,30,1070.56,433.65,97.89,262.27,0.7249,-1,-1,-1
584,40,970.99,437.54,96.77,235.40,0.7844,-1,-1,-1
584,39,1190.52,440.99,119.11,271.04,0.7811,-1,-1,-1
585,24,1670.91,394.89,254.54,681.97,0.8926,-1,-1,-1
585,30,1075.33,436.81,94.23,258.38,0.7130,-1,-1,-1
585,40,972.71,436.57,97.69,235.97,0.7977,-1,-1,-1
585,39,1195.99,441.08,116.64,269.05,0.8010,-1,-1,-1
585,64,722.88,445.29,38.41,105.82,0.6262,-1,-1,-1
586,24,1672.97,393.27,253.43,682.66,0.8943,-1,-1,-1
586,30,1077.54,435.65,93.06,260.83,0.7335,-1,-1,-1
586,40,977.82,440.53,96.88,233.58,0.8172,-1,-1,-1
586,39,1202.15,440.14,115.26,268.46,0.8177,-1,-1,-1
586,64,724.15,444.77,38.12,105.99,0.6930,-1,-1,-1
587,30,1078.60,429.89,93.54,267.23,0.7308,-1,-1,-1
587,40,982.13,443.68,94.80,228.16,0.7903,-1,-1,-1
587,39,1206.14,437.45,114.95,271.57,0.6167,-1,-1,-1
587,64,724.58,444.25,38.06,106.63,0.6998,-1,-1,-1
588,30,1082.06,422.56,94.87,274.23,0.7651,-1,-1,-1
588,40,986.75,446.05,92.65,223.63,0.7761,-1,-1,-1
588,39,1209.08,435.94,115.05,274.90,0.8384,-1,-1,-1
588,64,724.77,444.30,37.88,106.87,0.7045,-1,-1,-1
588,24,1679.45,387.85,251.63,685.36,0.8864,-1,-1,-1
589,30,1087.04,421.02,94.80,275.39,0.7512,-1,-1,-1
589,40,992.50,446.54,91.31,222.55,0.7921,-1,-1,-1
589,39,1211.74,435.84,113.83,274.84,0.8433,-1,-1,-1
589,64,724.66,443.66,37.99,107.87,0.6797,-1,-1,-1
589,24,1685.92,388.24,247.40,682.91,0.7699,-1,-1,-1
589,63,625.21,452.04,35.64,105.40,0.6338,-1,-1,-1
590,30,1090.73,428.44,92.33,267.48,0.7193,-1,-1,-1
590,40,999.86,446.73,89.54,221.42,0.8169,-1,-1,-1
590,39,1214.70,434.52,113.29,276.29,0.8470,-1,-1,-1
590,64,725.12,444.20,37.55,107.39,0.6677,-1,-1,-1
590,24,1695.28,397.95,240.13,673.26,0.7245,-1,-1,-1
590,63,624.12,450.69,35.98,106.64,0.6218,-1,-1,-1
591,30,1091.85,420.04,95.66,276.18,0.7770,-1,-1,-1
591,40,1005.46,444.26,88.96,222.84,0.7859,-1,-1,-1
591,39,1218.81,434.65,112.53,276.23,0.8360,-1,-1,-1
591,64,725.66,444.62,37.11,107.12,0.6992,-1,-1,-1
591,24,1717.21,457.57,216.21,614.35,0.6016,-1,-1,-1
591,63,623.44,449.77,36.00,107.27,0.6730,-1,-1,-1
592,30,1093.89,416.46,97.52,279.03,0.7772,-1,-1,-1
592,40,1008.29,443.50,87.49,221.66,0.8066,-1,-1,-1
592,39,1224.65,436.51,111.77,274.63,0.7314,-1,-1,-1
592,64,726.19,445.58,36.56,106.24,0.6776,-1,-1,-1
592,24,1736.41,487.69,201.15,584.24,0.6490,-1,-1,-1
592,63,623.56,449.07,36.18,108.13,0.6310,-1,-1,-1
593,30,1094.66,414.65,98.73,281.28,0.7904,-1,-1,-1
593,40,1011.21,440.07,87.90,225.15,0.7681,-1,-1,-1
593,39,1230.43,438.15,111.80,275.14,0.8362,-1,-1,-1
593,64,726.55,446.22,36.28,105.66,0.6446,-1,-1,-1
593,63,623.46,448.92,36.18,108.10,0.6247,-1,-1,-1
594,30,1093.92,412.33,99.86,283.86,0.7620,-1,-1,-1
594,40,1015.67,436.89,87.67,228.18,0.7868,-1,-1,-1
594,39,1235.32,439.80,111.44,273.93,0.8524,-1,-1,-1
594,64,726.98,446.08,36.24,105.79,0.6076,-1,-1,-1
594,63,623.36,448.23,36.08,107.77,0.6239,-1,-1,-1
595,40,1018.13,436.41,86.40,227.94,0.8246,-1,-1,-1
595,39,1239.61,438.17,111.87,275.45,0.8684,-1,-1,-1
595,64,727.15,446.53,35.89,105.04,0.6427,-1,-1,-1
595,63,623.76,448.98,35.78,106.45,0.6795,-1,-1,-1
596,40,1020.84,440.32,84.03,223.67,0.8413,-1,-1,-1
596,39,1242.56,436.33,112.49,277.47,0.8631,-1,-1,-1
596,64,727.13,446.30,35.88,105.21,0.6782,-1,-1,-1
596,63,624.48,450.14,35.27,104.35,0.6813,-1,-1,-1
596,30,1097.80,419.81,97.08,275.22,0.7770,-1,-1,-1
597,40,1022.61,442.04,82.91,222.73,0.8577,-1,-1,-1
597,39,1245.01,437.29,111.95,276.49,0.8669,-1,-1,-1
597,64,726.82,445.72,36.35,106.68,0.7234,-1,-1,-1
597,63,624.72,451.12,34.96,103.58,0.5797,-1,-1,-1
598,40,1023.97,442.10,82.80,223.51,0.8580,-1,-1,-1
598,39,1247.85,437.39,111.50,276.24,0.8525,-1,-1,-1
598,64,726.82,445.99,36.68,107.50,0.6904,-1,-1,-1
598,63,624.96,451.51,34.64,103.39,0.5291,-1,-1,-1
598,30,1100.44,423.88,96.43,273.67,0.7785,-1,-1,-1
599,40,1026.24,442.23,83.22,223.88,0.8542,-1,-1,-1
599,39,1250.87,437.63,110.59,275.11,0.7217,-1,-1,-1
599,64,727.24,446.45,36.28,106.52,0.6738,-1,-1,-1
599,63,625.31,452.17,34.30,102.82,0.5181,-1,-1,-1
599,30,1102.84,426.16,95.06,270.57,0.7858,-1,-1,-1
600,40,1028.57,441.81,83.37,223.03,0.8523,-1,-1,-1
600,39,1253.29,437.63,110.10,275.15,0.8470,-1,-1,-1
600,64,726.71,445.04,36.65,107.96,0.7003,-1,-1,-1
600,63,625.54,453.28,34.03,102.43,0.5765,-1,-1,-1
600,30,1106.68,426.71,93.63,268.18,0.8070,-1,-1,-1
600,68,1191.62,441.85,81.55,238.27,0.7443,-1,-1,-1
